Date,Markowitz MVO,Random Forest,Equal Weight,Risk Parity
2015-02-02,1.011836,1.014473,1.014234,1.013953
2015-02-03,1.021838,1.028787,1.029590,1.028501
2015-02-04,1.020939,1.025130,1.025905,1.025013
2015-02-05,1.030973,1.035583,1.037151,1.035760
2015-02-06,1.023897,1.033842,1.035374,1.033743
2015-02-09,1.018810,1.031053,1.033472,1.031479
2015-02-10,1.033442,1.039848,1.043352,1.041222
2015-02-11,1.037878,1.040303,1.044607,1.042570
2015-02-12,1.043513,1.046841,1.055412,1.051489
2015-02-13,1.045106,1.051475,1.058831,1.054526
2015-02-17,1.047190,1.050723,1.060212,1.055513
2015-02-18,1.047124,1.049327,1.057162,1.052938
2015-02-19,1.046922,1.047411,1.054075,1.049926
2015-02-20,1.055244,1.050001,1.061021,1.055914
2015-02-23,1.065512,1.048104,1.062166,1.057265
2015-02-24,1.065113,1.052850,1.066063,1.060754
2015-02-25,1.059417,1.052294,1.064262,1.058989
2015-02-26,1.063163,1.052518,1.064400,1.059369
2015-02-27,1.060662,1.052794,1.061609,1.057523
2015-03-02,1.070731,1.055479,1.068322,1.063563
2015-03-03,1.061147,1.050743,1.062539,1.058086
2015-03-04,1.059332,1.043933,1.057375,1.052367
2015-03-05,1.063098,1.045230,1.058688,1.053341
2015-03-06,1.047938,1.025583,1.041411,1.035969
2015-03-09,1.057677,1.025552,1.046664,1.040541
2015-03-10,1.043289,1.013506,1.031202,1.025068
2015-03-11,1.037102,1.012014,1.029203,1.022600
2015-03-12,1.046732,1.025453,1.041511,1.035372
2015-03-13,1.043860,1.019447,1.036506,1.030094
2015-03-16,1.061060,1.032319,1.050151,1.043677
2015-03-17,1.060578,1.029113,1.046520,1.039927
2015-03-18,1.073433,1.041904,1.060183,1.053582
2015-03-19,1.073947,1.034407,1.053564,1.046673
2015-03-20,1.078317,1.043759,1.062173,1.055019
2015-03-23,1.074818,1.046433,1.060456,1.054337
2015-03-24,1.067822,1.038519,1.053363,1.047269
2015-03-25,1.040747,1.026386,1.035039,1.030435
2015-03-26,1.039910,1.020408,1.032110,1.027246
2015-03-27,1.045442,1.018927,1.033370,1.027999
2015-03-30,1.061517,1.033989,1.049273,1.043478
2015-03-31,1.046583,1.025562,1.037713,1.032551
2015-04-01,1.040285,1.026801,1.037134,1.031941
2015-04-02,1.042480,1.029410,1.040345,1.035418
2015-04-06,1.054008,1.044794,1.050865,1.045373
2015-04-07,1.053819,1.042706,1.048533,1.042709
2015-04-08,1.054995,1.044887,1.048528,1.042671
2015-04-09,1.063817,1.049277,1.052710,1.046316
2015-04-10,1.069560,1.053643,1.058548,1.051728
2015-04-13,1.062661,1.048683,1.054613,1.047680
2015-04-14,1.061322,1.046967,1.058047,1.050720
2015-04-15,1.061838,1.052092,1.064804,1.056497
2015-04-16,1.066183,1.050335,1.065207,1.056878
2015-04-17,1.050928,1.040867,1.053100,1.045471
2015-04-20,1.060586,1.050357,1.062371,1.054691
2015-04-21,1.057616,1.047921,1.057874,1.050763
2015-04-22,1.061911,1.054145,1.063392,1.056090
2015-04-23,1.066265,1.053528,1.064801,1.057003
2015-04-24,1.078041,1.068147,1.071236,1.062634
2015-04-27,1.077396,1.070736,1.071436,1.062899
2015-04-28,1.081285,1.074272,1.075344,1.066094
2015-04-29,1.066688,1.068437,1.070623,1.061175
2015-04-30,1.052720,1.061046,1.060064,1.050854
2015-05-01,1.068427,1.073608,1.071385,1.061882
2015-05-04,1.068576,1.075473,1.073228,1.063490
2015-05-05,1.053144,1.060954,1.061489,1.052227
2015-05-06,1.045825,1.060803,1.056578,1.047644
2015-05-07,1.054553,1.069841,1.061835,1.052385
2015-05-08,1.058332,1.066239,1.069015,1.060203
2015-05-11,1.051829,1.058755,1.064153,1.054755
2015-05-12,1.050709,1.057501,1.061100,1.051426
2015-05-13,1.057949,1.059911,1.064400,1.054259
2015-05-14,1.078674,1.074490,1.078520,1.068079
2015-05-15,1.079679,1.078793,1.081023,1.070867
2015-05-18,1.083123,1.078264,1.081479,1.070958
2015-05-19,1.083467,1.078662,1.081099,1.070642
2015-05-20,1.084462,1.080583,1.081952,1.071434
2015-05-21,1.082217,1.076106,1.082124,1.071597
2015-05-22,1.076774,1.072240,1.079092,1.068396
2015-05-26,1.066050,1.063480,1.069577,1.059123
2015-05-27,1.084857,1.079092,1.080532,1.068738
2015-05-28,1.086615,1.081126,1.080097,1.068465
2015-05-29,1.079151,1.075465,1.072774,1.061369
2015-06-01,1.081132,1.078485,1.075695,1.063826
2015-06-02,1.073632,1.077342,1.072364,1.060888
2015-06-03,1.074221,1.076193,1.073478,1.061772
2015-06-04,1.066770,1.068484,1.066718,1.054478
2015-06-05,1.064499,1.062678,1.065317,1.051799
2015-06-08,1.057487,1.063399,1.062420,1.049712
2015-06-09,1.058549,1.065722,1.063617,1.051082
2015-06-10,1.067915,1.075101,1.073597,1.060435
2015-06-11,1.071622,1.077443,1.076360,1.063078
2015-06-12,1.058176,1.068765,1.066729,1.053825
2015-06-15,1.055387,1.062236,1.060607,1.047439
2015-06-16,1.066674,1.070825,1.069386,1.056332
2015-06-17,1.066085,1.075038,1.071586,1.058822
2015-06-18,1.079508,1.084361,1.082442,1.069492
2015-06-19,1.072781,1.078604,1.075898,1.063090
2015-06-22,1.074473,1.080129,1.079366,1.066119
2015-06-23,1.071955,1.077801,1.077969,1.064619
2015-06-24,1.062830,1.071344,1.069730,1.056923
2015-06-25,1.066970,1.066883,1.067172,1.054420
2015-06-26,1.064981,1.068403,1.066249,1.053754
2015-06-29,1.044302,1.049208,1.045374,1.033672
2015-06-30,1.045782,1.047821,1.046203,1.034200
2015-07-01,1.055950,1.054573,1.053718,1.041758
2015-07-02,1.051892,1.056619,1.053164,1.041584
2015-07-06,1.049961,1.052141,1.048915,1.037593
2015-07-07,1.047275,1.059615,1.052894,1.042874
2015-07-08,1.032001,1.048081,1.038509,1.029042
2015-07-09,1.031590,1.045121,1.037144,1.027403
2015-07-10,1.047851,1.056374,1.049871,1.039903
2015-07-13,1.060036,1.068636,1.061039,1.050503
2015-07-14,1.065038,1.072920,1.067334,1.056532
2015-07-15,1.069003,1.074091,1.068151,1.057290
2015-07-16,1.075256,1.086673,1.074208,1.063284
2015-07-17,1.076028,1.083915,1.072119,1.060804
2015-07-20,1.078861,1.086772,1.072236,1.061371
2015-07-21,1.073385,1.086850,1.067995,1.056512
2015-07-22,1.057812,1.066478,1.058007,1.046907
2015-07-23,1.057070,1.062952,1.053708,1.042865
2015-07-24,1.046506,1.055539,1.042965,1.032431
2015-07-27,1.037208,1.048885,1.035329,1.025340
2015-07-28,1.052595,1.060074,1.050295,1.039638
2015-07-29,1.060501,1.067824,1.057320,1.046377
2015-07-30,1.060000,1.069754,1.054016,1.041897
2015-07-31,1.058762,1.069126,1.050301,1.038478
2015-08-03,1.054940,1.062995,1.047482,1.035823
2015-08-04,1.052878,1.055908,1.044223,1.032271
2015-08-05,1.063841,1.059749,1.049512,1.037105
2015-08-06,1.053594,1.057759,1.046403,1.034321
2015-08-07,1.060158,1.055152,1.052017,1.038191
2015-08-10,1.076896,1.073305,1.069647,1.054963
2015-08-11,1.059448,1.059088,1.057555,1.044046
2015-08-12,1.060119,1.064342,1.059261,1.045820
2015-08-13,1.057976,1.059280,1.056185,1.042698
2015-08-14,1.062973,1.061965,1.059480,1.045545
2015-08-17,1.072961,1.067365,1.064706,1.050593
2015-08-18,1.075498,1.065854,1.063758,1.049352
2015-08-19,1.064101,1.053223,1.053175,1.038970
2015-08-20,1.042364,1.040225,1.035476,1.022809
2015-08-21,1.001619,1.006201,1.001473,0.990244
2015-08-24,0.965390,0.971962,0.963371,0.953146
2015-08-25,0.952126,0.959926,0.949166,0.938871
2015-08-26,0.997414,0.997576,0.987660,0.975929
2015-08-27,1.023248,1.018828,1.011423,0.998439
2015-08-28,1.020973,1.018848,1.011676,0.998693
2015-08-31,1.011257,1.013645,1.005949,0.992964
2015-09-01,0.977548,0.984068,0.974686,0.963132
2015-09-02,1.001783,1.000441,0.992142,0.979328
2015-09-03,1.000540,1.000625,0.992746,0.980263
2015-09-04,0.982868,0.984842,0.974170,0.962184
2015-09-08,1.015557,1.008435,0.998813,0.985644
2015-09-09,1.001134,0.995239,0.984634,0.971568
2015-09-10,1.012210,1.003065,0.990962,0.977431
2015-09-11,1.018782,1.008152,0.994879,0.981219
2015-09-14,1.016821,1.005972,0.992953,0.979436
2015-09-15,1.031176,1.020970,1.007828,0.993914
2015-09-16,1.037388,1.031236,1.016648,1.002689
2015-09-17,1.039916,1.031796,1.012898,0.999228
2015-09-18,1.027460,1.021810,0.997549,0.984630
2015-09-21,1.034642,1.030384,1.005350,0.992012
2015-09-22,1.022010,1.019728,0.993832,0.981090
2015-09-23,1.020670,1.015999,0.989555,0.976655
2015-09-24,1.018378,1.018775,0.985300,0.973559
2015-09-25,1.008779,1.017658,0.987314,0.975830
2015-09-28,0.992221,1.002247,0.971237,0.961017
2015-09-29,1.000704,1.006844,0.976130,0.965951
2015-09-30,1.020429,1.015835,0.989218,0.977674
2015-10-01,1.017994,1.014696,0.987343,0.975364
2015-10-02,1.035982,1.027996,1.000501,0.987905
2015-10-05,1.051653,1.048808,1.020101,1.006937
2015-10-06,1.045876,1.046322,1.020758,1.007313
2015-10-07,1.053519,1.052435,1.027947,1.014805
2015-10-08,1.057878,1.056273,1.034815,1.021910
2015-10-09,1.064559,1.061123,1.036125,1.023350
2015-10-12,1.073467,1.064171,1.039174,1.026144
2015-10-13,1.072957,1.064867,1.036410,1.023211
2015-10-14,1.071128,1.060795,1.033280,1.020206
2015-10-15,1.077553,1.069206,1.044276,1.030849
2015-10-16,1.082680,1.067490,1.046711,1.033381
2015-10-19,1.084292,1.069012,1.046856,1.033475
2015-10-20,1.086554,1.073365,1.051301,1.037725
2015-10-21,1.077746,1.059162,1.042915,1.030055
2015-10-22,1.091759,1.073137,1.063030,1.049988
2015-10-23,1.124126,1.089555,1.079956,1.065282
2015-10-26,1.125320,1.084301,1.077644,1.062674
2015-10-27,1.127884,1.082674,1.075089,1.060246
2015-10-28,1.138099,1.098526,1.087698,1.071362
2015-10-29,1.129940,1.104371,1.086388,1.071386
2015-10-30,1.127727,1.093676,1.082538,1.067382
2015-11-02,1.139682,1.104541,1.095349,1.079103
2015-11-03,1.140050,1.105716,1.097998,1.081452
2015-11-04,1.130633,1.093821,1.092922,1.076451
2015-11-05,1.131791,1.094817,1.092943,1.076599
2015-11-06,1.162338,1.121118,1.103096,1.082905
2015-11-09,1.152487,1.110642,1.089712,1.070091
2015-11-10,1.146405,1.105021,1.088374,1.069291
2015-11-11,1.143532,1.098406,1.086826,1.068312
2015-11-12,1.132361,1.083585,1.070486,1.052484
2015-11-13,1.118117,1.079032,1.063079,1.045684
2015-11-16,1.138333,1.098469,1.082269,1.064625
2015-11-17,1.137703,1.091448,1.076402,1.058897
2015-11-18,1.160772,1.115085,1.094603,1.076206
2015-11-19,1.150842,1.107359,1.093956,1.076343
2015-11-20,1.161615,1.114072,1.096666,1.078068
2015-11-23,1.154518,1.107996,1.092643,1.075015
2015-11-24,1.156348,1.114643,1.096022,1.078611
2015-11-25,1.155821,1.114297,1.093854,1.076200
2015-11-27,1.159919,1.116809,1.097331,1.079504
2015-11-30,1.158586,1.116292,1.094933,1.076214
2015-12-01,1.179197,1.131148,1.105230,1.085791
2015-12-02,1.178187,1.124410,1.094716,1.075599
2015-12-03,1.163345,1.110889,1.081105,1.062895
2015-12-04,1.196668,1.138991,1.106586,1.087501
2015-12-07,1.187740,1.124842,1.097471,1.079931
2015-12-08,1.186582,1.118599,1.086774,1.069272
2015-12-09,1.171690,1.107903,1.078421,1.061781
2015-12-10,1.178592,1.113043,1.081699,1.064660
2015-12-11,1.159893,1.096128,1.064789,1.049155
2015-12-14,1.166448,1.101997,1.070422,1.054706
2015-12-15,1.175306,1.114131,1.084061,1.068104
2015-12-16,1.194593,1.122013,1.101392,1.084832
2015-12-17,1.181843,1.107064,1.084546,1.068728
2015-12-18,1.157606,1.084169,1.064575,1.049231
2015-12-21,1.170582,1.097400,1.074108,1.058032
2015-12-22,1.177786,1.101438,1.084513,1.068233
2015-12-23,1.187292,1.116301,1.098251,1.081545
2015-12-24,1.186352,1.113105,1.095232,1.078559
2015-12-28,1.184698,1.109959,1.092529,1.076045
2015-12-29,1.198993,1.122820,1.103601,1.086533
2015-12-30,1.191095,1.112394,1.095103,1.078360
2015-12-31,1.176511,1.099840,1.083704,1.067159
2016-01-04,1.159804,1.087934,1.070069,1.053923
2016-01-05,1.167196,1.084800,1.072240,1.056495
2016-01-06,1.146927,1.061950,1.057363,1.042944
2016-01-07,1.113409,1.027013,1.029825,1.017582
2016-01-08,1.101573,1.022590,1.020053,1.008113
2016-01-11,1.099637,1.027705,1.019692,1.008086
2016-01-12,1.114063,1.040257,1.027728,1.015783
2016-01-13,1.088929,1.015171,1.009398,0.998844
2016-01-14,1.101762,1.029514,1.022663,1.011669
2016-01-15,1.070317,0.994385,0.998999,0.989686
2016-01-19,1.077883,0.995474,1.003423,0.994945
2016-01-20,1.078240,0.992302,0.992630,0.984085
2016-01-21,1.078034,0.991815,0.996505,0.988790
2016-01-22,1.097759,1.019811,1.018775,1.009791
2016-01-25,1.089686,1.003988,1.002938,0.995377
2016-01-26,1.109633,1.019202,1.024165,1.016713
2016-01-27,1.097441,0.998846,1.014074,1.008105
2016-01-28,1.099243,1.004875,1.022290,1.015921
2016-01-29,1.145244,1.040753,1.051446,1.043109
2016-02-01,1.144454,1.038764,1.049137,1.041532
2016-02-02,1.116996,1.010319,1.024862,1.019129
2016-02-03,1.117750,1.018480,1.039868,1.034498
2016-02-04,1.120430,1.021772,1.048997,1.042415
2016-02-05,1.083642,0.995359,1.035925,1.031108
2016-02-08,1.070829,0.980703,1.023050,1.020572
2016-02-09,1.074875,0.980652,1.024297,1.022159
2016-02-10,1.077774,0.979080,1.018378,1.015861
2016-02-11,1.070614,0.970773,1.002535,1.000765
2016-02-12,1.082546,0.985195,1.023381,1.020082
2016-02-16,1.108727,1.003836,1.041180,1.036188
2016-02-17,1.128907,1.017705,1.054865,1.048708
2016-02-18,1.148337,1.036082,1.057792,1.051496
2016-02-19,1.151880,1.037053,1.056656,1.050341
2016-02-22,1.171926,1.051808,1.068020,1.060775
2016-02-23,1.160629,1.037957,1.053700,1.047687
2016-02-24,1.164834,1.043722,1.056650,1.050557
2016-02-25,1.175453,1.053822,1.067533,1.061093
2016-02-26,1.168530,1.049308,1.063547,1.056196
2016-02-29,1.157865,1.042366,1.055036,1.047947
2016-03-01,1.193715,1.066244,1.086274,1.077047
2016-03-02,1.196251,1.074758,1.091225,1.082071
2016-03-03,1.193585,1.070745,1.097345,1.088069
2016-03-04,1.193666,1.070375,1.103185,1.094051
2016-03-07,1.185835,1.069080,1.103334,1.094542
2016-03-08,1.181950,1.065467,1.094223,1.086975
2016-03-09,1.189510,1.068252,1.098619,1.091360
2016-03-10,1.188375,1.065320,1.097632,1.090966
2016-03-11,1.206467,1.073355,1.110127,1.102225
2016-03-14,1.207943,1.072719,1.108615,1.100609
2016-03-15,1.211569,1.073703,1.109603,1.101645
2016-03-16,1.223857,1.083448,1.116566,1.107839
2016-03-17,1.221864,1.086990,1.126615,1.118452
2016-03-18,1.230504,1.093164,1.133117,1.123575
2016-03-21,1.232716,1.095160,1.133712,1.124218
2016-03-22,1.237255,1.093915,1.132837,1.123166
2016-03-23,1.245778,1.099268,1.131309,1.121803
2016-03-24,1.243519,1.102158,1.131478,1.122274
2016-03-28,1.242908,1.101700,1.133350,1.124115
2016-03-29,1.260897,1.113397,1.144239,1.134903
2016-03-30,1.267680,1.115721,1.150388,1.140410
2016-03-31,1.263141,1.112033,1.147590,1.137482
2016-04-01,1.274955,1.123467,1.156920,1.146501
2016-04-04,1.272317,1.117293,1.153089,1.143349
2016-04-05,1.260771,1.111395,1.142785,1.133706
2016-04-06,1.269354,1.113817,1.148732,1.139485
2016-04-07,1.255454,1.094844,1.132327,1.123820
2016-04-08,1.254777,1.096850,1.136059,1.127654
2016-04-11,1.257391,1.097839,1.136850,1.127342
2016-04-12,1.264269,1.105144,1.146393,1.136261
2016-04-13,1.279532,1.119670,1.161452,1.147948
2016-04-14,1.280651,1.122825,1.163376,1.149422
2016-04-15,1.278588,1.122164,1.162410,1.149139
2016-04-18,1.278451,1.125984,1.166117,1.152953
2016-04-19,1.281539,1.133443,1.176438,1.163498
2016-04-20,1.286597,1.135120,1.174333,1.158895
2016-04-21,1.282119,1.122416,1.164805,1.148477
2016-04-22,1.264397,1.125794,1.164359,1.149930
2016-04-25,1.265700,1.125101,1.163504,1.149814
2016-04-26,1.260474,1.120516,1.162433,1.147668
2016-04-27,1.245481,1.134566,1.162805,1.148403
2016-04-28,1.223574,1.119350,1.150307,1.137260
2016-04-29,1.214747,1.114984,1.146550,1.134190
2016-05-02,1.221941,1.124991,1.154642,1.141892
2016-05-03,1.220368,1.116371,1.145358,1.133542
2016-05-04,1.208160,1.109777,1.137002,1.126896
2016-05-05,1.212372,1.108687,1.136196,1.126291
2016-05-06,1.214393,1.116283,1.141200,1.131398
2016-05-09,1.215320,1.111609,1.137607,1.128561
2016-05-10,1.230315,1.126277,1.152617,1.142504
2016-05-11,1.221746,1.123249,1.144978,1.134823
2016-05-12,1.213511,1.120615,1.143768,1.134521
2016-05-13,1.245152,1.145298,1.144932,1.132927
2016-05-16,1.268837,1.163149,1.158856,1.145976
2016-05-17,1.262054,1.154912,1.151445,1.137845
2016-05-18,1.270358,1.158490,1.155418,1.139346
2016-05-19,1.266485,1.152561,1.147578,1.132198
2016-05-20,1.278585,1.159812,1.151809,1.135520
2016-05-23,1.277055,1.157655,1.151161,1.134694
2016-05-24,1.298027,1.177444,1.165973,1.148317
2016-05-25,1.304941,1.185863,1.175361,1.156858
2016-05-26,1.305655,1.188099,1.173111,1.155142
2016-05-27,1.310509,1.193842,1.177953,1.159794
2016-05-31,1.313108,1.201373,1.177734,1.158887
2016-06-01,1.312172,1.203785,1.179164,1.160405
2016-06-02,1.319056,1.209224,1.182588,1.163972
2016-06-03,1.317065,1.211200,1.181972,1.164789
2016-06-06,1.324200,1.214910,1.189734,1.172202
2016-06-07,1.322861,1.221227,1.192101,1.174948
2016-06-08,1.329566,1.226614,1.197830,1.180659
2016-06-09,1.341779,1.237182,1.202050,1.185409
2016-06-10,1.329993,1.233382,1.195203,1.180572
2016-06-13,1.321736,1.230629,1.187237,1.172833
2016-06-14,1.322326,1.231868,1.183980,1.170705
2016-06-15,1.322348,1.232894,1.183551,1.169847
2016-06-16,1.330052,1.239572,1.190558,1.176901
2016-06-17,1.314576,1.234790,1.184345,1.170764
2016-06-20,1.324039,1.241075,1.190216,1.176079
2016-06-21,1.326142,1.241273,1.194096,1.179615
2016-06-22,1.323553,1.243447,1.192544,1.178264
2016-06-23,1.339806,1.262834,1.208661,1.192958
2016-06-24,1.299438,1.218130,1.163693,1.152106
2016-06-27,1.289986,1.200937,1.147868,1.138033
2016-06-28,1.309899,1.216880,1.167483,1.156393
2016-06-29,1.325497,1.236730,1.185811,1.173591
2016-06-30,1.340811,1.250657,1.201598,1.189272
2016-07-01,1.338498,1.248742,1.201710,1.189629
2016-07-05,1.345205,1.243940,1.196739,1.186663
2016-07-06,1.351149,1.248370,1.202445,1.191422
2016-07-07,1.353533,1.254704,1.201227,1.188824
2016-07-08,1.371514,1.282891,1.220876,1.206564
2016-07-11,1.377915,1.291971,1.225776,1.210583
2016-07-12,1.382369,1.307265,1.236674,1.219394
2016-07-13,1.386060,1.309388,1.240499,1.223446
2016-07-14,1.393469,1.318880,1.247959,1.229390
2016-07-15,1.391106,1.319236,1.248698,1.230307
2016-07-18,1.395038,1.319875,1.250433,1.231711
2016-07-19,1.405940,1.324352,1.251025,1.232831
2016-07-20,1.411591,1.327249,1.256289,1.236506
2016-07-21,1.404039,1.321489,1.251591,1.232439
2016-07-22,1.413264,1.332132,1.256290,1.237313
2016-07-25,1.410397,1.336126,1.253077,1.233764
2016-07-26,1.411371,1.349631,1.256269,1.234499
2016-07-27,1.421368,1.346509,1.256132,1.232801
2016-07-28,1.428557,1.346216,1.257150,1.233968
2016-07-29,1.437706,1.354194,1.260425,1.237566
2016-08-01,1.439692,1.347439,1.255660,1.233029
2016-08-02,1.430330,1.345211,1.250838,1.228958
2016-08-03,1.431859,1.345394,1.255528,1.232178
2016-08-04,1.439393,1.349394,1.257331,1.233448
2016-08-05,1.451179,1.354769,1.266316,1.240203
2016-08-08,1.451578,1.358084,1.268138,1.241395
2016-08-09,1.454025,1.360321,1.269482,1.242792
2016-08-10,1.451131,1.357658,1.265741,1.240072
2016-08-11,1.458761,1.366106,1.271146,1.244817
2016-08-12,1.474283,1.385635,1.276363,1.249195
2016-08-15,1.471718,1.387665,1.280552,1.252589
2016-08-16,1.461772,1.382915,1.276931,1.248195
2016-08-17,1.457946,1.378798,1.277182,1.249426
2016-08-18,1.461439,1.385061,1.279210,1.251174
2016-08-19,1.462169,1.383394,1.278318,1.249773
2016-08-22,1.461265,1.382111,1.277488,1.248554
2016-08-23,1.466388,1.387440,1.280539,1.251577
2016-08-24,1.452573,1.379725,1.274428,1.245977
2016-08-25,1.445472,1.378139,1.273212,1.245024
2016-08-26,1.443523,1.374164,1.268842,1.239938
2016-08-29,1.448763,1.381512,1.275608,1.246863
2016-08-30,1.442847,1.374606,1.273310,1.243754
2016-08-31,1.437783,1.372131,1.270532,1.241481
2016-09-01,1.445444,1.377598,1.272864,1.243773
2016-09-02,1.451413,1.381748,1.278318,1.249413
2016-09-06,1.454393,1.386623,1.281523,1.252935
2016-09-07,1.452093,1.386927,1.280755,1.252035
2016-09-08,1.448453,1.387336,1.278041,1.249067
2016-09-09,1.407385,1.343589,1.246226,1.217973
2016-09-12,1.429830,1.367109,1.264653,1.236404
2016-09-13,1.412568,1.345441,1.248212,1.220108
2016-09-14,1.419986,1.350192,1.252409,1.223556
2016-09-15,1.444419,1.370731,1.268806,1.238623
2016-09-16,1.450990,1.374943,1.265630,1.235754
2016-09-19,1.454549,1.378776,1.265570,1.235135
2016-09-20,1.450961,1.376922,1.264343,1.234462
2016-09-21,1.475209,1.398704,1.276977,1.245651
2016-09-22,1.486851,1.408685,1.286128,1.255183
2016-09-23,1.481167,1.401030,1.277567,1.247101
2016-09-26,1.471718,1.391144,1.268147,1.238233
2016-09-27,1.488994,1.408277,1.278665,1.248015
2016-09-28,1.494146,1.421276,1.290080,1.257773
2016-09-29,1.479457,1.417482,1.279700,1.247806
2016-09-30,1.490359,1.432725,1.291422,1.258762
2016-10-03,1.483894,1.426004,1.286381,1.253560
2016-10-04,1.478142,1.419575,1.280358,1.247076
2016-10-05,1.476917,1.426785,1.285868,1.251123
2016-10-06,1.470578,1.422662,1.285320,1.250636
2016-10-07,1.469241,1.423421,1.277647,1.243794
2016-10-10,1.480293,1.427374,1.283705,1.249011
2016-10-11,1.459568,1.413434,1.270942,1.236879
2016-10-12,1.465545,1.419530,1.275281,1.241342
2016-10-13,1.461570,1.413625,1.272288,1.239172
2016-10-14,1.464040,1.420556,1.275678,1.241483
2016-10-17,1.465317,1.416967,1.273337,1.239760
2016-10-18,1.486703,1.428669,1.283980,1.248715
2016-10-19,1.485654,1.431736,1.287087,1.250882
2016-10-20,1.493574,1.433314,1.285719,1.248443
2016-10-21,1.496960,1.428640,1.285739,1.247021
2016-10-24,1.518184,1.446331,1.294169,1.253924
2016-10-25,1.522702,1.451366,1.295225,1.255617
2016-10-26,1.514260,1.452746,1.293058,1.253499
2016-10-27,1.502918,1.443785,1.285997,1.247523
2016-10-28,1.496061,1.443545,1.283516,1.245215
2016-10-31,1.505852,1.451712,1.285624,1.247211
2016-11-01,1.483429,1.432595,1.273575,1.236121
2016-11-02,1.475742,1.421644,1.265369,1.228239
2016-11-03,1.465711,1.416451,1.260962,1.224394
2016-11-04,1.460261,1.414456,1.257079,1.220316
2016-11-07,1.503886,1.449268,1.288336,1.248744
2016-11-08,1.508409,1.456609,1.293878,1.254699
2016-11-09,1.500371,1.457065,1.305726,1.262887
2016-11-10,1.481386,1.430711,1.302297,1.255680
2016-11-11,1.568288,1.510961,1.326149,1.271546
2016-11-14,1.556325,1.494826,1.327105,1.271907
2016-11-15,1.573921,1.518517,1.339225,1.283225
2016-11-16,1.601626,1.537950,1.341927,1.285099
2016-11-17,1.607841,1.536947,1.344122,1.286068
2016-11-18,1.609215,1.541649,1.342600,1.284096
2016-11-21,1.614241,1.548692,1.350020,1.291443
2016-11-22,1.618541,1.560456,1.356105,1.297072
2016-11-23,1.619111,1.569640,1.362835,1.303169
2016-11-25,1.622754,1.577027,1.366614,1.307902
2016-11-28,1.621333,1.579027,1.364693,1.306657
2016-11-29,1.633132,1.572943,1.370138,1.311358
2016-11-30,1.621436,1.561030,1.368563,1.307212
2016-12-01,1.600787,1.543880,1.365123,1.304011
2016-12-02,1.604964,1.548950,1.363794,1.303509
2016-12-05,1.619779,1.562163,1.373517,1.311272
2016-12-06,1.625480,1.571710,1.378362,1.315238
2016-12-07,1.652322,1.592125,1.401666,1.337076
2016-12-08,1.646772,1.579866,1.400947,1.335657
2016-12-09,1.650964,1.588681,1.409375,1.345426
2016-12-12,1.650692,1.591125,1.410820,1.348857
2016-12-13,1.666640,1.602338,1.421499,1.358112
2016-12-14,1.672938,1.604989,1.413431,1.347932
2016-12-15,1.685384,1.620730,1.422856,1.356284
2016-12-16,1.703469,1.627778,1.424447,1.358698
2016-12-19,1.709739,1.635094,1.429036,1.362470
2016-12-20,1.721745,1.648948,1.433632,1.364775
2016-12-21,1.719522,1.647012,1.430680,1.361664
2016-12-22,1.723791,1.655791,1.432125,1.363170
2016-12-23,1.734675,1.667707,1.436893,1.367289
2016-12-27,1.760486,1.689978,1.445366,1.373168
2016-12-28,1.726475,1.657773,1.429234,1.359750
2016-12-29,1.736945,1.669597,1.432423,1.363129
2016-12-30,1.718946,1.649879,1.425357,1.357299
2017-01-03,1.711962,1.647221,1.430350,1.363594
2017-01-04,1.724628,1.656071,1.433285,1.365648
2017-01-05,1.719514,1.645820,1.429264,1.363529
2017-01-06,1.727502,1.653033,1.434548,1.366942
2017-01-09,1.738069,1.657280,1.431785,1.362580
2017-01-10,1.727912,1.653213,1.427209,1.357528
2017-01-11,1.722372,1.654949,1.430587,1.359965
2017-01-12,1.716868,1.644299,1.426128,1.356971
2017-01-13,1.713905,1.645955,1.426246,1.356726
2017-01-17,1.703219,1.625017,1.419691,1.353669
2017-01-18,1.704425,1.630158,1.419436,1.352759
2017-01-19,1.710654,1.630487,1.416540,1.349638
2017-01-20,1.708033,1.637982,1.424296,1.358207
2017-01-23,1.713908,1.641022,1.423552,1.356856
2017-01-24,1.714067,1.652915,1.426213,1.357082
2017-01-25,1.722879,1.665029,1.435287,1.364466
2017-01-26,1.726951,1.668848,1.434956,1.362170
2017-01-27,1.734285,1.674513,1.439304,1.365442
2017-01-30,1.719725,1.658777,1.429043,1.356916
2017-01-31,1.714611,1.647717,1.421457,1.351391
2017-02-01,1.742155,1.656030,1.425778,1.353184
2017-02-02,1.741973,1.663504,1.424797,1.352639
2017-02-03,1.747593,1.685615,1.437130,1.363080
2017-02-06,1.754459,1.684370,1.434560,1.359694
2017-02-07,1.762261,1.687708,1.436734,1.361800
2017-02-08,1.761025,1.689722,1.436263,1.362332
2017-02-09,1.760543,1.691190,1.441201,1.366079
2017-02-10,1.754314,1.687080,1.443919,1.368212
2017-02-13,1.748628,1.674615,1.449874,1.373813
2017-02-14,1.758888,1.678252,1.453653,1.376241
2017-02-15,1.765454,1.682021,1.461130,1.383797
2017-02-16,1.763017,1.684382,1.461019,1.385549
2017-02-17,1.753300,1.691631,1.460707,1.385802
2017-02-21,1.777684,1.712971,1.471554,1.395626
2017-02-22,1.777126,1.711956,1.470502,1.394774
2017-02-23,1.755149,1.686440,1.464223,1.392680
2017-02-24,1.765157,1.690330,1.465723,1.394991
2017-02-27,1.778803,1.700608,1.472286,1.399363
2017-02-28,1.767836,1.686466,1.467005,1.395549
2017-03-01,1.796973,1.708365,1.488436,1.414202
2017-03-02,1.775540,1.691985,1.474455,1.403738
2017-03-03,1.779539,1.692165,1.476258,1.405016
2017-03-06,1.774716,1.686845,1.473168,1.402085
2017-03-07,1.777756,1.685787,1.472623,1.400845
2017-03-08,1.778153,1.678648,1.466472,1.395376
2017-03-09,1.782833,1.681246,1.464260,1.394142
2017-03-10,1.791393,1.684582,1.469059,1.399042
2017-03-13,1.803010,1.695201,1.473067,1.402446
2017-03-14,1.800289,1.692087,1.469259,1.399034
2017-03-15,1.819343,1.703757,1.484910,1.414306
2017-03-16,1.821753,1.710002,1.483908,1.412985
2017-03-17,1.821998,1.709675,1.483814,1.412584
2017-03-20,1.833008,1.721544,1.489071,1.416559
2017-03-21,1.808301,1.694273,1.469555,1.401470
2017-03-22,1.817449,1.696735,1.470431,1.400856
2017-03-23,1.807130,1.692420,1.468460,1.398942
2017-03-24,1.805883,1.686110,1.464323,1.395119
2017-03-27,1.809654,1.683516,1.461555,1.392620
2017-03-28,1.819338,1.694199,1.472162,1.401834
2017-03-29,1.812448,1.690869,1.469813,1.399471
2017-03-30,1.823765,1.704404,1.478224,1.406226
2017-03-31,1.817115,1.694390,1.472284,1.400817
2017-04-03,1.818907,1.694552,1.471631,1.400908
2017-04-04,1.796264,1.673353,1.470730,1.401973
2017-04-05,1.792435,1.666642,1.466068,1.398025
2017-04-06,1.796170,1.668322,1.471467,1.402398
2017-04-07,1.795557,1.666787,1.470812,1.402113
2017-04-10,1.783961,1.658838,1.471496,1.403214
2017-04-11,1.782249,1.659625,1.470809,1.402903
2017-04-12,1.783057,1.658607,1.467568,1.401759
2017-04-13,1.770287,1.644452,1.455571,1.391396
2017-04-17,1.796208,1.666900,1.470328,1.403901
2017-04-18,1.786081,1.651891,1.462710,1.397957
2017-04-19,1.784319,1.646670,1.456596,1.391998
2017-04-20,1.802141,1.656536,1.468343,1.400873
2017-04-21,1.803840,1.645057,1.466220,1.397682
2017-04-24,1.821283,1.663724,1.486982,1.415296
2017-04-25,1.836691,1.675977,1.503545,1.428227
2017-04-26,1.832335,1.669057,1.501625,1.426400
2017-04-27,1.840787,1.669097,1.499980,1.424221
2017-04-28,1.835317,1.654835,1.495267,1.419852
2017-05-01,1.853518,1.662716,1.501672,1.424652
2017-05-02,1.842372,1.651990,1.498076,1.422259
2017-05-03,1.837309,1.655946,1.497961,1.421819
2017-05-04,1.839253,1.655586,1.496519,1.421445
2017-05-05,1.846411,1.662025,1.504443,1.429247
2017-05-08,1.851685,1.659822,1.506226,1.431297
2017-05-09,1.849356,1.656788,1.502341,1.427052
2017-05-10,1.917001,1.715124,1.523943,1.441681
2017-05-11,1.933197,1.728073,1.528470,1.444526
2017-05-12,1.937750,1.731896,1.527969,1.443850
2017-05-15,1.965236,1.757036,1.540493,1.454038
2017-05-16,1.970799,1.765377,1.543457,1.456044
2017-05-17,1.922263,1.725048,1.514049,1.433179
2017-05-18,1.948059,1.744476,1.521555,1.438816
2017-05-19,1.963895,1.757843,1.532308,1.448013
2017-05-22,1.983049,1.768298,1.540097,1.454770
2017-05-23,1.982705,1.766017,1.545139,1.459151
2017-05-24,1.987926,1.772309,1.551568,1.464968
2017-05-25,1.998183,1.778731,1.557421,1.471117
2017-05-26,2.006518,1.788141,1.560391,1.472848
2017-05-30,2.012941,1.802218,1.560185,1.473564
2017-05-31,2.002053,1.806960,1.554032,1.470260
2017-06-01,2.017101,1.817228,1.564105,1.479355
2017-06-02,2.031075,1.815003,1.570780,1.486071
2017-06-05,2.041899,1.827601,1.571615,1.485950
2017-06-06,2.046293,1.828540,1.573970,1.488397
2017-06-07,2.056949,1.836974,1.576746,1.489923
2017-06-08,2.078820,1.866118,1.583700,1.492183
2017-06-09,2.040465,1.856172,1.584234,1.495499
2017-06-12,2.030576,1.856754,1.582068,1.494228
2017-06-13,2.044347,1.862489,1.587594,1.498027
2017-06-14,2.048937,1.869557,1.588114,1.499482
2017-06-15,2.047597,1.866249,1.588725,1.500553
2017-06-16,2.047494,1.861716,1.591060,1.503462
2017-06-19,2.078117,1.891782,1.605763,1.514552
2017-06-20,2.070539,1.884525,1.596336,1.506214
2017-06-21,2.084881,1.881113,1.590507,1.500472
2017-06-22,2.086356,1.872750,1.587911,1.498479
2017-06-23,2.080281,1.859569,1.588529,1.500402
2017-06-26,2.074316,1.864048,1.590039,1.502346
2017-06-27,2.043293,1.842528,1.575672,1.488867
2017-06-28,2.065641,1.866462,1.591240,1.500647
2017-06-29,2.035554,1.849679,1.575621,1.485738
2017-06-30,2.031432,1.842550,1.578010,1.488315
2017-07-03,2.025427,1.836619,1.583733,1.494699
2017-07-05,2.042440,1.845432,1.587140,1.496217
2017-07-06,2.027159,1.834315,1.575707,1.484824
2017-07-07,2.046044,1.843549,1.583708,1.491215
2017-07-10,2.058554,1.855697,1.587562,1.492239
2017-07-11,2.058960,1.856956,1.587116,1.490688
2017-07-12,2.088420,1.879578,1.599940,1.501548
2017-07-13,2.083173,1.878050,1.601722,1.502776
2017-07-14,2.104900,1.893315,1.610552,1.510732
2017-07-17,2.103215,1.895010,1.610923,1.511440
2017-07-18,2.124848,1.900685,1.613047,1.514669
2017-07-19,2.132800,1.903840,1.620021,1.521549
2017-07-20,2.142301,1.918180,1.622453,1.524450
2017-07-21,2.138394,1.918633,1.619160,1.521749
2017-07-24,2.135370,1.903078,1.618967,1.520406
2017-07-25,2.133730,1.911935,1.631846,1.531172
2017-07-26,2.140804,1.924449,1.635644,1.535313
2017-07-27,2.116329,1.948278,1.636085,1.540869
2017-07-28,2.131557,1.954787,1.637513,1.541724
2017-07-31,2.125780,1.956988,1.636014,1.541085
2017-08-01,2.134498,1.963899,1.643040,1.547059
2017-08-02,2.136110,1.959084,1.647301,1.549877
2017-08-03,2.147916,1.967580,1.649082,1.552086
2017-08-04,2.152298,1.967498,1.656187,1.557162
2017-08-07,2.162224,1.981950,1.661844,1.561149
2017-08-08,2.156712,1.970078,1.658299,1.557974
2017-08-09,2.163483,1.977215,1.659985,1.559416
2017-08-10,2.130877,1.955708,1.638436,1.542606
2017-08-11,2.108992,1.931899,1.631323,1.537500
2017-08-14,2.158745,1.980527,1.657533,1.559014
2017-08-15,2.162358,1.982436,1.659881,1.561810
2017-08-16,2.160364,1.987247,1.660688,1.563428
2017-08-17,2.132968,1.964019,1.638789,1.544265
2017-08-18,2.126132,1.963522,1.638200,1.543195
2017-08-21,2.128612,1.959850,1.638438,1.544925
2017-08-22,2.149640,1.975872,1.653798,1.557361
2017-08-23,2.155676,1.976832,1.652685,1.555370
2017-08-24,2.151698,1.973114,1.650196,1.553050
2017-08-25,2.149474,1.973143,1.653164,1.556323
2017-08-28,2.152992,1.973392,1.652433,1.555416
2017-08-29,2.156860,1.969681,1.654175,1.556790
2017-08-30,2.157303,1.965474,1.656650,1.557193
2017-08-31,2.184214,1.982941,1.667015,1.566376
2017-09-01,2.186343,1.986666,1.669514,1.568166
2017-09-05,2.163864,1.967441,1.655033,1.556947
2017-09-06,2.161552,1.964968,1.656684,1.558435
2017-09-07,2.173770,1.966722,1.659287,1.561432
2017-09-08,2.160227,1.957265,1.654808,1.557638
2017-09-11,2.199146,1.986450,1.677311,1.577433
2017-09-12,2.191085,1.991159,1.681497,1.580263
2017-09-13,2.189445,1.995389,1.681273,1.580432
2017-09-14,2.197037,1.998051,1.681835,1.581217
2017-09-15,2.232884,2.031340,1.695730,1.591906
2017-09-18,2.251876,2.052723,1.704518,1.597990
2017-09-19,2.241967,2.065590,1.710602,1.604107
2017-09-20,2.230705,2.059587,1.709675,1.603071
2017-09-21,2.207737,2.032533,1.699682,1.592961
2017-09-22,2.191747,2.032495,1.696234,1.590742
2017-09-25,2.167057,2.017399,1.688694,1.586480
2017-09-26,2.170582,2.013412,1.689259,1.586249
2017-09-27,2.176864,2.008262,1.692260,1.584993
2017-09-28,2.183798,2.011480,1.698883,1.591187
2017-09-29,2.194630,2.020765,1.703259,1.594490
2017-10-02,2.205139,2.021302,1.710378,1.600612
2017-10-03,2.212285,2.033473,1.717788,1.608299
2017-10-04,2.222870,2.042641,1.721563,1.612389
2017-10-05,2.225953,2.041323,1.728547,1.617250
2017-10-06,2.228219,2.041306,1.728281,1.616648
2017-10-09,2.236581,2.051417,1.728941,1.616762
2017-10-10,2.242458,2.064304,1.733024,1.619930
2017-10-11,2.251239,2.069840,1.737366,1.624199
2017-10-12,2.250581,2.070710,1.737273,1.624144
2017-10-13,2.259335,2.080956,1.740762,1.626528
2017-10-16,2.272493,2.098672,1.751770,1.635341
2017-10-17,2.300271,2.098992,1.757251,1.642621
2017-10-18,2.309897,2.100062,1.761942,1.646163
2017-10-19,2.302075,2.101761,1.759525,1.644960
2017-10-20,2.315941,2.086719,1.767788,1.650230
2017-10-23,2.317493,2.077317,1.764562,1.646939
2017-10-24,2.321347,2.089547,1.773848,1.652400
2017-10-25,2.308672,2.071976,1.766454,1.646984
2017-10-26,2.319320,2.084167,1.777595,1.657275
2017-10-27,2.352651,2.100714,1.795059,1.669751
2017-10-30,2.340256,2.091406,1.786399,1.659676
2017-10-31,2.350085,2.100313,1.787695,1.660536
2017-11-01,2.355035,2.104504,1.791952,1.664368
2017-11-02,2.365974,2.098164,1.796818,1.667945
2017-11-03,2.378348,2.105397,1.801173,1.671512
2017-11-06,2.380287,2.089047,1.797444,1.665412
2017-11-07,2.384481,2.103660,1.800694,1.669676
2017-11-08,2.377823,2.097511,1.800846,1.671376
2017-11-09,2.363496,2.080240,1.792701,1.664740
2017-11-10,2.383030,2.105274,1.797967,1.667652
2017-11-13,2.387100,2.102801,1.800652,1.671232
2017-11-14,2.388447,2.104666,1.797337,1.668621
2017-11-15,2.361765,2.078773,1.780377,1.653232
2017-11-16,2.380223,2.099438,1.794306,1.665572
2017-11-17,2.366222,2.096299,1.787259,1.658703
2017-11-20,2.377526,2.109834,1.794045,1.664260
2017-11-21,2.399523,2.120272,1.806361,1.675243
2017-11-22,2.385307,2.124289,1.805177,1.674837
2017-11-24,2.396451,2.127863,1.809009,1.678437
2017-11-27,2.393156,2.131484,1.808995,1.680036
2017-11-28,2.410183,2.146862,1.828739,1.698555
2017-11-29,2.388869,2.125514,1.823882,1.697203
2017-11-30,2.418512,2.159051,1.846985,1.717375
2017-12-01,2.406776,2.150840,1.845000,1.716707
2017-12-04,2.362951,2.131102,1.835856,1.711532
2017-12-05,2.351515,2.129349,1.826952,1.703351
2017-12-06,2.360017,2.130575,1.826278,1.702891
2017-12-07,2.371526,2.131131,1.829424,1.702952
2017-12-08,2.388474,2.136225,1.839626,1.711592
2017-12-11,2.392612,2.146081,1.846662,1.717577
2017-12-12,2.393096,2.137822,1.852714,1.723907
2017-12-13,2.384443,2.143744,1.856682,1.729294
2017-12-14,2.368556,2.131973,1.845551,1.719183
2017-12-15,2.396802,2.152147,1.861973,1.732903
2017-12-18,2.414130,2.178894,1.875662,1.743078
2017-12-19,2.389398,2.177482,1.864875,1.733973
2017-12-20,2.388244,2.179125,1.864532,1.733238
2017-12-21,2.385764,2.177410,1.870585,1.737199
2017-12-22,2.382768,2.176099,1.870330,1.737269
2017-12-26,2.386507,2.181349,1.867954,1.735553
2017-12-27,2.393102,2.186739,1.871563,1.739052
2017-12-28,2.403566,2.192018,1.876926,1.743477
2017-12-29,2.381786,2.176717,1.865137,1.733676
2018-01-02,2.394629,2.185378,1.874270,1.739564
2018-01-03,2.434961,2.215980,1.883955,1.745494
2018-01-04,2.442476,2.231996,1.896510,1.756643
2018-01-05,2.466789,2.250238,1.906139,1.764944
2018-01-08,2.485733,2.271396,1.910761,1.767746
2018-01-09,2.494539,2.280852,1.915006,1.771792
2018-01-10,2.488350,2.279020,1.911611,1.767683
2018-01-11,2.504379,2.293877,1.921786,1.776424
2018-01-12,2.520205,2.300268,1.932707,1.785294
2018-01-16,2.522841,2.302434,1.930150,1.784991
2018-01-17,2.551649,2.319608,1.945420,1.798861
2018-01-18,2.554878,2.323939,1.940436,1.794411
2018-01-19,2.576687,2.348571,1.951984,1.804187
2018-01-22,2.601046,2.369163,1.969675,1.820266
2018-01-23,2.600164,2.354696,1.965621,1.812789
2018-01-24,2.591364,2.352474,1.968804,1.816633
2018-01-25,2.604505,2.364538,1.975351,1.822891
2018-01-26,2.631420,2.385117,1.990874,1.836818
2018-01-29,2.614166,2.362668,1.972551,1.817672
2018-01-30,2.574281,2.340376,1.951256,1.798777
2018-01-31,2.578915,2.331887,1.958533,1.803194
2018-02-01,2.566631,2.320921,1.956755,1.802271
2018-02-02,2.507259,2.269587,1.906934,1.758618
2018-02-05,2.371234,2.149301,1.820525,1.680311
2018-02-06,2.450149,2.209406,1.857950,1.709544
2018-02-07,2.446710,2.206122,1.844401,1.697183
2018-02-08,2.332634,2.117158,1.776406,1.636696
2018-02-09,2.410932,2.171912,1.814467,1.668010
2018-02-12,2.431574,2.192517,1.838519,1.690887
2018-02-13,2.452056,2.207893,1.848593,1.698553
2018-02-14,2.497812,2.234191,1.866533,1.709927
2018-02-15,2.521282,2.261096,1.889956,1.730587
2018-02-16,2.514066,2.259156,1.889499,1.732726
2018-02-20,2.514363,2.246262,1.876919,1.717272
2018-02-21,2.486868,2.218601,1.857630,1.699212
2018-02-22,2.501902,2.237068,1.865850,1.706640
2018-02-23,2.548186,2.268402,1.896083,1.732720
2018-02-26,2.574898,2.286876,1.914945,1.749246
2018-02-27,2.552765,2.268023,1.893049,1.729039
2018-02-28,2.503088,2.213928,1.862741,1.701748
2018-03-01,2.453954,2.182207,1.838133,1.683037
2018-03-02,2.455421,2.185043,1.845213,1.690410
2018-03-05,2.484562,2.212717,1.865710,1.708626
2018-03-06,2.498932,2.230908,1.873140,1.713059
2018-03-07,2.497795,2.221246,1.868714,1.709248
2018-03-08,2.504860,2.231290,1.881710,1.722500
2018-03-09,2.552841,2.260783,1.909524,1.745566
2018-03-12,2.544928,2.250010,1.906569,1.741325
2018-03-13,2.532643,2.247941,1.897513,1.735435
2018-03-14,2.520294,2.239102,1.882283,1.720958
2018-03-15,2.539931,2.250669,1.888814,1.725990
2018-03-16,2.548012,2.259957,1.893468,1.729700
2018-03-19,2.494937,2.220530,1.863294,1.704304
2018-03-20,2.524649,2.240233,1.870398,1.708502
2018-03-21,2.513122,2.224420,1.863195,1.701300
2018-03-22,2.424673,2.164984,1.814543,1.660312
2018-03-23,2.365496,2.124703,1.777657,1.629197
2018-03-26,2.466641,2.182329,1.830028,1.672230
2018-03-27,2.392398,2.151610,1.803915,1.655501
2018-03-28,2.380169,2.150784,1.801673,1.655937
2018-03-29,2.415803,2.173746,1.821341,1.670875
2018-04-02,2.363734,2.119534,1.786755,1.640383
2018-04-03,2.406527,2.157206,1.814588,1.666542
2018-04-04,2.439148,2.168879,1.834676,1.685480
2018-04-05,2.439268,2.175033,1.843730,1.693701
2018-04-06,2.377730,2.129953,1.805667,1.661376
2018-04-09,2.385373,2.131466,1.811756,1.665934
2018-04-10,2.451998,2.189938,1.848409,1.695813
2018-04-11,2.424328,2.180442,1.833237,1.682945
2018-04-12,2.471986,2.204873,1.855627,1.699361
2018-04-13,2.458549,2.207748,1.852605,1.699304
2018-04-16,2.484378,2.224294,1.870631,1.716068
2018-04-17,2.536744,2.241309,1.891557,1.733850
2018-04-18,2.534551,2.245494,1.887949,1.728903
2018-04-19,2.519269,2.215900,1.874074,1.715764
2018-04-20,2.504775,2.197556,1.858697,1.701187
2018-04-23,2.494836,2.190565,1.853481,1.698325
2018-04-24,2.452893,2.146397,1.830177,1.679518
2018-04-25,2.439476,2.144326,1.828527,1.678788
2018-04-26,2.482100,2.177219,1.850270,1.696926
2018-04-27,2.496350,2.164596,1.851886,1.700437
2018-04-30,2.463369,2.151061,1.832939,1.681885
2018-05-01,2.474238,2.156554,1.833683,1.680064
2018-05-02,2.451428,2.133535,1.820031,1.665510
2018-05-03,2.467198,2.149358,1.825038,1.668794
2018-05-04,2.499719,2.183635,1.848110,1.688783
2018-05-07,2.527837,2.212492,1.858786,1.694263
2018-05-08,2.526072,2.207951,1.854924,1.688677
2018-05-09,2.546043,2.239884,1.871962,1.701586
2018-05-10,2.577925,2.267512,1.895255,1.723010
2018-05-11,2.577865,2.265580,1.900817,1.730672
2018-05-14,2.588603,2.266672,1.903986,1.732701
2018-05-15,2.543291,2.233174,1.884725,1.716742
2018-05-16,2.546358,2.242605,1.888790,1.720208
2018-05-17,2.545012,2.241319,1.888742,1.721467
2018-05-18,2.545365,2.242017,1.885702,1.718859
2018-05-21,2.564157,2.257617,1.901377,1.733202
2018-05-22,2.550552,2.243594,1.895577,1.728239
2018-05-23,2.573246,2.265516,1.903990,1.734764
2018-05-24,2.562151,2.256975,1.893658,1.725233
2018-05-25,2.565562,2.257326,1.890955,1.723421
2018-05-29,2.538778,2.241578,1.868475,1.705197
2018-05-30,2.571704,2.271607,1.894691,1.728677
2018-05-31,2.547584,2.244988,1.875005,1.710099
2018-06-01,2.583764,2.268321,1.896013,1.727489
2018-06-04,2.611904,2.285752,1.906253,1.736387
2018-06-05,2.613950,2.284017,1.905688,1.735111
2018-06-06,2.635445,2.309817,1.926801,1.753794
2018-06-07,2.623301,2.319825,1.929330,1.758080
2018-06-08,2.627110,2.328067,1.935299,1.765554
2018-06-11,2.625773,2.331340,1.934789,1.765557
2018-06-12,2.633888,2.331851,1.935011,1.765247
2018-06-13,2.615357,2.312930,1.921389,1.751867
2018-06-14,2.628521,2.316641,1.922764,1.752610
2018-06-15,2.609027,2.312094,1.916169,1.749956
2018-06-18,2.607925,2.292646,1.907192,1.739564
2018-06-19,2.573427,2.271705,1.893594,1.731115
2018-06-20,2.586590,2.268565,1.892445,1.728411
2018-06-21,2.558442,2.250850,1.882468,1.721513
2018-06-22,2.551195,2.255851,1.888875,1.730919
2018-06-25,2.497449,2.215406,1.865448,1.714205
2018-06-26,2.500942,2.217118,1.867330,1.714824
2018-06-27,2.476209,2.197812,1.858404,1.708199
2018-06-28,2.496984,2.222941,1.875651,1.723251
2018-06-29,2.492078,2.208723,1.874018,1.723174
2018-07-02,2.506584,2.227661,1.881603,1.727949
2018-07-03,2.492750,2.207141,1.872717,1.723180
2018-07-05,2.531174,2.237458,1.895730,1.744841
2018-07-06,2.550729,2.247855,1.906615,1.753583
2018-07-09,2.568926,2.283721,1.923527,1.764487
2018-07-10,2.586541,2.299572,1.936349,1.778289
2018-07-11,2.560241,2.269547,1.915870,1.761087
2018-07-12,2.590108,2.289330,1.932937,1.774365
2018-07-13,2.595566,2.294400,1.935734,1.776945
2018-07-16,2.577449,2.290004,1.935414,1.775750
2018-07-17,2.577737,2.293204,1.941731,1.781885
2018-07-18,2.577158,2.303969,1.940175,1.779687
2018-07-19,2.569310,2.292575,1.931824,1.771919
2018-07-20,2.563741,2.285720,1.935521,1.774989
2018-07-23,2.569847,2.283878,1.937796,1.776156
2018-07-24,2.575022,2.299893,1.953105,1.791263
2018-07-25,2.614806,2.319713,1.973496,1.808475
2018-07-26,2.637096,2.339006,1.985271,1.819805
2018-07-27,2.620669,2.334125,1.980758,1.817521
2018-07-30,2.585831,2.311244,1.968999,1.809385
2018-07-31,2.601723,2.320327,1.976538,1.816116
2018-08-01,2.599105,2.319314,1.975291,1.814766
2018-08-02,2.613903,2.331864,1.980763,1.819031
2018-08-03,2.631042,2.343341,1.990502,1.828390
2018-08-06,2.634477,2.349605,1.989283,1.826831
2018-08-07,2.645264,2.361762,1.994985,1.830190
2018-08-08,2.647619,2.361687,1.991215,1.826491
2018-08-09,2.645223,2.361501,1.986824,1.823503
2018-08-10,2.623542,2.347015,1.970964,1.810105
2018-08-13,2.619455,2.340906,1.962823,1.802931
2018-08-14,2.637486,2.360221,1.973287,1.810807
2018-08-15,2.618727,2.349316,1.966343,1.807337
2018-08-16,2.642646,2.371111,1.988928,1.828669
2018-08-17,2.638868,2.357231,1.998434,1.840082
2018-08-20,2.647757,2.367160,2.004577,1.845866
2018-08-21,2.639287,2.377010,2.005023,1.843709
2018-08-22,2.655976,2.390742,2.003506,1.839066
2018-08-23,2.658128,2.391388,2.000715,1.836410
2018-08-24,2.695346,2.410873,2.013924,1.847716
2018-08-27,2.721669,2.434034,2.034676,1.863490
2018-08-28,2.733834,2.430559,2.037287,1.865433
2018-08-29,2.751928,2.441838,2.045285,1.871502
2018-08-30,2.740490,2.435662,2.037227,1.864742
2018-08-31,2.749359,2.432576,2.035730,1.861922
2018-09-04,2.743027,2.423581,2.030147,1.855742
2018-09-05,2.728307,2.439712,2.036256,1.864776
2018-09-06,2.724375,2.443031,2.034662,1.865375
2018-09-07,2.708876,2.436841,2.027333,1.858662
2018-09-10,2.704645,2.429336,2.026998,1.858320
2018-09-11,2.719785,2.439938,2.036735,1.867415
2018-09-12,2.718232,2.452259,2.038240,1.871132
2018-09-13,2.750540,2.459739,2.053598,1.883867
2018-09-14,2.759783,2.461567,2.053229,1.882802
2018-09-17,2.745003,2.466209,2.052665,1.884018
2018-09-18,2.741860,2.456841,2.053708,1.883496
2018-09-19,2.737978,2.456771,2.067771,1.893074
2018-09-20,2.754866,2.477531,2.086299,1.911702
2018-09-21,2.754406,2.483595,2.086948,1.913872
2018-09-24,2.749731,2.468525,2.073742,1.899799
2018-09-25,2.743399,2.447365,2.066358,1.890538
2018-09-26,2.730988,2.446012,2.057334,1.884023
2018-09-27,2.744359,2.454474,2.061378,1.888164
2018-09-28,2.784255,2.462807,2.067071,1.892179
2018-10-01,2.813921,2.482409,2.088642,1.910274
2018-10-02,2.814624,2.501992,2.095513,1.917663
2018-10-03,2.819480,2.497474,2.093959,1.912686
2018-10-04,2.782793,2.483762,2.079721,1.901597
2018-10-05,2.751109,2.476453,2.064689,1.891373
2018-10-08,2.742870,2.479770,2.068000,1.896532
2018-10-09,2.745168,2.492229,2.063319,1.893798
2018-10-10,2.633960,2.436119,2.002595,1.844753
2018-10-11,2.567747,2.381744,1.955234,1.800486
2018-10-12,2.618265,2.406837,1.976453,1.816688
2018-10-15,2.588026,2.401706,1.968360,1.813003
2018-10-16,2.666819,2.448571,2.010228,1.848625
2018-10-17,2.644328,2.451422,2.010843,1.850883
2018-10-18,2.611297,2.438986,1.992952,1.837649
2018-10-19,2.579778,2.488200,1.998616,1.851200
2018-10-22,2.573376,2.477962,1.993366,1.845853
2018-10-23,2.530003,2.506619,1.978223,1.840271
2018-10-24,2.420665,2.478062,1.929532,1.806853
2018-10-25,2.495941,2.498434,1.962691,1.831280
2018-10-26,2.442722,2.459171,1.934099,1.805517
2018-10-29,2.397162,2.458357,1.926573,1.803583
2018-10-30,2.464078,2.495052,1.964975,1.836578
2018-10-31,2.507825,2.505386,1.988135,1.851977
2018-11-01,2.524839,2.507177,1.996415,1.856784
2018-11-02,2.503891,2.494381,1.990748,1.853358
2018-11-05,2.504042,2.502194,1.998760,1.863636
2018-11-06,2.515991,2.512393,2.013006,1.876711
2018-11-07,2.575154,2.565246,2.050051,1.907848
2018-11-08,2.563625,2.564792,2.041847,1.903696
2018-11-09,2.554508,2.555768,2.025625,1.893760
2018-11-12,2.489547,2.511978,1.984482,1.865170
2018-11-13,2.505119,2.511709,1.984018,1.861777
2018-11-14,2.479844,2.489146,1.965467,1.846886
2018-11-15,2.505192,2.515751,1.986898,1.862807
2018-11-16,2.438404,2.519194,1.977937,1.866094
2018-11-19,2.363056,2.466747,1.948425,1.848397
2018-11-20,2.338733,2.415636,1.911071,1.812082
2018-11-21,2.314760,2.411707,1.905285,1.804970
2018-11-23,2.309571,2.398492,1.891409,1.793440
2018-11-26,2.356114,2.441497,1.919175,1.814104
2018-11-27,2.380032,2.468469,1.926338,1.823357
2018-11-28,2.443371,2.518078,1.967891,1.857249
2018-11-29,2.429134,2.506615,1.962565,1.853039
2018-11-30,2.457061,2.529979,1.982338,1.871893
2018-12-03,2.479935,2.536899,2.004087,1.884891
2018-12-04,2.399805,2.471249,1.944263,1.839323
2018-12-06,2.406115,2.468662,1.936427,1.832485
2018-12-07,2.333769,2.406549,1.890878,1.795977
2018-12-10,2.348587,2.427749,1.895923,1.799425
2018-12-11,2.349199,2.429150,1.895773,1.802656
2018-12-12,2.345408,2.419322,1.897556,1.801470
2018-12-13,2.353560,2.434322,1.905487,1.810809
2018-12-14,2.298586,2.395804,1.870668,1.776919
2018-12-17,2.238896,2.337750,1.830281,1.736839
2018-12-18,2.246818,2.354264,1.835296,1.739158
2018-12-19,2.202665,2.323146,1.805684,1.714236
2018-12-20,2.165009,2.286669,1.778854,1.689951
2018-12-21,2.124829,2.229063,1.747320,1.665663
2018-12-24,2.058069,2.158042,1.690831,1.609653
2018-12-26,2.146603,2.259982,1.763486,1.674358
2018-12-27,2.156775,2.278646,1.779315,1.690989
2018-12-28,2.164215,2.268770,1.774959,1.686065
2018-12-31,2.184656,2.298870,1.790555,1.700805
2019-01-02,2.177503,2.288451,1.791137,1.698085
2019-01-03,2.114212,2.235140,1.745165,1.661507
2019-01-04,2.181332,2.294038,1.800360,1.708104
2019-01-07,2.209933,2.292152,1.808737,1.712309
2019-01-08,2.229344,2.321047,1.825348,1.731292
2019-01-09,2.237376,2.311226,1.828201,1.729247
2019-01-10,2.265052,2.321548,1.842318,1.742297
2019-01-11,2.279072,2.325693,1.844133,1.744353
2019-01-14,2.279000,2.313947,1.840816,1.739878
2019-01-15,2.297289,2.342670,1.856187,1.754823
2019-01-16,2.297604,2.330464,1.868061,1.760502
2019-01-17,2.310735,2.336774,1.880160,1.769623
2019-01-18,2.356004,2.361618,1.908839,1.794229
2019-01-22,2.316878,2.336901,1.881260,1.773422
2019-01-23,2.327498,2.376670,1.890955,1.786207
2019-01-24,2.344966,2.361396,1.890878,1.781005
2019-01-25,2.366033,2.365113,1.908192,1.792835
2019-01-28,2.253902,2.327411,1.870684,1.768263
2019-01-29,2.227406,2.301547,1.867719,1.767016
2019-01-30,2.277145,2.354465,1.903355,1.796852
2019-01-31,2.313454,2.373678,1.917564,1.810880
2019-02-01,2.316839,2.359787,1.924020,1.819343
2019-02-04,2.330075,2.381410,1.935671,1.827206
2019-02-05,2.333451,2.393343,1.943354,1.832871
2019-02-06,2.340715,2.383913,1.941193,1.830693
2019-02-07,2.317069,2.363159,1.922971,1.817116
2019-02-08,2.308340,2.367745,1.922457,1.817483
2019-02-11,2.295949,2.366157,1.918337,1.814986
2019-02-12,2.341241,2.401728,1.949074,1.840755
2019-02-13,2.350530,2.407122,1.954689,1.845694
2019-02-14,2.353274,2.361954,1.940023,1.825495
2019-02-15,2.393915,2.395505,1.968751,1.849596
2019-02-19,2.390959,2.392738,1.968907,1.850572
2019-02-20,2.400244,2.413204,1.978012,1.857173
2019-02-21,2.390734,2.424809,1.976025,1.857988
2019-02-22,2.409118,2.436454,1.987741,1.867588
2019-02-25,2.409275,2.443889,1.992911,1.869888
2019-02-26,2.391242,2.429613,1.986081,1.864719
2019-02-27,2.358849,2.432072,1.979952,1.858997
2019-02-28,2.332464,2.425391,1.969026,1.851129
2019-03-01,2.340901,2.434220,1.976864,1.857763
2019-03-04,2.324973,2.421491,1.971543,1.852824
2019-03-05,2.332458,2.424995,1.971559,1.853484
2019-03-06,2.312955,2.403757,1.959373,1.844058
2019-03-07,2.288091,2.390299,1.946573,1.834742
2019-03-08,2.299399,2.387233,1.947961,1.834780
2019-03-11,2.361087,2.440085,1.985648,1.867461
2019-03-12,2.376174,2.443781,1.993219,1.873894
2019-03-13,2.416608,2.471729,2.013417,1.890985
2019-03-14,2.414046,2.472283,2.013318,1.891302
2019-03-15,2.431343,2.475251,2.022090,1.897548
2019-03-18,2.435764,2.481554,2.029726,1.902607
2019-03-19,2.452493,2.490209,2.033200,1.904039
2019-03-20,2.433500,2.471457,2.023307,1.896483
2019-03-21,2.468212,2.494102,2.045538,1.913669
2019-03-22,2.407142,2.473884,2.011275,1.888833
2019-03-25,2.396067,2.479786,2.007796,1.886960
2019-03-26,2.411707,2.496096,2.022990,1.902169
2019-03-27,2.397339,2.491397,2.016946,1.897122
2019-03-28,2.414276,2.488695,2.024906,1.902415
2019-03-29,2.437770,2.514966,2.040266,1.915115
2019-04-01,2.459370,2.540466,2.059164,1.928289
2019-04-02,2.468122,2.543210,2.061477,1.928847
2019-04-03,2.489664,2.547258,2.071286,1.934801
2019-04-04,2.491340,2.554314,2.076736,1.939626
2019-04-05,2.503898,2.559703,2.084383,1.945868
2019-04-08,2.508856,2.565860,2.090308,1.951730
2019-04-09,2.493008,2.545724,2.075297,1.939949
2019-04-10,2.507724,2.556012,2.080973,1.943481
2019-04-11,2.488662,2.546884,2.076431,1.939313
2019-04-12,2.486361,2.559692,2.084386,1.945571
2019-04-15,2.480276,2.559482,2.077196,1.942722
2019-04-16,2.468015,2.554308,2.081231,1.945052
2019-04-17,2.467954,2.555707,2.088898,1.950113
2019-04-18,2.487913,2.574825,2.100881,1.961601
2019-04-22,2.502968,2.578946,2.105942,1.966241
2019-04-23,2.525615,2.569348,2.117542,1.974945
2019-04-24,2.532907,2.559333,2.106838,1.966714
2019-04-25,2.535886,2.545629,2.102158,1.962038
2019-04-26,2.540391,2.588839,2.113289,1.976469
2019-04-29,2.543572,2.589333,2.115517,1.976953
2019-04-30,2.553329,2.598641,2.124806,1.987806
2019-05-01,2.545188,2.576144,2.115285,1.977444
2019-05-02,2.538502,2.565954,2.110493,1.973414
2019-05-03,2.557414,2.581547,2.127726,1.987953
2019-05-06,2.545220,2.576988,2.116952,1.979664
2019-05-07,2.490641,2.543691,2.080186,1.948914
2019-05-08,2.492324,2.542972,2.079418,1.948469
2019-05-09,2.480640,2.533102,2.068486,1.939057
2019-05-10,2.495199,2.554421,2.085662,1.957703
2019-05-13,2.431699,2.518834,2.039685,1.923548
2019-05-14,2.448852,2.521217,2.051207,1.931594
2019-05-15,2.456760,2.532341,2.058639,1.940574
2019-05-16,2.484773,2.545880,2.078513,1.959889
2019-05-17,2.470736,2.538487,2.069483,1.954574
2019-05-20,2.447824,2.540877,2.057012,1.946225
2019-05-21,2.472101,2.562123,2.074244,1.958881
2019-05-22,2.459963,2.548296,2.066439,1.955438
2019-05-23,2.427141,2.520748,2.043146,1.937557
2019-05-24,2.420421,2.523409,2.045394,1.939958
2019-05-28,2.392745,2.482417,2.018802,1.914011
2019-05-29,2.370366,2.467030,2.000057,1.895599
2019-05-30,2.371150,2.463130,2.001702,1.897824
2019-05-31,2.341677,2.414042,1.971462,1.869599
2019-06-03,2.333489,2.451357,1.983414,1.885907
2019-06-04,2.386840,2.480333,2.024125,1.917419
2019-06-05,2.419182,2.504456,2.042010,1.936961
2019-06-06,2.440729,2.529679,2.063252,1.956840
2019-06-07,2.470364,2.544821,2.082183,1.973006
2019-06-10,2.487754,2.541593,2.092810,1.978851
2019-06-11,2.490481,2.554375,2.101720,1.986463
2019-06-12,2.478158,2.557887,2.095876,1.985405
2019-06-13,2.496595,2.574185,2.105404,1.993792
2019-06-14,2.495506,2.576774,2.103486,1.994458
2019-06-17,2.500156,2.576320,2.102222,1.991940
2019-06-18,2.524661,2.584986,2.126465,2.007019
2019-06-19,2.537188,2.591792,2.130955,2.012624
2019-06-20,2.549653,2.612332,2.146940,2.027336
2019-06-21,2.545188,2.611808,2.144613,2.026110
2019-06-24,2.541996,2.617406,2.148468,2.030286
2019-06-25,2.510624,2.602909,2.132223,2.016751
2019-06-26,2.503464,2.580634,2.130639,2.007112
2019-06-27,2.523247,2.583074,2.138208,2.012148
2019-06-28,2.533776,2.593092,2.146748,2.018142
2019-07-01,2.556294,2.597343,2.161222,2.030344
2019-07-02,2.569111,2.611951,2.167584,2.040444
2019-07-03,2.585508,2.638820,2.180996,2.054658
2019-07-05,2.580345,2.626799,2.175798,2.050061
2019-07-08,2.571162,2.628035,2.166850,2.044165
2019-07-09,2.569120,2.613014,2.163147,2.038792
2019-07-10,2.584305,2.631401,2.171449,2.047006
2019-07-11,2.602301,2.642254,2.188728,2.059272
2019-07-12,2.613673,2.634875,2.199296,2.065712
2019-07-15,2.608757,2.636427,2.197567,2.064481
2019-07-16,2.613015,2.620776,2.195035,2.062194
2019-07-17,2.608884,2.611106,2.182945,2.051369
2019-07-18,2.617898,2.610377,2.188839,2.056475
2019-07-19,2.595542,2.591262,2.174139,2.040897
2019-07-22,2.614742,2.578229,2.178121,2.041414
2019-07-23,2.643913,2.591424,2.206720,2.067865
2019-07-24,2.641249,2.590228,2.199137,2.060435
2019-07-25,2.615809,2.589122,2.188340,2.051724
2019-07-26,2.638098,2.610196,2.202674,2.067452
2019-07-29,2.640549,2.630477,2.210390,2.075638
2019-07-30,2.638487,2.639731,2.206861,2.073905
2019-07-31,2.593040,2.590750,2.173722,2.042316
2019-08-01,2.571887,2.571120,2.144813,2.018151
2019-08-02,2.556381,2.564877,2.130721,2.008969
2019-08-05,2.478222,2.542942,2.076730,1.963465
2019-08-06,2.508329,2.551299,2.097534,1.982335
2019-08-07,2.509676,2.555760,2.099312,1.985128
2019-08-08,2.556361,2.593306,2.133619,2.016439
2019-08-09,2.542345,2.579982,2.119245,2.005234
2019-08-12,2.512515,2.571666,2.097583,1.987520
2019-08-13,2.557211,2.597774,2.131603,2.016513
2019-08-14,2.485448,2.530420,2.072579,1.965152
2019-08-15,2.495301,2.542555,2.078692,1.973931
2019-08-16,2.547020,2.568994,2.115762,2.004267
2019-08-19,2.583487,2.588452,2.144121,2.026291
2019-08-20,2.553623,2.560500,2.119897,2.002777
2019-08-21,2.570970,2.576850,2.134738,2.015336
2019-08-22,2.565551,2.569456,2.132729,2.014144
2019-08-23,2.498396,2.516259,2.074194,1.963325
2019-08-26,2.528502,2.537402,2.096083,1.984030
2019-08-27,2.511659,2.539459,2.085976,1.978247
2019-08-28,2.528568,2.552157,2.101217,1.993243
2019-08-29,2.566422,2.566099,2.130721,2.015792
2019-08-30,2.570086,2.574882,2.137399,2.021014
2019-09-03,2.556560,2.573564,2.122720,2.011918
2019-09-04,2.580964,2.582219,2.144570,2.030291
2019-09-05,2.611493,2.593121,2.174315,2.049714
2019-09-06,2.609390,2.597995,2.177562,2.054040
2019-09-09,2.613175,2.595348,2.182618,2.054164
2019-09-10,2.604253,2.606757,2.195669,2.063873
2019-09-11,2.616802,2.624054,2.213556,2.079720
2019-09-12,2.634335,2.623657,2.219200,2.086286
2019-09-13,2.641159,2.635526,2.221691,2.087990
2019-09-16,2.628714,2.628001,2.210363,2.077066
2019-09-17,2.642972,2.630034,2.216528,2.084085
2019-09-18,2.646167,2.626718,2.218835,2.086384
2019-09-19,2.655985,2.629789,2.216773,2.086301
2019-09-20,2.639061,2.633766,2.206399,2.079867
2019-09-23,2.640059,2.629985,2.206877,2.080098
2019-09-24,2.618133,2.614037,2.187282,2.065395
2019-09-25,2.634770,2.605082,2.199074,2.072096
2019-09-26,2.631495,2.585683,2.192131,2.067122
2019-09-27,2.618798,2.587820,2.186399,2.064120
2019-09-30,2.630396,2.588414,2.194075,2.069779
2019-10-01,2.602363,2.574299,2.167890,2.047386
2019-10-02,2.559764,2.538172,2.134390,2.015601
2019-10-03,2.582158,2.552483,2.149242,2.027364
2019-10-04,2.622581,2.593901,2.181227,2.058208
2019-10-07,2.613684,2.576722,2.177394,2.052805
2019-10-08,2.574180,2.548759,2.142524,2.022897
2019-10-09,2.602020,2.560643,2.158586,2.035496
2019-10-10,2.621384,2.569221,2.179516,2.052113
2019-10-11,2.636685,2.569296,2.204994,2.070600
2019-10-14,2.633250,2.562563,2.201876,2.066653
2019-10-15,2.673624,2.607846,2.241079,2.098511
2019-10-16,2.667984,2.601927,2.236929,2.096188
2019-10-17,2.671609,2.620705,2.248737,2.107238
2019-10-18,2.669984,2.615433,2.238332,2.100084
2019-10-21,2.703673,2.626248,2.259673,2.116213
2019-10-22,2.713698,2.654202,2.266323,2.123962
2019-10-23,2.732201,2.671281,2.281503,2.138780
2019-10-24,2.751078,2.661297,2.280507,2.136996
2019-10-25,2.753141,2.647646,2.295875,2.143041
2019-10-28,2.750388,2.637021,2.300538,2.143327
2019-10-29,2.746596,2.647369,2.299949,2.144655
2019-10-30,2.763570,2.669656,2.310967,2.157974
2019-10-31,2.756104,2.665382,2.301396,2.150703
2019-11-01,2.770816,2.671756,2.324739,2.166463
2019-11-04,2.768456,2.664439,2.337241,2.169633
2019-11-05,2.754780,2.656818,2.331494,2.163325
2019-11-06,2.769658,2.664864,2.334580,2.169437
2019-11-07,2.779135,2.671129,2.348853,2.180162
2019-11-08,2.786371,2.651771,2.349461,2.178956
2019-11-11,2.784162,2.645720,2.342473,2.172035
2019-11-12,2.783817,2.632925,2.341796,2.170058
2019-11-13,2.796114,2.645952,2.344810,2.175666
2019-11-14,2.808128,2.649887,2.346671,2.177665
2019-11-15,2.833941,2.655219,2.367970,2.198737
2019-11-18,2.858668,2.669479,2.376824,2.205547
2019-11-19,2.861422,2.663090,2.372758,2.203620
2019-11-20,2.863156,2.675524,2.370024,2.202459
2019-11-21,2.851871,2.675521,2.371321,2.202391
2019-11-22,2.853604,2.675758,2.375520,2.205973
2019-11-25,2.881338,2.683052,2.396502,2.219471
2019-11-26,2.895299,2.701450,2.401096,2.228068
2019-11-27,2.900212,2.703115,2.406804,2.232497
2019-11-29,2.889490,2.694897,2.398820,2.226092
2019-12-02,2.865821,2.692796,2.375930,2.209972
2019-12-03,2.856806,2.689247,2.361116,2.199874
2019-12-04,2.880537,2.714042,2.382309,2.220163
2019-12-05,2.894802,2.718767,2.390719,2.227291
2019-12-06,2.914135,2.736541,2.415134,2.246458
2019-12-09,2.904507,2.731721,2.407031,2.239660
2019-12-10,2.903500,2.724026,2.405481,2.236692
2019-12-11,2.904769,2.723370,2.413258,2.242094
2019-12-12,2.918788,2.734306,2.440663,2.262720
2019-12-13,2.931402,2.731750,2.438483,2.261018
2019-12-16,2.951164,2.745823,2.452936,2.273245
2019-12-17,2.940577,2.741388,2.457865,2.276189
2019-12-18,2.938515,2.728715,2.453173,2.269607
2019-12-19,2.947930,2.732052,2.462202,2.277777
2019-12-20,2.959868,2.757691,2.478751,2.293441
2019-12-23,2.965308,2.755077,2.481222,2.293982
2019-12-24,2.969028,2.752493,2.479363,2.292215
2019-12-26,2.992297,2.763840,2.492094,2.302724
2019-12-27,2.999276,2.771967,2.492567,2.305135
2019-12-30,2.987286,2.760307,2.480628,2.294847
2019-12-31,2.997885,2.769981,2.490192,2.302945
2020-01-02,3.005717,2.774677,2.507093,2.311870
2020-01-03,2.980946,2.761176,2.481186,2.290109
2020-01-06,2.986926,2.758488,2.484503,2.292042
2020-01-07,2.970397,2.741788,2.474212,2.281097
2020-01-08,3.005766,2.741175,2.489518,2.293331
2020-01-09,3.034078,2.755156,2.507890,2.309614
2020-01-10,3.037379,2.754656,2.505552,2.308328
2020-01-13,3.069732,2.788961,2.530246,2.328984
2020-01-14,3.049473,2.772639,2.521320,2.322183
2020-01-15,3.077886,2.789687,2.529846,2.333388
2020-01-16,3.111232,2.804997,2.553883,2.352946
2020-01-17,3.127537,2.817128,2.563784,2.362133
2020-01-21,3.124748,2.811078,2.552572,2.354845
2020-01-22,3.115810,2.799139,2.546524,2.349997
2020-01-23,3.125464,2.803334,2.549353,2.352159
2020-01-24,3.113470,2.793302,2.528715,2.335998
2020-01-27,3.062345,2.761545,2.485404,2.303055
2020-01-28,3.103332,2.777851,2.514208,2.324514
2020-01-29,3.123232,2.765905,2.511196,2.320577
2020-01-30,3.141987,2.783915,2.528848,2.338142
2020-01-31,3.061068,2.721246,2.467248,2.287023
2020-02-03,3.076386,2.699149,2.471135,2.287446
2020-02-04,3.138937,2.725060,2.511255,2.318843
2020-02-05,3.154344,2.792662,2.550413,2.353065
2020-02-06,3.177755,2.782147,2.553561,2.354766
2020-02-07,3.164646,2.769404,2.534406,2.340699
2020-02-10,3.199512,2.771527,2.553567,2.354725
2020-02-11,3.186575,2.774366,2.555894,2.353139
2020-02-12,3.210882,2.803050,2.578395,2.368371
2020-02-13,3.210296,2.804432,2.577668,2.369891
2020-02-14,3.229209,2.801732,2.590900,2.378271
2020-02-18,3.224244,2.785977,2.581344,2.367184
2020-02-19,3.236514,2.804434,2.605452,2.383610
2020-02-20,3.227984,2.796070,2.592562,2.375721
2020-02-21,3.195738,2.784756,2.570126,2.362802
2020-02-24,3.073635,2.685883,2.476526,2.284182
2020-02-25,2.986003,2.593574,2.399991,2.217819
2020-02-26,2.995840,2.577661,2.399142,2.213458
2020-02-27,2.828656,2.462259,2.284744,2.109881
2020-02-28,2.810494,2.469469,2.279546,2.095742
2020-03-02,2.963758,2.588786,2.388479,2.197214
2020-03-03,2.910201,2.530947,2.327217,2.146505
2020-03-04,3.065820,2.650759,2.440245,2.251869
2020-03-05,2.955686,2.565392,2.356477,2.177678
2020-03-06,2.874245,2.508318,2.306934,2.134189
2020-03-09,2.661215,2.333408,2.125740,1.978260
2020-03-10,2.785255,2.415119,2.220977,2.060980
2020-03-11,2.661830,2.310807,2.117375,1.964697
2020-03-12,2.427372,2.109274,1.922988,1.790657
2020-03-13,2.684092,2.268028,2.122515,1.965919
2020-03-16,2.330996,2.065387,1.886911,1.763537
2020-03-17,2.492599,2.195228,2.003119,1.871545
2020-03-18,2.378176,2.084257,1.895190,1.777860
2020-03-19,2.328120,2.041669,1.888127,1.754976
2020-03-20,2.224283,1.936180,1.793507,1.664970
2020-03-23,2.204140,1.865693,1.739205,1.610361
2020-03-24,2.419961,2.014581,1.914745,1.757545
2020-03-25,2.456249,2.070435,1.954790,1.795621
2020-03-26,2.612445,2.199103,2.076902,1.909760
2020-03-27,2.547885,2.143658,2.011210,1.855778
2020-03-30,2.677977,2.226219,2.093609,1.932756
2020-03-31,2.631604,2.194316,2.068525,1.904955
2020-04-01,2.473717,2.132412,1.976653,1.826931
2020-04-02,2.546874,2.235317,2.047533,1.893958
2020-04-03,2.490353,2.209323,2.008229,1.862444
2020-04-06,2.698010,2.310768,2.136918,1.975010
2020-04-07,2.678371,2.317522,2.139602,1.975957
2020-04-08,2.767634,2.404941,2.225032,2.051581
2020-04-09,2.801979,2.414104,2.253745,2.076410
2020-04-13,2.788680,2.364387,2.210060,2.035323
2020-04-14,2.904209,2.414924,2.266954,2.089722
2020-04-15,2.856998,2.359966,2.225302,2.051350
2020-04-16,2.929182,2.349618,2.241949,2.064216
2020-04-17,2.943469,2.445561,2.301987,2.119595
2020-04-20,2.888857,2.381653,2.251018,2.073761
2020-04-21,2.798903,2.333461,2.191505,2.023409
2020-04-22,2.870699,2.364028,2.227098,2.053541
2020-04-23,2.850775,2.378517,2.235198,2.060439
2020-04-24,2.907308,2.390003,2.260250,2.080579
2020-04-27,2.944110,2.411173,2.293625,2.107890
2020-04-28,2.895966,2.426418,2.287084,2.102533
2020-04-29,2.961956,2.474496,2.330537,2.137775
2020-04-30,2.954315,2.433182,2.303012,2.112937
2020-05-01,2.888905,2.365369,2.241807,2.061132
2020-05-04,2.924013,2.354504,2.248511,2.064143
2020-05-05,2.951147,2.361164,2.262980,2.076563
2020-05-06,2.955376,2.322695,2.241696,2.054022
2020-05-07,2.983313,2.318467,2.256305,2.064168
2020-05-08,3.044180,2.398074,2.309929,2.114163
2020-05-11,3.067850,2.364885,2.297261,2.100685
2020-05-12,2.990238,2.309551,2.242135,2.053183
2020-05-13,2.955757,2.257132,2.197932,2.014416
2020-05-14,2.990895,2.280198,2.231153,2.040044
2020-05-15,3.024147,2.271333,2.238823,2.044943
2020-05-18,3.095907,2.384826,2.325574,2.120158
2020-05-19,3.061704,2.325750,2.285153,2.081449
2020-05-20,3.106699,2.375377,2.327791,2.117184
2020-05-21,3.072436,2.356154,2.304961,2.096953
2020-05-22,3.103438,2.360848,2.310020,2.100249
2020-05-26,3.088332,2.413219,2.356792,2.139737
2020-05-27,3.100054,2.458137,2.401458,2.178606
2020-05-28,3.111051,2.456393,2.400508,2.182560
2020-05-29,3.155550,2.463231,2.406061,2.189072
2020-06-01,3.152193,2.474037,2.418475,2.197010
2020-06-02,3.179878,2.500743,2.443662,2.219188
2020-06-03,3.195094,2.562930,2.488672,2.258011
2020-06-04,3.160161,2.564956,2.481237,2.249778
2020-06-05,3.231038,2.659480,2.557692,2.315159
2020-06-08,3.244456,2.697745,2.576209,2.331876
2020-06-09,3.280436,2.654103,2.559573,2.315234
2020-06-10,3.336791,2.607870,2.548628,2.306160
2020-06-11,3.168581,2.452337,2.389728,2.169969
2020-06-12,3.208723,2.477642,2.423905,2.197609
2020-06-15,3.235206,2.493079,2.444458,2.213187
2020-06-16,3.289220,2.535014,2.491589,2.255672
2020-06-17,3.296733,2.503270,2.475982,2.241649
2020-06-18,3.296377,2.512657,2.475300,2.242818
2020-06-19,3.266552,2.482409,2.453176,2.221989
2020-06-22,3.317284,2.472036,2.464284,2.227973
2020-06-23,3.320453,2.473927,2.471723,2.232212
2020-06-24,3.254051,2.402183,2.405707,2.174809
2020-06-25,3.305776,2.441357,2.451064,2.211289
2020-06-26,3.221635,2.368286,2.376319,2.148054
2020-06-29,3.274421,2.414552,2.418303,2.187515
2020-06-30,3.336548,2.440906,2.453126,2.216994
2020-07-01,3.342618,2.424049,2.454232,2.217471
2020-07-02,3.363521,2.434615,2.470271,2.231523
2020-07-06,3.420773,2.464649,2.511500,2.265335
2020-07-07,3.410227,2.437347,2.483827,2.243896
2020-07-08,3.467895,2.444532,2.505058,2.260151
2020-07-09,3.483993,2.393854,2.478210,2.234628
2020-07-10,3.492264,2.453373,2.511437,2.263356
2020-07-13,3.439127,2.470585,2.514761,2.268104
2020-07-14,3.495929,2.512735,2.567990,2.314093
2020-07-15,3.488890,2.530583,2.581743,2.325309
2020-07-16,3.468027,2.532818,2.576053,2.322934
2020-07-17,3.486718,2.526839,2.582365,2.331304
2020-07-20,3.540519,2.501140,2.580091,2.326280
2020-07-21,3.519872,2.548827,2.601464,2.345789
2020-07-22,3.542731,2.549484,2.606203,2.351835
2020-07-23,3.466312,2.550327,2.581987,2.334183
2020-07-24,3.476795,2.546086,2.575459,2.330253
2020-07-27,3.523375,2.544227,2.594696,2.345117
2020-07-28,3.504230,2.541915,2.585924,2.340338
2020-07-29,3.549348,2.558037,2.618401,2.365293
2020-07-30,3.569140,2.521533,2.594740,2.347070
2020-07-31,3.652276,2.514240,2.606447,2.356231
2020-08-03,3.724042,2.517836,2.622705,2.366911
2020-08-04,3.740232,2.545454,2.636860,2.380799
2020-08-05,3.753320,2.569723,2.662470,2.400992
2020-08-06,3.785515,2.573270,2.672153,2.408635
2020-08-07,3.750864,2.581640,2.679831,2.417246
2020-08-10,3.738600,2.599435,2.698924,2.432784
2020-08-11,3.675953,2.608921,2.685285,2.420459
2020-08-12,3.774919,2.640108,2.724466,2.453563
2020-08-13,3.789106,2.624723,2.713582,2.444453
2020-08-14,3.787912,2.633375,2.717188,2.447415
2020-08-17,3.829202,2.640319,2.717340,2.446473
2020-08-18,3.836035,2.630541,2.712267,2.444979
2020-08-19,3.819024,2.609768,2.699674,2.432996
2020-08-20,3.855975,2.593788,2.701880,2.435721
2020-08-21,3.911726,2.609947,2.722287,2.451207
2020-08-24,3.942337,2.657216,2.751692,2.476697
2020-08-25,3.953302,2.643269,2.754817,2.479071
2020-08-26,3.984515,2.631844,2.756807,2.480750
2020-08-27,3.984995,2.638589,2.769814,2.490719
2020-08-28,4.024530,2.691521,2.796785,2.513658
2020-08-31,4.031876,2.670208,2.782167,2.500861
2020-09-01,4.116812,2.710590,2.803313,2.514932
2020-09-02,4.174077,2.741466,2.856529,2.563515
2020-09-03,3.941959,2.614349,2.772879,2.495922
2020-09-04,3.899163,2.595171,2.767929,2.491855
2020-09-08,3.738418,2.489262,2.694583,2.431888
2020-09-09,3.881812,2.562592,2.748796,2.476134
2020-09-10,3.791769,2.501633,2.701831,2.436522
2020-09-11,3.785104,2.493917,2.714785,2.450045
2020-09-14,3.860199,2.542293,2.746836,2.475317
2020-09-15,3.879736,2.545145,2.738058,2.470294
2020-09-16,3.805952,2.522910,2.733193,2.465903
2020-09-17,3.787483,2.510076,2.720484,2.456026
2020-09-18,3.724487,2.466425,2.698780,2.439277
2020-09-21,3.745123,2.470998,2.655855,2.398426
2020-09-22,3.787418,2.479978,2.664765,2.406987
2020-09-23,3.676046,2.400508,2.601197,2.353241
2020-09-24,3.713421,2.420611,2.622248,2.370171
2020-09-25,3.785397,2.470239,2.658742,2.399195
2020-09-28,3.833812,2.508337,2.696657,2.430331
2020-09-29,3.824296,2.492429,2.683374,2.418279
2020-09-30,3.877869,2.521530,2.715301,2.445296
2020-10-01,3.888928,2.511133,2.705572,2.436101
2020-10-02,3.800773,2.463339,2.695162,2.427835
2020-10-05,3.887911,2.528827,2.742546,2.466268
2020-10-06,3.849365,2.496809,2.715854,2.443089
2020-10-07,3.908313,2.532974,2.759082,2.479296
2020-10-08,3.908009,2.562569,2.786961,2.503928
2020-10-09,3.948283,2.578572,2.803893,2.519927
2020-10-12,4.056132,2.647263,2.848623,2.555232
2020-10-13,4.031081,2.626697,2.818155,2.527649
2020-10-14,4.006652,2.616799,2.802600,2.513076
2020-10-15,3.979941,2.612871,2.798335,2.508429
2020-10-16,3.968210,2.600403,2.802102,2.512649
2020-10-19,3.886029,2.546973,2.756342,2.471824
2020-10-20,3.914888,2.568690,2.775564,2.487734
2020-10-21,3.901139,2.549656,2.755385,2.471067
2020-10-22,3.886871,2.572117,2.784689,2.496690
2020-10-23,3.911430,2.570790,2.791400,2.502996
2020-10-26,3.845878,2.515651,2.735375,2.457443
2020-10-27,3.881447,2.522767,2.716735,2.441736
2020-10-28,3.714737,2.407798,2.618313,2.356534
2020-10-29,3.780621,2.474108,2.653552,2.384374
2020-10-30,3.701309,2.421160,2.636688,2.372403
2020-11-02,3.723414,2.482059,2.689022,2.418215
2020-11-03,3.794809,2.522250,2.742363,2.460921
2020-11-04,3.898569,2.524758,2.769422,2.480035
2020-11-05,3.989348,2.606325,2.830752,2.530524
2020-11-06,4.016838,2.610202,2.829605,2.531520
2020-11-09,3.905696,2.694337,2.907392,2.598737
2020-11-10,3.858213,2.692004,2.921945,2.620005
2020-11-11,3.951872,2.707660,2.933934,2.627736
2020-11-12,3.947973,2.677511,2.916520,2.613068
2020-11-13,3.960505,2.698318,2.943936,2.638177
2020-11-16,3.969369,2.742855,2.976439,2.662420
2020-11-17,3.946218,2.732200,2.961920,2.649602
2020-11-18,3.903771,2.703270,2.922844,2.613612
2020-11-19,3.907740,2.715818,2.924977,2.615410
2020-11-20,3.870812,2.686080,2.904137,2.598675
2020-11-23,3.846606,2.722171,2.924062,2.613140
2020-11-24,3.859091,2.772269,2.966877,2.647822
2020-11-25,3.880277,2.756399,2.956475,2.638023
2020-11-27,3.895771,2.760680,2.965166,2.645570
2020-11-30,3.913905,2.736033,2.939220,2.624241
2020-12-01,3.952330,2.760689,2.967825,2.649137
2020-12-02,3.951539,2.803042,2.983679,2.661306
2020-12-03,3.929222,2.800117,2.979040,2.659453
2020-12-04,3.939570,2.860127,3.019304,2.692141
2020-12-07,3.950086,2.840206,3.002143,2.676503
2020-12-08,3.948617,2.852974,3.012482,2.687236
2020-12-09,3.886714,2.836785,3.002862,2.680712
2020-12-10,3.880789,2.850664,3.000817,2.675713
2020-12-11,3.890331,2.849048,3.000597,2.676761
2020-12-14,3.897185,2.825079,2.979262,2.655912
2020-12-15,3.953599,2.878942,3.025359,2.695080
2020-12-16,3.961891,2.872245,3.020833,2.689174
2020-12-17,3.988910,2.872146,3.040078,2.707912
2020-12-18,3.979055,2.854452,3.028305,2.701259
2020-12-21,3.985501,2.870092,3.034707,2.698737
2020-12-22,3.999212,2.844168,3.018221,2.684799
2020-12-23,3.968733,2.863075,3.027148,2.691238
2020-12-24,3.989260,2.863212,3.037977,2.701317
2020-12-28,4.031644,2.874032,3.062920,2.723285
2020-12-29,4.016773,2.856776,3.052812,2.715260
2020-12-30,4.006563,2.881622,3.064192,2.723025
2020-12-31,4.013402,2.886620,3.083987,2.741862
2021-01-04,3.956337,2.859652,3.049039,2.710112
2021-01-05,4.001292,2.910464,3.075169,2.729647
2021-01-06,3.942210,2.930705,3.102458,2.752543
2021-01-07,4.026211,3.001010,3.142766,2.779437
2021-01-08,4.033283,3.003592,3.146905,2.782503
2021-01-11,4.012194,3.023932,3.140440,2.772698
2021-01-12,3.986514,3.048231,3.147478,2.775765
2021-01-13,4.012122,3.061184,3.152974,2.779615
2021-01-14,3.948155,3.076471,3.149331,2.776284
2021-01-15,3.894339,3.005096,3.114262,2.750082
2021-01-19,3.918249,3.022823,3.122970,2.756417
2021-01-20,3.978257,3.054552,3.140731,2.769527
2021-01-21,4.024637,3.060966,3.144680,2.771011
2021-01-22,4.021003,3.043812,3.134068,2.763290
2021-01-25,4.072223,3.038863,3.143314,2.777213
2021-01-26,4.086067,3.014462,3.144331,2.778107
2021-01-27,3.980453,2.958949,3.070023,2.712706
2021-01-28,4.015151,2.974628,3.103318,2.741601
2021-01-29,3.931425,2.903994,3.044660,2.689115
2021-02-01,4.010494,2.931143,3.075415,2.712043
2021-02-02,4.034429,2.998138,3.120650,2.745289
2021-02-03,4.030589,3.024949,3.126893,2.750004
2021-02-04,4.054236,3.080052,3.146834,2.766310
2021-02-05,4.067990,3.102652,3.167474,2.786042
2021-02-08,4.097348,3.165105,3.204825,2.811523
2021-02-09,4.087903,3.148282,3.199243,2.807525
2021-02-10,4.089993,3.163237,3.210033,2.813894
2021-02-11,4.111617,3.150627,3.212950,2.814751
2021-02-12,4.100503,3.178695,3.215516,2.816074
2021-02-16,4.083628,3.215759,3.226293,2.821005
2021-02-17,4.057056,3.213624,3.231914,2.834427
2021-02-18,4.053794,3.198471,3.229253,2.834450
2021-02-19,4.030939,3.225258,3.233199,2.830831
2021-02-22,3.961189,3.242098,3.234205,2.832800
2021-02-23,3.965466,3.258612,3.248427,2.845843
2021-02-24,3.962545,3.315756,3.280736,2.870054
2021-02-25,3.849375,3.252058,3.216324,2.820085
2021-02-26,3.835006,3.194274,3.176268,2.779651
2021-03-01,3.912152,3.272057,3.237200,2.827688
2021-03-02,3.869909,3.255183,3.218032,2.813195
2021-03-03,3.783473,3.262431,3.187990,2.789338
2021-03-04,3.742087,3.262723,3.162264,2.767322
2021-03-05,3.810211,3.331830,3.222049,2.822143
2021-03-08,3.748098,3.356171,3.218574,2.826475
2021-03-09,3.847543,3.327360,3.245470,2.842482
2021-03-10,3.846342,3.392768,3.279702,2.872640
2021-03-11,3.895150,3.386894,3.291110,2.875001
2021-03-12,3.899086,3.443065,3.316412,2.895506
2021-03-15,3.937211,3.430219,3.328946,2.906200
2021-03-16,3.972552,3.393704,3.325287,2.905069
2021-03-17,3.951289,3.425798,3.329468,2.906715
2021-03-18,3.889006,3.400078,3.306715,2.891458
2021-03-19,3.876447,3.374694,3.291455,2.879382
2021-03-22,3.962175,3.357629,3.312977,2.899260
2021-03-23,3.979263,3.311884,3.298976,2.892890
2021-03-24,3.937723,3.330235,3.299285,2.895573
2021-03-25,3.941987,3.349513,3.313297,2.908867
2021-03-26,4.008281,3.400414,3.370647,2.959293
2021-03-29,4.023758,3.400614,3.379108,2.970799
2021-03-30,3.983946,3.405055,3.364563,2.955304
2021-03-31,4.023601,3.375068,3.362344,2.950582
2021-04-01,4.053616,3.404511,3.385912,2.966124
2021-04-05,4.129049,3.408400,3.412033,2.989972
2021-04-06,4.121939,3.408964,3.406587,2.987269
2021-04-07,4.137021,3.419363,3.419284,2.995960
2021-04-08,4.165537,3.427125,3.426138,2.997978
2021-04-09,4.198264,3.436815,3.450478,3.015010
2021-04-12,4.204397,3.435080,3.464549,3.024729
2021-04-13,4.231352,3.440544,3.468320,3.024582
2021-04-14,4.201539,3.474147,3.466188,3.024278
2021-04-15,4.266725,3.494382,3.511228,3.058690
2021-04-16,4.276682,3.504159,3.523917,3.071930
2021-04-19,4.259152,3.501994,3.510663,3.063553
2021-04-20,4.246937,3.442236,3.493335,3.055417
2021-04-21,4.271436,3.475816,3.520333,3.074879
2021-04-22,4.217986,3.429028,3.478218,3.040027
2021-04-23,4.257675,3.470424,3.506013,3.059276
2021-04-26,4.237241,3.478152,3.496438,3.046180
2021-04-27,4.231370,3.485403,3.496931,3.044035
2021-04-28,4.194569,3.512148,3.496063,3.042939
2021-04-29,4.210750,3.527975,3.522109,3.068085
2021-04-30,4.191204,3.492209,3.497611,3.051197
2021-05-03,4.208098,3.512902,3.518057,3.070928
2021-05-04,4.130497,3.514739,3.512334,3.069713
2021-05-05,4.142576,3.569247,3.533325,3.083842
2021-05-06,4.195225,3.600498,3.572276,3.117167
2021-05-07,4.229635,3.645410,3.597332,3.134205
2021-05-10,4.196163,3.630823,3.596182,3.140726
2021-05-11,4.172471,3.572469,3.552164,3.102625
2021-05-12,4.080584,3.525823,3.497210,3.059641
2021-05-13,4.134143,3.536565,3.534470,3.092345
2021-05-14,4.200998,3.610562,3.583089,3.127712
2021-05-17,4.177304,3.627507,3.579600,3.122539
2021-05-18,4.140985,3.569029,3.543233,3.092178
2021-05-19,4.140500,3.533447,3.526137,3.078479
2021-05-20,4.206263,3.557856,3.552971,3.099662
2021-05-21,4.203074,3.598936,3.567698,3.109586
2021-05-24,4.261410,3.646559,3.600201,3.133614
2021-05-25,4.266869,3.617956,3.587259,3.122718
2021-05-26,4.259233,3.635140,3.589338,3.122958
2021-05-27,4.217458,3.633140,3.591985,3.122964
2021-05-28,4.237542,3.669758,3.604271,3.130963
2021-06-01,4.227896,3.688318,3.616514,3.135701
2021-06-02,4.252410,3.710996,3.632925,3.148867
2021-06-03,4.252367,3.739481,3.640783,3.156814
2021-06-04,4.307132,3.756767,3.668337,3.178048
2021-06-07,4.298786,3.734961,3.649289,3.162440
2021-06-08,4.293149,3.737557,3.647539,3.159269
2021-06-09,4.290679,3.722354,3.637890,3.153294
2021-06-10,4.313596,3.702375,3.632936,3.153903
2021-06-11,4.324319,3.678575,3.627076,3.146652
2021-06-14,4.361432,3.671934,3.628296,3.147518
2021-06-15,4.334904,3.697118,3.620257,3.141475
2021-06-16,4.312910,3.665791,3.599168,3.120666
2021-06-17,4.359961,3.629476,3.589031,3.113849
2021-06-18,4.305572,3.578339,3.529025,3.061837
2021-06-21,4.361639,3.639979,3.585749,3.109558
2021-06-22,4.396383,3.660600,3.602361,3.121383
2021-06-23,4.375870,3.664589,3.596004,3.113086
2021-06-24,4.384104,3.698916,3.622874,3.134216
2021-06-25,4.388290,3.703615,3.628971,3.141029
2021-06-28,4.447016,3.694439,3.639896,3.147026
2021-06-29,4.462338,3.675785,3.637440,3.142655
2021-06-30,4.456319,3.699609,3.653459,3.155570
2021-07-01,4.476310,3.707339,3.665566,3.166223
2021-07-02,4.534720,3.725079,3.692856,3.189647
2021-07-06,4.554478,3.693395,3.675229,3.175542
2021-07-07,4.581253,3.681735,3.688773,3.189405
2021-07-08,4.530966,3.647620,3.654536,3.163782
2021-07-09,4.569209,3.693262,3.707466,3.204735
2021-07-12,4.589258,3.714895,3.729176,3.219833
2021-07-13,4.585655,3.695312,3.715697,3.210742
2021-07-14,4.605409,3.669344,3.720887,3.219627
2021-07-15,4.567369,3.635128,3.716495,3.218906
2021-07-16,4.520172,3.572049,3.677598,3.192623
2021-07-19,4.501412,3.544088,3.618913,3.144026
2021-07-20,4.534571,3.559595,3.664390,3.178051
2021-07-21,4.578267,3.634166,3.707422,3.210536
2021-07-22,4.610475,3.626094,3.710465,3.212795
2021-07-23,4.653894,3.631867,3.726761,3.228441
2021-07-26,4.644764,3.645306,3.732642,3.233173
2021-07-27,4.626015,3.638172,3.730250,3.234378
2021-07-28,4.606474,3.645961,3.717431,3.219699
2021-07-29,4.629998,3.672009,3.740275,3.238252
2021-07-30,4.654157,3.628864,3.732809,3.235316
2021-08-02,4.648924,3.638099,3.728925,3.230909
2021-08-03,4.694556,3.663958,3.761210,3.257791
2021-08-04,4.697960,3.640270,3.738661,3.236527
2021-08-05,4.728582,3.678909,3.756764,3.249358
2021-08-06,4.704958,3.706812,3.771608,3.258381
2021-08-09,4.700645,3.700058,3.764537,3.253466
2021-08-10,4.673112,3.737801,3.780910,3.266912
2021-08-11,4.675302,3.769664,3.798838,3.280807
2021-08-12,4.720234,3.773985,3.812251,3.291965
2021-08-13,4.760486,3.766804,3.822636,3.302681
2021-08-16,4.788361,3.740971,3.834162,3.314929
2021-08-17,4.762619,3.699242,3.816984,3.305163
2021-08-18,4.695752,3.634563,3.764566,3.260955
2021-08-19,4.763205,3.611903,3.774806,3.270316
2021-08-20,4.846298,3.657094,3.805968,3.292859
2021-08-23,4.888354,3.751297,3.838007,3.312310
2021-08-24,4.853919,3.771922,3.832506,3.303313
2021-08-25,4.854626,3.802846,3.841155,3.307004
2021-08-26,4.831063,3.769254,3.820444,3.289027
2021-08-27,4.867741,3.824591,3.848751,3.309349
2021-08-30,4.929684,3.801923,3.858883,3.319539
2021-08-31,4.904835,3.787714,3.848314,3.312376
2021-09-01,4.930437,3.772676,3.851331,3.316671
2021-09-02,4.943960,3.810670,3.877536,3.338570
2021-09-03,4.960016,3.820340,3.874114,3.335987
2021-09-07,4.963222,3.787094,3.849587,3.312398
2021-09-08,4.944061,3.767930,3.836441,3.305205
2021-09-09,4.907116,3.742898,3.809878,3.279982
2021-09-10,4.870817,3.745576,3.785257,3.259370
2021-09-13,4.883132,3.766343,3.813013,3.282572
2021-09-14,4.879671,3.738998,3.788158,3.262989
2021-09-15,4.912070,3.782513,3.818784,3.286984
2021-09-16,4.898008,3.757860,3.799555,3.270972
2021-09-17,4.835194,3.720966,3.762536,3.241878
2021-09-20,4.740558,3.634693,3.688350,3.186339
2021-09-21,4.757032,3.633750,3.689259,3.186927
2021-09-22,4.818268,3.685363,3.728578,3.214577
2021-09-23,4.855180,3.757211,3.772581,3.247675
2021-09-24,4.834257,3.747693,3.766928,3.242645
2021-09-27,4.772062,3.761098,3.765715,3.238820
2021-09-28,4.652461,3.729342,3.710337,3.195463
2021-09-29,4.664915,3.722098,3.712551,3.200820
2021-09-30,4.623976,3.677324,3.663885,3.159044
2021-10-01,4.667285,3.717967,3.703035,3.189178
2021-10-04,4.575623,3.679088,3.667955,3.164155
2021-10-05,4.644039,3.707528,3.705240,3.190788
2021-10-06,4.687186,3.704240,3.719969,3.203812
2021-10-07,4.735458,3.741807,3.756149,3.232386
2021-10-08,4.710358,3.738243,3.753485,3.227738
2021-10-11,4.705081,3.700829,3.725949,3.204703
2021-10-12,4.703808,3.665852,3.712777,3.190760
2021-10-13,4.739862,3.672640,3.721272,3.199177
2021-10-14,4.844041,3.750576,3.791313,3.254576
2021-10-15,4.866155,3.790597,3.831370,3.285165
2021-10-18,4.896361,3.796923,3.837693,3.284796
2021-10-19,4.908509,3.841546,3.861290,3.305190
2021-10-20,4.921873,3.872540,3.891835,3.334386
2021-10-21,4.954692,3.868532,3.895684,3.334595
2021-10-22,4.959104,3.865372,3.900469,3.337332
2021-10-25,4.980985,3.897536,3.912914,3.344812
2021-10-26,5.067157,3.971158,3.954499,3.377800
2021-10-27,5.086704,3.914443,3.932295,3.360506
2021-10-28,5.146951,3.974439,3.975054,3.392321
2021-10-29,5.172490,3.991911,3.985898,3.400993
2021-11-01,5.172838,4.019398,3.992654,3.404950
2021-11-02,5.243790,4.052036,4.021234,3.426767
2021-11-03,5.271600,4.026029,4.025276,3.432125
2021-11-04,5.409918,4.108550,4.048765,3.442474
2021-11-05,5.406744,4.118850,4.058144,3.450936
2021-11-08,5.459853,4.196883,4.089131,3.471161
2021-11-09,5.457751,4.178706,4.086174,3.469701
2021-11-10,5.384125,4.103261,4.055592,3.452904
2021-11-11,5.421961,4.139674,4.059771,3.452780
2021-11-12,5.452009,4.148255,4.072456,3.463136
2021-11-15,5.445858,4.128440,4.063278,3.456568
2021-11-16,5.461149,4.126680,4.056448,3.448904
2021-11-17,5.446825,4.060385,4.033883,3.432960
2021-11-18,5.571381,4.112280,4.052179,3.440474
2021-11-19,5.637502,4.089453,4.038142,3.427414
2021-11-22,5.601571,4.094682,4.046934,3.436064
2021-11-23,5.611647,4.155018,4.082977,3.465104
2021-11-24,5.655844,4.178205,4.082094,3.462020
2021-11-26,5.502459,4.051425,3.985102,3.388786
2021-11-29,5.643098,4.100591,4.026897,3.420548
2021-11-30,5.587177,4.023910,3.957574,3.356663
2021-12-01,5.552486,3.978752,3.941875,3.347568
2021-12-02,5.604066,4.067771,3.998852,3.392941
2021-12-03,5.522747,4.022299,3.984637,3.391134
2021-12-06,5.563110,4.054089,4.034416,3.433387
2021-12-07,5.749410,4.170370,4.104598,3.481634
2021-12-08,5.763157,4.150693,4.102835,3.481423
2021-12-09,5.693108,4.118540,4.090649,3.474097
2021-12-10,5.767836,4.105784,4.121832,3.501820
2021-12-13,5.681375,4.010003,4.098762,3.494173
2021-12-14,5.629466,4.026494,4.094447,3.492918
2021-12-15,5.808853,4.097937,4.154524,3.536926
2021-12-16,5.659732,4.081060,4.152620,3.549034
2021-12-17,5.587481,3.984362,4.080841,3.492041
2021-12-20,5.557197,3.919123,4.037635,3.460155
2021-12-21,5.659512,4.009911,4.086189,3.492665
2021-12-22,5.729822,4.051582,4.122662,3.521664
2021-12-23,5.755651,4.082340,4.144863,3.538324
2021-12-27,5.901868,4.143371,4.199762,3.580790
2021-12-28,5.870192,4.126995,4.198328,3.582010
2021-12-29,5.881049,4.112591,4.202766,3.586637
2021-12-30,5.842986,4.089102,4.186752,3.574155
2021-12-31,5.831152,4.082106,4.184841,3.572423
2022-01-03,5.858650,4.190637,4.211825,3.590944
2022-01-04,5.777473,4.250985,4.246099,3.620379
2022-01-05,5.615257,4.164506,4.211716,3.601480
2022-01-06,5.592341,4.192670,4.195208,3.584410
2022-01-07,5.535810,4.182201,4.196961,3.591850
2022-01-10,5.526721,4.182331,4.187648,3.581174
2022-01-11,5.556761,4.250474,4.209170,3.592733
2022-01-12,5.577124,4.235464,4.217444,3.598619
2022-01-13,5.447806,4.177366,4.179888,3.571122
2022-01-14,5.484437,4.157980,4.169112,3.564661
2022-01-18,5.368534,4.046152,4.098337,3.512832
2022-01-19,5.338847,3.969807,4.073889,3.500549
2022-01-20,5.291532,3.924959,4.048488,3.482074
2022-01-21,5.233194,3.856505,4.005663,3.450492
2022-01-24,5.208094,3.858056,3.994366,3.438344
2022-01-25,5.117491,3.838361,3.978415,3.429146
2022-01-26,5.141416,3.852532,3.971258,3.415021
2022-01-27,5.095004,3.817117,3.963169,3.413726
2022-01-28,5.289966,3.905480,4.030740,3.473163
2022-01-31,5.420016,4.013608,4.088461,3.515102
2022-02-01,5.395511,4.096944,4.112055,3.528748
2022-02-02,5.487924,4.122949,4.151669,3.564658
2022-02-03,5.369573,4.016521,4.085522,3.517997
2022-02-04,5.359012,4.068470,4.078080,3.504276
2022-02-07,5.337743,4.083908,4.079682,3.502654
2022-02-08,5.380701,4.098391,4.103823,3.519843
2022-02-09,5.507125,4.178082,4.152106,3.555327
2022-02-10,5.359168,4.105899,4.091468,3.506542
2022-02-11,5.206449,4.025013,4.019223,3.452539
2022-02-14,5.218165,4.012076,4.006125,3.441655
2022-02-15,5.364910,4.109949,4.068511,3.487139
2022-02-16,5.364620,4.104948,4.068971,3.488577
2022-02-17,5.231821,3.963612,3.997449,3.441011
2022-02-18,5.173531,3.903152,3.972592,3.423974
2022-02-22,5.123948,3.874645,3.940497,3.396833
2022-02-23,5.003092,3.799873,3.882138,3.350836
2022-02-24,5.116351,3.863239,3.884779,3.342900
2022-02-25,5.238222,3.937007,4.000931,3.447571
2022-02-28,5.221726,3.935688,3.972296,3.422196
2022-03-01,5.139430,3.863493,3.908145,3.373750
2022-03-02,5.229549,3.970005,3.984736,3.434193
2022-03-03,5.205763,3.959706,3.986175,3.440342
2022-03-04,5.149135,3.935148,3.976466,3.437744
2022-03-07,4.983631,3.878222,3.901341,3.381127
2022-03-08,4.912898,3.916416,3.873512,3.345734
2022-03-09,5.097858,4.007393,3.958642,3.409200
2022-03-10,5.023834,3.982087,3.934399,3.388311
2022-03-11,4.923749,3.946596,3.891464,3.355073
2022-03-14,4.872348,3.902068,3.884319,3.353483
2022-03-15,5.067180,3.951666,3.962845,3.419150
2022-03-16,5.200009,4.029344,4.027822,3.461972
2022-03-17,5.243578,4.083012,4.074598,3.498868
2022-03-18,5.372415,4.116928,4.103458,3.511104
2022-03-21,5.386931,4.140072,4.119225,3.525667
2022-03-22,5.424357,4.175179,4.137639,3.539259
2022-03-23,5.364417,4.153848,4.102084,3.512842
2022-03-24,5.510515,4.203265,4.163292,3.556873
2022-03-25,5.515526,4.224894,4.187655,3.579606
2022-03-28,5.591459,4.228455,4.199665,3.590379
2022-03-29,5.680590,4.265860,4.229674,3.614137
2022-03-30,5.623626,4.263433,4.225444,3.614726
2022-03-31,5.536307,4.204327,4.164140,3.564409
2022-04-01,5.541151,4.205606,4.184522,3.589098
2022-04-04,5.596048,4.227602,4.193887,3.594196
2022-04-05,5.519999,4.184523,4.165469,3.578166
2022-04-06,5.445261,4.145255,4.151028,3.577735
2022-04-07,5.442912,4.167707,4.159428,3.586784
2022-04-08,5.380420,4.187016,4.167805,3.598629
2022-04-11,5.230146,4.119483,4.109191,3.555363
2022-04-12,5.206989,4.114506,4.105334,3.553173
2022-04-13,5.280679,4.136464,4.139298,3.581466
2022-04-14,5.183475,4.140130,4.116105,3.563879
2022-04-18,5.214262,4.161596,4.124281,3.563025
2022-04-19,5.316466,4.205646,4.186909,3.616435
2022-04-20,5.322864,4.249599,4.219363,3.649502
2022-04-21,5.209305,4.207388,4.175154,3.621048
2022-04-22,5.061007,4.066422,4.050264,3.513687
2022-04-25,5.108344,4.080128,4.065470,3.522907
2022-04-26,4.940130,3.973617,3.968526,3.445132
2022-04-27,4.979208,4.034987,3.981477,3.452000
2022-04-28,5.160304,4.110328,4.070919,3.520898
2022-04-29,4.921459,4.010552,3.951168,3.419234
2022-05-02,4.907040,4.022071,3.963016,3.420900
2022-05-03,4.902760,4.037996,3.979069,3.433659
2022-05-04,5.008888,4.153215,4.088678,3.523207
2022-05-05,4.785385,4.000736,3.959153,3.421764
2022-05-06,4.770192,3.972871,3.951413,3.418559
2022-05-09,4.558122,3.768409,3.840329,3.338754
2022-05-10,4.555758,3.743696,3.828177,3.325252
2022-05-11,4.434741,3.713990,3.783863,3.291434
2022-05-12,4.369788,3.687623,3.764607,3.279475
2022-05-13,4.532226,3.790504,3.845660,3.339696
2022-05-16,4.494795,3.794245,3.848515,3.348659
2022-05-17,4.579104,3.871814,3.917630,3.397877
2022-05-18,4.329365,3.732680,3.775130,3.278214
2022-05-19,4.315196,3.729297,3.759438,3.262260
2022-05-20,4.300840,3.704427,3.755388,3.265181
2022-05-23,4.383916,3.788689,3.841644,3.335922
2022-05-24,4.349054,3.780053,3.849031,3.351260
2022-05-25,4.386597,3.819387,3.870937,3.364911
2022-05-26,4.485795,3.880785,3.926742,3.404804
2022-05-27,4.629736,3.985495,4.009162,3.470055
2022-05-31,4.595398,3.956805,3.978183,3.442775
2022-06-01,4.566094,3.957228,3.952309,3.421958
2022-06-02,4.660105,4.007581,4.016803,3.469113
2022-06-03,4.575083,3.973009,3.968283,3.431117
2022-06-06,4.592664,3.984089,3.977425,3.439097
2022-06-07,4.654344,4.044334,4.026146,3.480437
2022-06-08,4.630892,4.013542,3.986222,3.448517
2022-06-09,4.517443,3.924177,3.898254,3.376057
2022-06-10,4.374778,3.803713,3.787791,3.294330
2022-06-13,4.189629,3.636904,3.662822,3.193635
2022-06-14,4.176201,3.651394,3.639901,3.168004
2022-06-15,4.235814,3.710381,3.688707,3.203793
2022-06-16,4.094196,3.595318,3.599429,3.136674
2022-06-17,4.097558,3.579063,3.582569,3.123292
2022-06-21,4.248504,3.677538,3.688501,3.214653
2022-06-22,4.225238,3.654674,3.679574,3.212622
2022-06-23,4.232496,3.670668,3.694492,3.234835
2022-06-24,4.340901,3.750609,3.784961,3.301032
2022-06-27,4.350590,3.739998,3.773202,3.291790
2022-06-28,4.264722,3.696118,3.725788,3.250481
2022-06-29,4.250371,3.688324,3.716562,3.247206
2022-06-30,4.191699,3.637342,3.676960,3.219468
2022-07-01,4.196627,3.682045,3.706506,3.251210
2022-07-05,4.206085,3.652689,3.675606,3.221602
2022-07-06,4.245676,3.654661,3.686202,3.231346
2022-07-07,4.319237,3.724384,3.735175,3.265083
2022-07-08,4.324079,3.710080,3.728638,3.258963
2022-07-11,4.266757,3.688013,3.701126,3.241001
2022-07-12,4.234242,3.651838,3.677143,3.220629
2022-07-13,4.215423,3.653475,3.661969,3.208141
2022-07-14,4.242018,3.615269,3.632460,3.185485
2022-07-15,4.336420,3.668188,3.712449,3.248276
2022-07-18,4.300237,3.646861,3.692108,3.223850
2022-07-19,4.403893,3.753739,3.791311,3.296732
2022-07-20,4.429541,3.753835,3.790185,3.284606
2022-07-21,4.464257,3.768401,3.805835,3.290535
2022-07-22,4.420275,3.762869,3.772473,3.257097
2022-07-25,4.422284,3.799370,3.792332,3.276003
2022-07-26,4.386671,3.781597,3.773389,3.266450
2022-07-27,4.522519,3.859040,3.846080,3.318183
2022-07-28,4.573726,3.936191,3.908582,3.371664
2022-07-29,4.606647,3.981917,3.951368,3.400642
2022-08-01,4.582156,3.966356,3.935909,3.391475
2022-08-02,4.551015,3.888669,3.886571,3.348085
2022-08-03,4.614952,3.899686,3.925938,3.379856
2022-08-04,4.588873,3.853950,3.906249,3.358421
2022-08-05,4.583230,3.880928,3.920875,3.370499
2022-08-08,4.521292,3.879125,3.897550,3.353753
2022-08-09,4.495735,3.894682,3.902133,3.359231
2022-08-10,4.592429,3.952695,3.976756,3.414440
2022-08-11,4.567620,3.977987,3.978132,3.411094
2022-08-12,4.646959,4.028098,4.035145,3.453581
2022-08-15,4.668217,4.032625,4.054867,3.471979
2022-08-16,4.668619,4.041990,4.062074,3.481335
2022-08-17,4.648147,4.033032,4.044516,3.467081
2022-08-18,4.674240,4.039748,4.050824,3.466116
2022-08-19,4.625843,4.019759,4.009059,3.440719
2022-08-22,4.539147,3.977046,3.940593,3.388856
2022-08-23,4.545208,4.002586,3.933143,3.377268
2022-08-24,4.544801,3.994758,3.937100,3.379496
2022-08-25,4.623828,4.033416,3.989474,3.418673
2022-08-26,4.441977,3.935852,3.861004,3.318791
2022-08-29,4.404356,3.943422,3.844930,3.306863
2022-08-30,4.334660,3.859274,3.794792,3.264072
2022-08-31,4.285454,3.811068,3.760116,3.232877
2022-09-01,4.225519,3.802525,3.747614,3.231008
2022-09-02,4.182235,3.765641,3.704325,3.192582
2022-09-06,4.161293,3.737253,3.689709,3.180860
2022-09-07,4.191565,3.773743,3.736749,3.218521
2022-09-08,4.224203,3.784853,3.759391,3.235770
2022-09-09,4.291086,3.864473,3.815844,3.283026
2022-09-12,4.357500,3.928703,3.858913,3.318232
2022-09-13,4.140508,3.768916,3.706697,3.196965
2022-09-14,4.167646,3.788330,3.704309,3.196261
2022-09-15,4.134504,3.729013,3.669030,3.166675
2022-09-16,4.129008,3.699215,3.658350,3.161402
2022-09-19,4.167202,3.728830,3.677253,3.174102
2022-09-20,4.146911,3.705439,3.642061,3.144521
2022-09-21,4.087609,3.634421,3.581635,3.091089
2022-09-22,4.051528,3.622749,3.564247,3.085195
2022-09-23,3.982444,3.541446,3.508729,3.041397
2022-09-26,3.938330,3.516979,3.459934,3.002022
2022-09-27,3.964982,3.504003,3.447037,2.987222
2022-09-28,4.025655,3.555519,3.506695,3.034670
2022-09-29,3.932712,3.479310,3.441969,2.980614
2022-09-30,3.878568,3.417984,3.399900,2.943386
2022-10-03,3.979990,3.526117,3.492785,3.019529
2022-10-04,4.094402,3.649083,3.595597,3.099554
2022-10-05,4.130858,3.652764,3.588405,3.091406
2022-10-06,4.111914,3.629981,3.542594,3.048061
2022-10-07,3.971373,3.548040,3.456604,2.979033
2022-10-10,3.920982,3.520102,3.429196,2.958353
2022-10-11,3.912555,3.504855,3.415748,2.948668
2022-10-12,3.906302,3.508529,3.419017,2.950736
2022-10-13,4.018771,3.615095,3.517894,3.029660
2022-10-14,3.924403,3.540988,3.453382,2.980704
2022-10-17,4.031081,3.619429,3.544955,3.054124
2022-10-18,4.043430,3.652560,3.577364,3.078146
2022-10-19,4.060013,3.657809,3.563259,3.064953
2022-10-20,4.070722,3.634889,3.553135,3.056849
2022-10-21,4.164636,3.748316,3.633553,3.112248
2022-10-24,4.216829,3.756735,3.667973,3.144235
2022-10-25,4.270715,3.813136,3.730161,3.193531
2022-10-26,4.242062,3.799138,3.727475,3.194635
2022-10-27,4.233417,3.837366,3.750534,3.210267
2022-10-28,4.393102,3.956558,3.866514,3.308044
2022-10-31,4.358657,3.925795,3.834173,3.281003
2022-11-01,4.340746,3.931536,3.827720,3.274533
2022-11-02,4.249735,3.856252,3.770270,3.229619
2022-11-03,4.243693,3.857951,3.771131,3.226977
2022-11-04,4.299422,3.946010,3.837543,3.276915
2022-11-07,4.339229,3.995866,3.876525,3.308247
2022-11-08,4.381020,4.013891,3.903343,3.331640
2022-11-09,4.234535,3.925736,3.835241,3.279983
2022-11-10,4.462570,4.087573,4.019385,3.421473
2022-11-11,4.486524,4.137510,4.032275,3.424034
2022-11-14,4.475618,4.107831,4.010114,3.409417
2022-11-15,4.494307,4.102197,4.011461,3.406280
2022-11-16,4.454218,4.091570,4.002890,3.404713
2022-11-17,4.464506,4.084871,3.997609,3.403630
2022-11-18,4.476525,4.095557,4.021114,3.426788
2022-11-21,4.425490,4.084087,4.017886,3.428078
2022-11-22,4.523376,4.155497,4.078736,3.475767
2022-11-23,4.563284,4.172242,4.100813,3.490231
2022-11-25,4.541974,4.169482,4.101842,3.492694
2022-11-28,4.454588,4.087853,4.028909,3.436186
2022-11-29,4.421395,4.101157,4.024826,3.431661
2022-11-30,4.585272,4.198641,4.134119,3.518149
2022-12-01,4.575429,4.186184,4.119110,3.504248
2022-12-02,4.553572,4.173074,4.114432,3.503008
2022-12-05,4.497019,4.096088,4.048501,3.447980
2022-12-06,4.407423,4.034388,4.000341,3.411529
2022-12-07,4.410337,4.034007,4.006961,3.419393
2022-12-08,4.497471,4.078482,4.047809,3.447332
2022-12-09,4.452424,4.045078,4.019956,3.426048
2022-12-12,4.545405,4.121400,4.088484,3.481737
2022-12-13,4.585047,4.164754,4.123289,3.506336
2022-12-14,4.543042,4.139455,4.101986,3.491150
2022-12-15,4.423244,4.044370,4.010998,3.423936
2022-12-16,4.378222,4.029435,3.967984,3.387969
2022-12-19,4.349972,4.021363,3.951520,3.376151
2022-12-20,4.353918,4.050069,3.960925,3.383755
2022-12-21,4.438849,4.107435,4.022514,3.435625
2022-12-22,4.326367,4.042692,3.969156,3.401624
2022-12-23,4.352050,4.078788,3.987862,3.418085
2022-12-27,4.297754,4.085565,3.978967,3.420882
2022-12-28,4.237165,4.043915,3.934250,3.382539
2022-12-29,4.307613,4.083853,3.988235,3.424486
2022-12-30,4.316354,4.084352,3.981666,3.418145
2023-01-03,4.215544,4.009971,3.952487,3.400172
2023-01-04,4.238028,4.032470,3.965532,3.414081
2023-01-05,4.192001,3.990152,3.909965,3.373017
2023-01-06,4.297601,4.099532,3.995914,3.442557
2023-01-09,4.321626,4.117089,3.998185,3.434817
2023-01-10,4.360326,4.153594,4.019560,3.451084
2023-01-11,4.407717,4.213163,4.060446,3.476551
2023-01-12,4.469196,4.250009,4.090755,3.498121
2023-01-13,4.499423,4.295080,4.117698,3.516992
2023-01-17,4.532233,4.245218,4.089130,3.489088
2023-01-18,4.463304,4.191078,4.016706,3.424779
2023-01-19,4.432367,4.172788,3.987406,3.402956
2023-01-20,4.540700,4.217301,4.032874,3.434263
2023-01-23,4.635125,4.263992,4.076151,3.458108
2023-01-24,4.685507,4.297906,4.106174,3.485089
2023-01-25,4.683857,4.289627,4.105476,3.485130
2023-01-26,4.771681,4.364288,4.153781,3.518166
2023-01-27,4.790590,4.358798,4.156249,3.518267
2023-01-30,4.686040,4.318237,4.107450,3.482470
2023-01-31,4.725896,4.357608,4.156244,3.522796
2023-02-01,4.774039,4.395767,4.181896,3.540030
2023-02-02,4.736937,4.372213,4.193056,3.543926
2023-02-03,4.739720,4.381328,4.171697,3.526463
2023-02-06,4.745417,4.377449,4.169078,3.522071
2023-02-07,4.843095,4.461226,4.217156,3.550375
2023-02-08,4.831361,4.444797,4.198426,3.535153
2023-02-09,4.829568,4.439056,4.163250,3.503198
2023-02-10,4.847552,4.458438,4.178446,3.519763
2023-02-13,4.886297,4.498097,4.224142,3.556230
2023-02-14,4.905037,4.508309,4.215479,3.544188
2023-02-15,4.915927,4.519623,4.215354,3.541948
2023-02-16,4.848661,4.458545,4.157124,3.495746
2023-02-17,4.805732,4.431530,4.158537,3.506507
2023-02-21,4.713905,4.352516,4.091999,3.452722
2023-02-22,4.697092,4.343397,4.086210,3.449179
2023-02-23,4.846810,4.456444,4.136273,3.474638
2023-02-24,4.810727,4.425129,4.116217,3.459548
2023-02-27,4.834441,4.443630,4.130670,3.469504
2023-02-28,4.801446,4.414242,4.104699,3.447618
2023-03-01,4.810639,4.423063,4.090435,3.435505
2023-03-02,4.863789,4.467908,4.130728,3.467099
2023-03-03,4.947827,4.522834,4.189841,3.509679
2023-03-06,4.958765,4.525817,4.196033,3.516519
2023-03-07,4.869536,4.455843,4.127021,3.462347
2023-03-08,4.903942,4.472886,4.135952,3.463765
2023-03-09,4.808485,4.394721,4.053119,3.398108
2023-03-10,4.702220,4.332438,4.004019,3.364134
2023-03-13,4.699645,4.332902,3.999429,3.363675
2023-03-14,4.767653,4.385427,4.055692,3.405603
2023-03-15,4.693521,4.329609,4.011137,3.376375
2023-03-16,4.776234,4.386309,4.062143,3.409287
2023-03-17,4.744448,4.349872,4.012038,3.372624
2023-03-20,4.829386,4.424056,4.071532,3.422963
2023-03-21,4.921666,4.483832,4.115234,3.454349
2023-03-22,4.869296,4.429153,4.062013,3.410141
2023-03-23,4.877922,4.433554,4.071136,3.415124
2023-03-24,4.874288,4.440312,4.093021,3.438752
2023-03-27,4.892250,4.462014,4.112959,3.455768
2023-03-28,4.887134,4.450453,4.108293,3.451274
2023-03-29,4.944015,4.491271,4.152272,3.486621
2023-03-30,4.987145,4.518909,4.176330,3.505115
2023-03-31,5.042863,4.564579,4.224868,3.543080
2023-04-03,5.166725,4.614838,4.269720,3.582189
2023-04-04,5.100283,4.532244,4.241343,3.568372
2023-04-05,5.110145,4.528111,4.250321,3.590506
2023-04-06,5.100648,4.525310,4.257504,3.596368
2023-04-10,5.123004,4.581646,4.268677,3.599905
2023-04-11,5.135671,4.606096,4.268875,3.601218
2023-04-12,5.109749,4.593611,4.264989,3.598990
2023-04-13,5.161807,4.621237,4.301020,3.629418
2023-04-14,5.148963,4.644339,4.312115,3.631850
2023-04-17,5.139376,4.661463,4.332722,3.646316
2023-04-18,5.187530,4.659115,4.335820,3.639333
2023-04-19,5.161869,4.651282,4.336626,3.637486
2023-04-20,5.118934,4.620635,4.309425,3.615684
2023-04-21,5.113971,4.624703,4.314794,3.624219
2023-04-24,5.154361,4.653372,4.327082,3.633746
2023-04-25,5.094016,4.595637,4.286648,3.610667
2023-04-26,5.078993,4.567955,4.271878,3.591177
2023-04-27,5.142524,4.617606,4.344019,3.654071
2023-04-28,5.199770,4.667208,4.384490,3.682867
2023-05-01,5.214931,4.702764,4.386253,3.681031
2023-05-02,5.135070,4.659125,4.338735,3.645702
2023-05-03,5.080085,4.631260,4.309166,3.624083
2023-05-04,5.028873,4.590904,4.271024,3.593743
2023-05-05,5.151996,4.685728,4.348952,3.649903
2023-05-08,5.162766,4.689232,4.346849,3.645805
2023-05-09,5.122993,4.648489,4.317299,3.621164
2023-05-10,5.133238,4.674677,4.333504,3.633456
2023-05-11,5.097427,4.640438,4.306648,3.615020
2023-05-12,5.102110,4.631351,4.301524,3.614173
2023-05-15,5.113837,4.646860,4.303437,3.607607
2023-05-16,5.071489,4.624076,4.263156,3.572749
2023-05-17,5.139803,4.699789,4.317538,3.607980
2023-05-18,5.189336,4.756913,4.341064,3.616425
2023-05-19,5.189527,4.744099,4.339947,3.617585
2023-05-22,5.147524,4.741316,4.315749,3.593918
2023-05-23,5.106823,4.697094,4.282788,3.571612
2023-05-24,5.108747,4.671447,4.257028,3.550381
2023-05-25,5.307977,4.918582,4.324591,3.571466
2023-05-26,5.345201,4.984293,4.364628,3.598038
2023-05-30,5.351850,4.992800,4.359933,3.588942
2023-05-31,5.282197,4.925987,4.327333,3.575259
2023-06-01,5.390249,5.002354,4.365194,3.600460
2023-06-02,5.478171,5.111233,4.436366,3.652516
2023-06-05,5.449087,5.084434,4.418390,3.640246
2023-06-06,5.420628,5.070252,4.414531,3.636091
2023-06-07,5.417122,5.059051,4.435909,3.656017
2023-06-08,5.478052,5.098361,4.453928,3.671903
2023-06-09,5.487553,5.112716,4.450111,3.668935
2023-06-12,5.510467,5.141781,4.463333,3.674941
2023-06-13,5.571892,5.207866,4.508263,3.703336
2023-06-14,5.545518,5.256641,4.507123,3.699916
2023-06-15,5.592286,5.337401,4.560499,3.747792
2023-06-16,5.561508,5.324695,4.548802,3.741476
2023-06-20,5.572858,5.296233,4.515887,3.712553
2023-06-21,5.586072,5.282571,4.514337,3.715663
2023-06-22,5.592598,5.294724,4.509770,3.716152
2023-06-23,5.541093,5.232886,4.469464,3.685060
2023-06-26,5.525295,5.198468,4.470137,3.690339
2023-06-27,5.599086,5.264484,4.512882,3.721094
2023-06-28,5.575704,5.251963,4.504439,3.715644
2023-06-29,5.592755,5.252246,4.540823,3.741847
2023-06-30,5.682314,5.328192,4.589834,3.778683
2023-07-03,5.688996,5.344350,4.594604,3.780805
2023-07-05,5.657773,5.324218,4.566268,3.761644
2023-07-06,5.587280,5.281554,4.524518,3.728043
2023-07-07,5.573665,5.287219,4.504918,3.702414
2023-07-10,5.590726,5.268324,4.508030,3.701796
2023-07-11,5.619844,5.307189,4.527586,3.712656
2023-07-12,5.648817,5.381885,4.559068,3.729675
2023-07-13,5.684361,5.473257,4.586441,3.744265
2023-07-14,5.724434,5.467450,4.597315,3.756347
2023-07-17,5.767723,5.483312,4.603411,3.742706
2023-07-18,5.844903,5.606573,4.643446,3.773793
2023-07-19,5.868204,5.625537,4.660441,3.798716
2023-07-20,5.856082,5.592843,4.691488,3.835945
2023-07-21,5.835795,5.543759,4.694158,3.846780
2023-07-24,5.876110,5.581177,4.728306,3.872033
2023-07-25,5.920859,5.626406,4.752176,3.889735
2023-07-26,5.898496,5.584636,4.743393,3.886269
2023-07-27,5.891524,5.548278,4.687044,3.839866
2023-07-28,5.926000,5.604819,4.715413,3.864720
2023-07-31,5.979324,5.613599,4.723251,3.862208
2023-08-01,6.039955,5.687523,4.737346,3.869539
2023-08-02,5.958933,5.595785,4.690809,3.843333
2023-08-03,5.962582,5.553420,4.684111,3.837923
2023-08-04,5.920508,5.517309,4.641026,3.801168
2023-08-07,5.978699,5.566980,4.680962,3.835210
2023-08-08,5.952155,5.528315,4.656545,3.819277
2023-08-09,5.908814,5.483979,4.631325,3.806995
2023-08-10,5.906881,5.488632,4.630619,3.806960
2023-08-11,5.902554,5.469004,4.644328,3.825601
2023-08-14,5.988173,5.549688,4.666894,3.834433
2023-08-15,5.917171,5.499795,4.616382,3.794669
2023-08-16,5.863932,5.467212,4.586985,3.772496
2023-08-17,5.858765,5.448065,4.567615,3.758841
2023-08-18,5.885351,5.448730,4.576107,3.765841
2023-08-21,5.957028,5.548915,4.586864,3.757392
2023-08-22,5.891518,5.506361,4.562528,3.741043
2023-08-23,5.932785,5.574839,4.595888,3.760245
2023-08-24,5.898026,5.530214,4.565508,3.740332
2023-08-25,5.913155,5.534487,4.589014,3.762772
2023-08-28,5.963928,5.580670,4.616772,3.780036
2023-08-29,6.050747,5.699456,4.677798,3.824387
2023-08-30,6.083492,5.714140,4.688322,3.829587
2023-08-31,6.038902,5.707714,4.665295,3.810168
2023-09-01,6.057177,5.707335,4.674598,3.815340
2023-09-05,6.038407,5.673133,4.642927,3.788424
2023-09-06,6.006363,5.629581,4.610972,3.765278
2023-09-07,5.990296,5.625386,4.602106,3.763491
2023-09-08,5.987091,5.612566,4.605628,3.764937
2023-09-11,5.969484,5.633164,4.623002,3.784813
2023-09-12,5.981850,5.646301,4.626600,3.787063
2023-09-13,5.966957,5.645260,4.627707,3.787516
2023-09-14,6.039734,5.699969,4.685530,3.830761
2023-09-15,5.959241,5.648008,4.640504,3.796977
2023-09-18,5.983221,5.663787,4.653977,3.806974
2023-09-19,5.946444,5.640008,4.642031,3.797053
2023-09-20,5.929252,5.644333,4.609572,3.781562
2023-09-21,5.856137,5.585905,4.543815,3.733430
2023-09-22,5.890452,5.597280,4.540336,3.728656
2023-09-25,5.925257,5.626042,4.554684,3.735117
2023-09-26,5.876614,5.556892,4.500313,3.693712
2023-09-27,5.927267,5.553621,4.498521,3.683763
2023-09-28,5.963208,5.588514,4.517283,3.695199
2023-09-29,5.929193,5.550134,4.496499,3.676690
2023-10-02,5.953579,5.507893,4.484321,3.660922
2023-10-03,5.890116,5.469418,4.440515,3.633590
2023-10-04,5.852756,5.466411,4.447952,3.635660
2023-10-05,5.823762,5.437592,4.427508,3.616537
2023-10-06,5.882635,5.494508,4.471739,3.646232
2023-10-09,5.937175,5.538081,4.499333,3.669893
2023-10-10,5.959823,5.570942,4.522351,3.689547
2023-10-11,5.929905,5.565759,4.517787,3.677294
2023-10-12,5.915671,5.507515,4.489470,3.653351
2023-10-13,5.943257,5.491771,4.494900,3.662929
2023-10-16,5.979247,5.552670,4.532406,3.693755
2023-10-17,5.940899,5.528333,4.512639,3.685399
2023-10-18,5.837677,5.404733,4.449375,3.642729
2023-10-19,5.798939,5.367795,4.431843,3.632578
2023-10-20,5.742509,5.351323,4.401031,3.613163
2023-10-23,5.740078,5.325762,4.386624,3.595504
2023-10-24,5.775853,5.416438,4.439426,3.650618
2023-10-25,5.722773,5.347711,4.408656,3.632382
2023-10-26,5.648514,5.309097,4.377010,3.612574
2023-10-27,5.587396,5.232253,4.324188,3.562474
2023-10-30,5.656471,5.318557,4.399166,3.624444
2023-10-31,5.599666,5.294957,4.411714,3.640355
2023-11-01,5.643122,5.354152,4.452432,3.665616
2023-11-02,5.741975,5.483299,4.531427,3.725993
2023-11-03,5.771320,5.526964,4.566579,3.746008
2023-11-06,5.776088,5.490473,4.564954,3.743335
2023-11-07,5.760869,5.456937,4.562476,3.741465
2023-11-08,5.763812,5.455486,4.565698,3.739631
2023-11-09,5.755571,5.414137,4.546383,3.721214
2023-11-10,5.826924,5.476372,4.608068,3.762461
2023-11-13,5.852595,5.481518,4.609792,3.766119
2023-11-14,5.895813,5.598096,4.678889,3.811257
2023-11-15,5.870102,5.621406,4.681910,3.815593
2023-11-16,5.891745,5.618552,4.702799,3.832500
2023-11-17,5.908990,5.652328,4.709907,3.835992
2023-11-20,5.933280,5.677164,4.732351,3.852555
2023-11-21,5.950557,5.680938,4.730721,3.857612
2023-11-22,5.932356,5.659593,4.738599,3.867527
2023-11-24,5.940925,5.678488,4.746919,3.878795
2023-11-27,5.926097,5.667531,4.738694,3.869473
2023-11-28,5.906450,5.671541,4.745020,3.876337
2023-11-29,5.887870,5.688509,4.745667,3.874911
2023-11-30,5.925539,5.733719,4.784543,3.916037
2023-12-01,5.935556,5.783765,4.817768,3.943509
2023-12-04,5.885937,5.739246,4.798629,3.930567
2023-12-05,5.885193,5.743030,4.787236,3.916386
2023-12-06,5.820180,5.701875,4.763886,3.899458
2023-12-07,5.829643,5.732160,4.776484,3.904293
2023-12-08,5.871211,5.782717,4.794683,3.910351
2023-12-11,5.855842,5.770861,4.803662,3.918097
2023-12-12,5.911022,5.779958,4.832012,3.934595
2023-12-13,5.911481,5.883842,4.878750,3.968393
2023-12-14,5.918601,6.048172,4.936543,4.004432
2023-12-15,5.905009,6.038530,4.921439,3.986483
2023-12-18,5.942076,6.072552,4.937218,4.000030
2023-12-19,5.954850,6.108755,4.961704,4.017645
2023-12-20,5.843162,6.000663,4.887002,3.957793
2023-12-21,5.896804,6.042447,4.918451,3.982284
2023-12-22,5.905461,6.058216,4.929389,3.993037
2023-12-26,5.922823,6.097827,4.950862,4.009005
2023-12-27,5.931428,6.104964,4.963310,4.017340
2023-12-28,5.920141,6.101576,4.967543,4.020404
2023-12-29,5.925569,6.084110,4.966461,4.022480
2024-01-02,5.940786,6.138679,4.987951,4.056824
2024-01-03,5.915030,6.071341,4.954251,4.038254
2024-01-04,5.926261,6.088190,4.956837,4.040355
2024-01-05,5.947268,6.119688,4.970642,4.049002
2024-01-08,6.019536,6.186157,5.015391,4.073867
2024-01-09,6.028293,6.176838,5.005660,4.064322
2024-01-10,6.051802,6.189116,5.023176,4.074933
2024-01-11,6.064672,6.149845,5.003784,4.055322
2024-01-12,6.043042,6.121780,5.007916,4.061887
2024-01-16,6.031838,6.111928,4.990209,4.044448
2024-01-17,6.003062,6.044994,4.961569,4.025199
2024-01-18,6.019454,6.042698,4.984771,4.038206
2024-01-19,6.058964,6.093583,5.023719,4.058926
2024-01-22,6.091012,6.142162,5.043035,4.074611
2024-01-23,6.128095,6.190261,5.082375,4.116089
2024-01-24,6.166231,6.177692,5.064794,4.093386
2024-01-25,6.198434,6.215779,5.109752,4.129954
2024-01-26,6.219019,6.236283,5.109248,4.134208
2024-01-29,6.273093,6.278064,5.135152,4.148956
2024-01-30,6.307469,6.300599,5.157886,4.167627
2024-01-31,6.248224,6.273016,5.110707,4.136829
2024-02-01,6.305903,6.321862,5.149171,4.162881
2024-02-02,6.367746,6.337009,5.167147,4.164414
2024-02-05,6.401944,6.299725,5.150562,4.141810
2024-02-06,6.429750,6.364424,5.187229,4.172169
2024-02-07,6.490691,6.375306,5.206009,4.181281
2024-02-08,6.496282,6.376866,5.197384,4.171756
2024-02-09,6.498364,6.403031,5.206604,4.171331
2024-02-12,6.523111,6.422925,5.227431,4.189079
2024-02-13,6.482709,6.392639,5.168533,4.146532
2024-02-14,6.511071,6.406815,5.183260,4.152317
2024-02-15,6.565208,6.477047,5.241369,4.201418
2024-02-16,6.570295,6.479684,5.234305,4.196881
2024-02-20,6.516301,6.448694,5.224985,4.200793
2024-02-21,6.534680,6.463808,5.251387,4.228816
2024-02-22,6.772866,6.618284,5.344287,4.277077
2024-02-23,6.774330,6.621687,5.345813,4.279969
2024-02-26,6.767406,6.575182,5.319909,4.254941
2024-02-27,6.719367,6.548769,5.311630,4.246785
2024-02-28,6.679952,6.530639,5.316715,4.250921
2024-02-29,6.686621,6.521205,5.323253,4.250579
2024-03-01,6.745172,6.560471,5.342775,4.260107
2024-03-04,6.781231,6.535884,5.346734,4.256261
2024-03-05,6.799983,6.480967,5.320067,4.237265
2024-03-06,6.866383,6.497216,5.340081,4.246260
2024-03-07,6.965816,6.556029,5.370560,4.262213
2024-03-08,6.890456,6.514139,5.355236,4.258047
2024-03-11,6.936042,6.564041,5.375709,4.284271
2024-03-12,7.036666,6.652321,5.423379,4.311233
2024-03-13,7.052130,6.628691,5.432733,4.319232
2024-03-14,7.024051,6.595013,5.406391,4.299696
2024-03-15,7.005782,6.590838,5.394037,4.288054
2024-03-18,7.011898,6.615047,5.403262,4.293259
2024-03-19,7.060678,6.665867,5.435798,4.315326
2024-03-20,7.080023,6.706054,5.473508,4.340142
2024-03-21,7.093524,6.685324,5.500602,4.357549
2024-03-22,7.137344,6.702951,5.488821,4.345055
2024-03-25,7.134321,6.703411,5.468145,4.331103
2024-03-26,7.109620,6.684789,5.462870,4.333168
2024-03-27,7.106718,6.737617,5.525472,4.386179
2024-03-28,7.119814,6.749482,5.539006,4.397970
2024-04-01,7.096477,6.733023,5.510877,4.376777
2024-04-02,7.041408,6.636779,5.470695,4.346399
2024-04-03,7.010646,6.651840,5.465113,4.333559
2024-04-04,6.930729,6.547098,5.406975,4.292096
2024-04-05,7.019104,6.617946,5.451221,4.319373
2024-04-08,6.981294,6.569915,5.436696,4.306979
2024-04-09,6.967367,6.551792,5.436814,4.311851
2024-04-10,6.970784,6.523610,5.382630,4.267740
2024-04-11,7.000891,6.541205,5.400097,4.268037
2024-04-12,6.911704,6.448611,5.323185,4.212958
2024-04-15,6.873846,6.426009,5.299305,4.202335
2024-04-16,6.934772,6.469742,5.284879,4.189767
2024-04-17,6.912332,6.440759,5.257479,4.181055
2024-04-18,6.960612,6.491013,5.268898,4.196422
2024-04-19,6.864952,6.391913,5.261847,4.213210
2024-04-22,6.942968,6.408210,5.295854,4.227229
2024-04-23,7.002330,6.498106,5.346680,4.262403
2024-04-24,6.972883,6.448600,5.337462,4.260223
2024-04-25,7.009515,6.389423,5.313846,4.239237
2024-04-26,7.055874,6.507419,5.346859,4.252832
2024-04-29,7.080388,6.523192,5.374984,4.274160
2024-04-30,7.013892,6.382187,5.297235,4.218704
2024-05-01,6.935581,6.419598,5.296973,4.231490
2024-05-02,6.966062,6.479505,5.318946,4.240041
2024-05-03,7.027909,6.531049,5.375468,4.272291
2024-05-06,7.107126,6.573098,5.408836,4.292485
2024-05-07,7.108942,6.610935,5.427572,4.309244
2024-05-08,7.102456,6.596003,5.435620,4.316345
2024-05-09,7.130131,6.666832,5.483756,4.354849
2024-05-10,7.174297,6.698710,5.511079,4.377402
2024-05-13,7.180855,6.721230,5.525560,4.388360
2024-05-14,7.194963,6.747865,5.544363,4.398681
2024-05-15,7.268720,6.823398,5.596347,4.432587
2024-05-16,7.262174,6.804216,5.596303,4.437015
2024-05-17,7.263683,6.825866,5.609580,4.447872
2024-05-20,7.276668,6.857147,5.594983,4.428766
2024-05-21,7.298291,6.831969,5.609767,4.438033
2024-05-22,7.252540,6.828109,5.585867,4.425721
2024-05-23,7.311088,6.744488,5.544890,4.376519
2024-05-24,7.338362,6.720158,5.559951,4.378607
2024-05-28,7.418012,6.705405,5.560496,4.363452
2024-05-29,7.358720,6.654835,5.518034,4.327776
2024-05-30,7.326332,6.671799,5.529634,4.347264
2024-05-31,7.417779,6.744021,5.598706,4.407011
2024-06-03,7.450331,6.779575,5.591306,4.398095
2024-06-04,7.497371,6.797531,5.618937,4.422915
2024-06-05,7.576062,6.886665,5.650099,4.433143
2024-06-06,7.593367,6.869325,5.650142,4.438036
2024-06-07,7.542415,6.867683,5.640050,4.426141
2024-06-10,7.558874,6.882224,5.642023,4.425607
2024-06-11,7.540541,6.880152,5.649948,4.429251
2024-06-12,7.538373,6.935200,5.657314,4.419168
2024-06-13,7.602856,6.984649,5.680179,4.432783
2024-06-14,7.613945,6.985897,5.673269,4.426357
2024-06-17,7.599296,7.004193,5.692964,4.438814
2024-06-18,7.666858,7.066913,5.715475,4.452477
2024-06-20,7.637598,7.059783,5.716429,4.461748
2024-06-21,7.592111,7.031167,5.696311,4.454978
2024-06-24,7.578665,6.961258,5.731870,4.494728
2024-06-25,7.656769,7.032026,5.729935,4.480690
2024-06-26,7.667826,7.027658,5.734953,4.483136
2024-06-27,7.640267,6.995416,5.728500,4.478232
2024-06-28,7.650066,7.005252,5.752523,4.498626
2024-07-01,7.590176,6.964021,5.757372,4.495909
2024-07-02,7.573087,6.946880,5.771818,4.504182
2024-07-03,7.646370,6.997326,5.795093,4.512968
2024-07-05,7.615992,6.975889,5.800639,4.520964
2024-07-08,7.627634,7.005235,5.804714,4.519850
2024-07-09,7.631082,7.038885,5.808501,4.519368
2024-07-10,7.721037,7.149848,5.881985,4.573303
2024-07-11,7.657592,7.080937,5.866621,4.571213
2024-07-12,7.726461,7.146183,5.895882,4.593327
2024-07-15,7.739127,7.172383,5.929684,4.610087
2024-07-16,7.850042,7.331480,6.016116,4.684680
2024-07-17,7.847687,7.350992,6.044087,4.732663
2024-07-18,7.875986,7.342147,5.999023,4.697646
2024-07-19,7.793079,7.258944,5.959122,4.670228
2024-07-22,7.841960,7.295352,5.966884,4.656132
2024-07-23,7.782769,7.234805,5.947542,4.637402
2024-07-24,7.721129,7.149690,5.895528,4.627164
2024-07-25,7.734816,7.178929,5.879810,4.624977
2024-07-26,7.816414,7.265905,5.946208,4.675380
2024-07-29,7.767891,7.199755,5.917487,4.653255
2024-07-30,7.638594,7.103754,5.919085,4.662161
2024-07-31,7.821418,7.270023,5.970739,4.676422
2024-08-01,7.694414,7.207396,5.930303,4.669991
2024-08-02,7.729681,7.221573,5.891789,4.664340
2024-08-05,7.504442,6.988249,5.729211,4.546996
2024-08-06,7.575024,7.034653,5.778439,4.572436
2024-08-07,7.525998,6.956287,5.766531,4.572770
2024-08-08,7.684235,7.082450,5.861101,4.633944
2024-08-09,7.676708,7.075946,5.874588,4.642755
2024-08-12,7.728585,7.119345,5.868952,4.629366
2024-08-13,7.855171,7.242493,5.935106,4.665433
2024-08-14,7.916637,7.296995,5.972138,4.691763
2024-08-15,8.010283,7.371966,6.014958,4.712121
2024-08-16,8.026968,7.394689,6.029764,4.724228
2024-08-19,8.105593,7.479784,6.067077,4.745143
2024-08-20,8.035857,7.481148,6.050802,4.739104
2024-08-21,8.036893,7.509265,6.061318,4.747443
2024-08-22,7.984832,7.424397,6.043972,4.740737
2024-08-23,8.118805,7.534392,6.122521,4.792770
2024-08-26,8.160765,7.511277,6.143102,4.816576
2024-08-27,8.180704,7.538349,6.156330,4.822989
2024-08-28,8.131135,7.499975,6.129546,4.809938
2024-08-29,8.077975,7.434969,6.133214,4.821932
2024-08-30,8.123466,7.496787,6.181876,4.858644
2024-09-03,7.952551,7.458532,6.092931,4.822814
2024-09-04,7.910608,7.441800,6.065679,4.801752
2024-09-05,7.854118,7.381169,6.024045,4.762914
2024-09-06,7.776710,7.279670,5.955315,4.719836
2024-09-09,7.886944,7.390828,6.047761,4.789918
2024-09-10,7.869174,7.371989,6.030702,4.780699
2024-09-11,7.928775,7.401141,6.060277,4.781312
2024-09-12,7.988370,7.412249,6.085290,4.796326
2024-09-13,8.031468,7.425418,6.110397,4.819014
2024-09-16,8.057262,7.488609,6.138241,4.849969
2024-09-17,8.032890,7.486763,6.127824,4.837657
2024-09-18,8.003281,7.423711,6.100182,4.817413
2024-09-19,8.075330,7.466490,6.180224,4.857280
2024-09-20,8.066762,7.464872,6.163399,4.853934
2024-09-23,8.099688,7.452596,6.174162,4.860148
2024-09-24,8.180875,7.450480,6.209322,4.878215
2024-09-25,8.168793,7.437333,6.184026,4.854099
2024-09-26,8.174473,7.444464,6.205547,4.868030
2024-09-27,8.211718,7.450706,6.219216,4.884938
2024-09-30,8.238199,7.460956,6.235594,4.897166
2024-10-01,8.211994,7.422401,6.190169,4.874900
2024-10-02,8.263500,7.420608,6.194518,4.873583
2024-10-03,8.305820,7.380405,6.169394,4.848602
2024-10-04,8.363776,7.432438,6.205970,4.867722
2024-10-07,8.357850,7.390795,6.166316,4.832200
2024-10-08,8.356473,7.401653,6.190285,4.844023
2024-10-09,8.415753,7.516087,6.247527,4.887652
2024-10-10,8.464464,7.525053,6.248091,4.885053
2024-10-11,8.506041,7.633689,6.308025,4.929001
2024-10-14,8.573366,7.654892,6.347465,4.957776
2024-10-15,8.316884,7.554217,6.299820,4.928530
2024-10-16,8.425661,7.616929,6.359553,4.965978
2024-10-17,8.409762,7.614318,6.345665,4.954296
2024-10-18,8.437933,7.650948,6.368539,4.971839
2024-10-21,8.474943,7.603572,6.336800,4.939034
2024-10-22,8.473254,7.618613,6.330807,4.927730
2024-10-23,8.363247,7.603906,6.306332,4.919321
2024-10-24,8.341498,7.516774,6.268541,4.881543
2024-10-25,8.342879,7.469067,6.233186,4.850227
2024-10-28,8.337165,7.498584,6.255067,4.866598
2024-10-29,8.268206,7.444433,6.218163,4.832230
2024-10-30,8.219383,7.430612,6.197310,4.820490
2024-10-31,8.117496,7.401211,6.111425,4.771691
2024-11-01,8.134926,7.433874,6.121483,4.772420
2024-11-04,8.172753,7.388239,6.102669,4.756710
2024-11-05,8.273855,7.435808,6.157670,4.792612
2024-11-06,8.466996,7.501705,6.342435,4.903214
2024-11-07,8.506118,7.539862,6.339394,4.898622
2024-11-08,8.491192,7.611615,6.343355,4.906603
2024-11-11,8.450950,7.622132,6.340547,4.904855
2024-11-12,8.454655,7.602504,6.338708,4.896663
2024-11-13,8.417646,7.636768,6.355629,4.911603
2024-11-14,8.409771,7.553384,6.331662,4.889453
2024-11-15,8.333068,7.550824,6.305859,4.883654
2024-11-18,8.338576,7.575736,6.320342,4.899548
2024-11-19,8.387934,7.539836,6.311491,4.882244
2024-11-20,8.428931,7.589258,6.332920,4.905019
2024-11-21,8.524128,7.613287,6.382811,4.946175
2024-11-22,8.531650,7.656804,6.418277,4.976942
2024-11-25,8.503622,7.750268,6.451932,5.010562
2024-11-26,8.517773,7.742365,6.468420,5.023040
2024-11-27,8.476886,7.769453,6.460428,5.020220
2024-11-29,8.530781,7.776285,6.486926,5.035447
2024-12-02,8.513837,7.731967,6.468148,5.019323
2024-12-03,8.469159,7.670679,6.448399,4.994534
2024-12-04,8.477206,7.628046,6.430944,4.966026
2024-12-05,8.423743,7.593475,6.396235,4.939768
2024-12-06,8.298852,7.549813,6.352243,4.903226
2024-12-09,8.258900,7.570377,6.350642,4.902643
2024-12-10,8.190495,7.530427,6.326821,4.894572
2024-12-11,8.157547,7.490656,6.299154,4.858522
2024-12-12,8.073262,7.464719,6.271764,4.842216
2024-12-13,8.027215,7.451070,6.247039,4.828992
2024-12-16,7.912831,7.408941,6.199209,4.783113
2024-12-17,7.844776,7.412246,6.181391,4.775683
2024-12-18,7.762865,7.252223,6.059818,4.694930
2024-12-19,7.735435,7.200303,6.038757,4.673480
2024-12-20,7.828079,7.256014,6.106554,4.715533
2024-12-23,7.901714,7.274262,6.132867,4.730464
2024-12-24,7.931900,7.309250,6.174888,4.758876
2024-12-26,7.948359,7.345158,6.193090,4.772379
2024-12-27,7.894937,7.292302,6.145316,4.742472
2024-12-30,7.850730,7.232662,6.096615,4.701762
