Date,Markowitz MVO,Random Forest,Equal Weight,Risk Parity
2015-02-02,0.011836,0.014473,0.014234,0.013953
2015-02-03,0.009885,0.014110,0.015141,0.014348
2015-02-04,-0.000880,-0.003555,-0.003579,-0.003391
2015-02-05,0.009828,0.010197,0.010962,0.010484
2015-02-06,-0.006863,-0.001681,-0.001713,-0.001947
2015-02-09,-0.004969,-0.002698,-0.001837,-0.002191
2015-02-10,0.014362,0.008530,0.009559,0.009446
2015-02-11,0.004292,0.000438,0.001203,0.001295
2015-02-12,0.005430,0.006284,0.010344,0.008555
2015-02-13,0.001526,0.004427,0.003240,0.002889
2015-02-17,0.001994,-0.000715,0.001304,0.000936
2015-02-18,-0.000063,-0.001328,-0.002877,-0.002439
2015-02-19,-0.000192,-0.001826,-0.002920,-0.002860
2015-02-20,0.007949,0.002472,0.006590,0.005703
2015-02-23,0.009731,-0.001806,0.001079,0.001280
2015-02-24,-0.000374,0.004529,0.003669,0.003300
2015-02-25,-0.005348,-0.000528,-0.001689,-0.001663
2015-02-26,0.003536,0.000212,0.000130,0.000359
2015-02-27,-0.002353,0.000263,-0.002623,-0.001743
2015-03-02,0.009493,0.002550,0.006324,0.005712
2015-03-03,-0.008950,-0.004487,-0.005413,-0.005150
2015-03-04,-0.001711,-0.006481,-0.004860,-0.005404
2015-03-05,0.003555,0.001242,0.001241,0.000925
2015-03-06,-0.014260,-0.018796,-0.016319,-0.016492
2015-03-09,0.009293,-0.000030,0.005044,0.004413
2015-03-10,-0.013603,-0.011746,-0.014773,-0.014870
2015-03-11,-0.005930,-0.001472,-0.001938,-0.002407
2015-03-12,0.009286,0.013279,0.011958,0.012490
2015-03-13,-0.002744,-0.005857,-0.004806,-0.005098
2015-03-16,0.016478,0.012626,0.013165,0.013185
2015-03-17,-0.000455,-0.003106,-0.003458,-0.003592
2015-03-18,0.012122,0.012429,0.013056,0.013131
2015-03-19,0.000479,-0.007196,-0.006244,-0.006558
2015-03-20,0.004069,0.009041,0.008172,0.007974
2015-03-23,-0.003245,0.002562,-0.001617,-0.000647
2015-03-24,-0.006509,-0.007563,-0.006689,-0.006703
2015-03-25,-0.025355,-0.011683,-0.017396,-0.016074
2015-03-26,-0.000804,-0.005824,-0.002830,-0.003095
2015-03-27,0.005319,-0.001452,0.001221,0.000733
2015-03-30,0.015377,0.014782,0.015389,0.015057
2015-03-31,-0.014069,-0.008150,-0.011017,-0.010471
2015-04-01,-0.006017,0.001208,-0.000557,-0.000591
2015-04-02,0.002110,0.002541,0.003096,0.003369
2015-04-06,0.011058,0.014944,0.010112,0.009614
2015-04-07,-0.000180,-0.001999,-0.002219,-0.002548
2015-04-08,0.001117,0.002092,-0.000005,-0.000037
2015-04-09,0.008362,0.004201,0.003988,0.003496
2015-04-10,0.005399,0.004161,0.005545,0.005172
2015-04-13,-0.006451,-0.004708,-0.003717,-0.003849
2015-04-14,-0.001260,-0.001636,0.003257,0.002901
2015-04-15,0.000487,0.004895,0.006386,0.005498
2015-04-16,0.004092,-0.001670,0.000378,0.000361
2015-04-17,-0.014309,-0.009014,-0.011366,-0.010793
2015-04-20,0.009190,0.009117,0.008804,0.008819
2015-04-21,-0.002801,-0.002319,-0.004233,-0.003725
2015-04-22,0.004061,0.005940,0.005216,0.005070
2015-04-23,0.004100,-0.000586,0.001325,0.000865
2015-04-24,0.011045,0.013876,0.006043,0.005327
2015-04-27,-0.000599,0.002424,0.000187,0.000250
2015-04-28,0.003610,0.003302,0.003647,0.003005
2015-04-29,-0.013500,-0.005431,-0.004390,-0.004614
2015-04-30,-0.013095,-0.006918,-0.009862,-0.009726
2015-05-01,0.014921,0.011839,0.010679,0.010494
2015-05-04,0.000139,0.001738,0.001720,0.001515
2015-05-05,-0.014442,-0.013501,-0.010938,-0.010591
2015-05-06,-0.006949,-0.000142,-0.004626,-0.004356
2015-05-07,0.008346,0.008520,0.004975,0.004526
2015-05-08,0.003583,-0.003367,0.006762,0.007428
2015-05-11,-0.006144,-0.007019,-0.004548,-0.005139
2015-05-12,-0.001065,-0.001184,-0.002868,-0.003156
2015-05-13,0.006891,0.002279,0.003110,0.002695
2015-05-14,0.019590,0.013755,0.013266,0.013109
2015-05-15,0.000932,0.004005,0.002320,0.002611
2015-05-18,0.003189,-0.000490,0.000422,0.000084
2015-05-19,0.000317,0.000369,-0.000352,-0.000295
2015-05-20,0.000919,0.001781,0.000789,0.000740
2015-05-21,-0.002070,-0.004143,0.000159,0.000152
2015-05-22,-0.005030,-0.003593,-0.002802,-0.002986
2015-05-26,-0.009959,-0.008170,-0.008818,-0.008680
2015-05-27,0.017641,0.014680,0.010242,0.009078
2015-05-28,0.001621,0.001885,-0.000403,-0.000255
2015-05-29,-0.006870,-0.005236,-0.006780,-0.006642
2015-06-01,0.001836,0.002808,0.002724,0.002315
2015-06-02,-0.006937,-0.001060,-0.003097,-0.002762
2015-06-03,0.000549,-0.001067,0.001039,0.000834
2015-06-04,-0.006936,-0.007163,-0.006298,-0.006870
2015-06-05,-0.002129,-0.005434,-0.001313,-0.002540
2015-06-08,-0.006587,0.000678,-0.002720,-0.001984
2015-06-09,0.001004,0.002185,0.001127,0.001305
2015-06-10,0.008849,0.008800,0.009383,0.008898
2015-06-11,0.003471,0.002179,0.002573,0.002492
2015-06-12,-0.012548,-0.008054,-0.008948,-0.008703
2015-06-15,-0.002635,-0.006109,-0.005739,-0.006060
2015-06-16,0.010694,0.008085,0.008277,0.008491
2015-06-17,-0.000552,0.003935,0.002057,0.002357
2015-06-18,0.012590,0.008672,0.010131,0.010077
2015-06-19,-0.006232,-0.005309,-0.006046,-0.005986
2015-06-22,0.001578,0.001414,0.003224,0.002850
2015-06-23,-0.002344,-0.002155,-0.001295,-0.001407
2015-06-24,-0.008512,-0.005992,-0.007643,-0.007229
2015-06-25,0.003895,-0.004164,-0.002391,-0.002369
2015-06-26,-0.001864,0.001425,-0.000865,-0.000631
2015-06-29,-0.019418,-0.017966,-0.019578,-0.019058
2015-06-30,0.001417,-0.001322,0.000793,0.000511
2015-07-01,0.009724,0.006444,0.007183,0.007308
2015-07-02,-0.003843,0.001940,-0.000526,-0.000167
2015-07-06,-0.001836,-0.004238,-0.004034,-0.003832
2015-07-07,-0.002558,0.007104,0.003794,0.005090
2015-07-08,-0.014585,-0.010885,-0.013663,-0.013263
2015-07-09,-0.000398,-0.002824,-0.001314,-0.001593
2015-07-10,0.015763,0.010766,0.012271,0.012166
2015-07-13,0.011629,0.011608,0.010637,0.010194
2015-07-14,0.004718,0.004009,0.005932,0.005739
2015-07-15,0.003723,0.001091,0.000765,0.000717
2015-07-16,0.005849,0.011715,0.005671,0.005669
2015-07-17,0.000718,-0.002538,-0.001945,-0.002332
2015-07-20,0.002633,0.002635,0.000109,0.000534
2015-07-21,-0.005076,0.000073,-0.003955,-0.004578
2015-07-22,-0.014509,-0.018744,-0.009352,-0.009091
2015-07-23,-0.000701,-0.003307,-0.004063,-0.003861
2015-07-24,-0.009993,-0.006974,-0.010196,-0.010005
2015-07-27,-0.008885,-0.006303,-0.007321,-0.006869
2015-07-28,0.014835,0.010667,0.014455,0.013945
2015-07-29,0.007511,0.007311,0.006689,0.006482
2015-07-30,-0.000472,0.001808,-0.003125,-0.004282
2015-07-31,-0.001168,-0.000587,-0.003525,-0.003281
2015-08-03,-0.003610,-0.005735,-0.002684,-0.002557
2015-08-04,-0.001955,-0.006668,-0.003111,-0.003430
2015-08-05,0.010413,0.003638,0.005066,0.004683
2015-08-06,-0.009632,-0.001878,-0.002963,-0.002684
2015-08-07,0.006230,-0.002464,0.005365,0.003741
2015-08-10,0.015788,0.017204,0.016758,0.016156
2015-08-11,-0.016203,-0.013246,-0.011305,-0.010348
2015-08-12,0.000634,0.004961,0.001613,0.001699
2015-08-13,-0.002021,-0.004757,-0.002904,-0.002985
2015-08-14,0.004723,0.002535,0.003119,0.002731
2015-08-17,0.009396,0.005085,0.004933,0.004828
2015-08-18,0.002365,-0.001416,-0.000891,-0.001181
2015-08-19,-0.010597,-0.011851,-0.009948,-0.009894
2015-08-20,-0.020427,-0.012341,-0.016805,-0.015555
2015-08-21,-0.039089,-0.032708,-0.032838,-0.031838
2015-08-24,-0.036171,-0.034028,-0.038046,-0.037464
2015-08-25,-0.013739,-0.012384,-0.014745,-0.014977
2015-08-26,0.047564,0.039222,0.040555,0.039471
2015-08-27,0.025901,0.021304,0.024060,0.023065
2015-08-28,-0.002223,0.000020,0.000251,0.000254
2015-08-31,-0.009516,-0.005107,-0.005661,-0.005736
2015-09-01,-0.033334,-0.029179,-0.031078,-0.030044
2015-09-02,0.024791,0.016638,0.017910,0.016816
2015-09-03,-0.001241,0.000184,0.000609,0.000955
2015-09-04,-0.017662,-0.015773,-0.018712,-0.018443
2015-09-08,0.033259,0.023956,0.025297,0.024382
2015-09-09,-0.014202,-0.013086,-0.014196,-0.014281
2015-09-10,0.011064,0.007863,0.006427,0.006035
2015-09-11,0.006492,0.005072,0.003952,0.003875
2015-09-14,-0.001925,-0.002162,-0.001936,-0.001817
2015-09-15,0.014118,0.014908,0.014982,0.014783
2015-09-16,0.006024,0.010056,0.008751,0.008829
2015-09-17,0.002437,0.000543,-0.003688,-0.003451
2015-09-18,-0.011978,-0.009679,-0.015154,-0.014609
2015-09-21,0.006990,0.008391,0.007821,0.007497
2015-09-22,-0.012209,-0.010342,-0.011457,-0.011010
2015-09-23,-0.001312,-0.003657,-0.004304,-0.004520
2015-09-24,-0.002245,0.002732,-0.004300,-0.003171
2015-09-25,-0.009426,-0.001097,0.002044,0.002333
2015-09-28,-0.016414,-0.015143,-0.016283,-0.015180
2015-09-29,0.008550,0.004587,0.005038,0.005134
2015-09-30,0.019710,0.008929,0.013408,0.012135
2015-10-01,-0.002386,-0.001121,-0.001896,-0.002362
2015-10-02,0.017671,0.013107,0.013327,0.012858
2015-10-05,0.015126,0.020246,0.019590,0.019264
2015-10-06,-0.005493,-0.002370,0.000644,0.000374
2015-10-07,0.007308,0.005842,0.007043,0.007438
2015-10-08,0.004137,0.003647,0.006682,0.007001
2015-10-09,0.006315,0.004592,0.001266,0.001409
2015-10-12,0.008368,0.002872,0.002943,0.002731
2015-10-13,-0.000475,0.000654,-0.002660,-0.002858
2015-10-14,-0.001704,-0.003824,-0.003020,-0.002936
2015-10-15,0.005998,0.007928,0.010641,0.010432
2015-10-16,0.004758,-0.001604,0.002332,0.002456
2015-10-19,0.001489,0.001425,0.000139,0.000091
2015-10-20,0.002086,0.004072,0.004246,0.004112
2015-10-21,-0.008107,-0.013232,-0.007977,-0.007392
2015-10-22,0.013002,0.013194,0.019287,0.019352
2015-10-23,0.029646,0.015299,0.015922,0.014566
2015-10-26,0.001062,-0.004822,-0.002141,-0.002448
2015-10-27,0.002278,-0.001500,-0.002371,-0.002285
2015-10-28,0.009057,0.014641,0.011728,0.010485
2015-10-29,-0.007168,0.005321,-0.001204,0.000022
2015-10-30,-0.001959,-0.009684,-0.003544,-0.003737
2015-11-02,0.010602,0.009934,0.011834,0.010981
2015-11-03,0.000322,0.001064,0.002418,0.002177
2015-11-04,-0.008260,-0.010757,-0.004623,-0.004624
2015-11-05,0.001024,0.000910,0.000019,0.000137
2015-11-06,0.026990,0.024024,0.009290,0.005857
2015-11-09,-0.008476,-0.009344,-0.012133,-0.011832
2015-11-10,-0.005277,-0.005061,-0.001227,-0.000748
2015-11-11,-0.002506,-0.005986,-0.001422,-0.000915
2015-11-12,-0.009769,-0.013494,-0.015035,-0.014816
2015-11-13,-0.012579,-0.004202,-0.006920,-0.006461
2015-11-16,0.018080,0.018013,0.018052,0.018113
2015-11-17,-0.000553,-0.006391,-0.005422,-0.005381
2015-11-18,0.020277,0.021656,0.016909,0.016347
2015-11-19,-0.008555,-0.006929,-0.000590,0.000127
2015-11-20,0.009361,0.006062,0.002477,0.001603
2015-11-23,-0.006109,-0.005454,-0.003668,-0.002833
2015-11-24,0.001585,0.005999,0.003092,0.003346
2015-11-25,-0.000455,-0.000310,-0.001977,-0.002236
2015-11-27,0.003545,0.002255,0.003178,0.003071
2015-11-30,-0.001150,-0.000463,-0.002185,-0.003048
2015-12-01,0.017790,0.013308,0.009404,0.008899
2015-12-02,-0.000856,-0.005957,-0.009513,-0.009387
2015-12-03,-0.012597,-0.012025,-0.012434,-0.011811
2015-12-04,0.028644,0.025297,0.023570,0.023149
2015-12-07,-0.007460,-0.012422,-0.008237,-0.006961
2015-12-08,-0.000975,-0.005550,-0.009747,-0.009869
2015-12-09,-0.012551,-0.009562,-0.007686,-0.007006
2015-12-10,0.005891,0.004639,0.003040,0.002711
2015-12-11,-0.015865,-0.015197,-0.015633,-0.014564
2015-12-14,0.005652,0.005354,0.005290,0.005292
2015-12-15,0.007593,0.011011,0.012742,0.012703
2015-12-16,0.016411,0.007075,0.015987,0.015662
2015-12-17,-0.010674,-0.013324,-0.015296,-0.014845
2015-12-18,-0.020507,-0.020681,-0.018413,-0.018243
2015-12-21,0.011209,0.012204,0.008954,0.008387
2015-12-22,0.006154,0.003680,0.009688,0.009641
2015-12-23,0.008071,0.013493,0.012667,0.012462
2015-12-24,-0.000792,-0.002862,-0.002749,-0.002761
2015-12-28,-0.001394,-0.002827,-0.002468,-0.002331
2015-12-29,0.012066,0.011587,0.010134,0.009747
2015-12-30,-0.006587,-0.009286,-0.007700,-0.007522
2015-12-31,-0.012245,-0.011286,-0.010409,-0.010388
2016-01-04,-0.014201,-0.010826,-0.012582,-0.012403
2016-01-05,0.006374,-0.002880,0.002029,0.002440
2016-01-06,-0.017366,-0.021064,-0.013875,-0.012826
2016-01-07,-0.029224,-0.032899,-0.026044,-0.024318
2016-01-08,-0.010630,-0.004307,-0.009489,-0.009306
2016-01-11,-0.001757,0.005002,-0.000354,-0.000026
2016-01-12,0.013119,0.012214,0.007881,0.007635
2016-01-13,-0.022561,-0.024116,-0.017836,-0.016676
2016-01-14,0.011785,0.014129,0.013142,0.012840
2016-01-15,-0.028540,-0.034121,-0.023139,-0.021730
2016-01-19,0.007069,0.001094,0.004428,0.005314
2016-01-20,0.000331,-0.003186,-0.010756,-0.010915
2016-01-21,-0.000192,-0.000491,0.003904,0.004781
2016-01-22,0.018297,0.028228,0.022348,0.021239
2016-01-25,-0.007354,-0.015516,-0.015545,-0.014274
2016-01-26,0.018305,0.015154,0.021164,0.021435
2016-01-27,-0.010988,-0.019973,-0.009853,-0.008466
2016-01-28,0.001642,0.006036,0.008102,0.007752
2016-01-29,0.041848,0.035703,0.028520,0.026762
2016-02-01,-0.000690,-0.001911,-0.002196,-0.001512
2016-02-02,-0.023992,-0.027384,-0.023138,-0.021510
2016-02-03,0.000675,0.008078,0.014642,0.015080
2016-02-04,0.002397,0.003232,0.008779,0.007653
2016-02-05,-0.032834,-0.025850,-0.012461,-0.010847
2016-02-08,-0.011824,-0.014724,-0.012429,-0.010218
2016-02-09,0.003779,-0.000052,0.001219,0.001555
2016-02-10,0.002697,-0.001602,-0.005778,-0.006161
2016-02-11,-0.006644,-0.008485,-0.015557,-0.014861
2016-02-12,0.011145,0.014856,0.020793,0.019302
2016-02-16,0.024185,0.018922,0.017392,0.015789
2016-02-17,0.018201,0.013816,0.013143,0.012083
2016-02-18,0.017211,0.018057,0.002775,0.002659
2016-02-19,0.003086,0.000938,-0.001074,-0.001098
2016-02-22,0.017402,0.014228,0.010755,0.009934
2016-02-23,-0.009640,-0.013169,-0.013408,-0.012338
2016-02-24,0.003623,0.005554,0.002800,0.002739
2016-02-25,0.009116,0.009677,0.010299,0.010029
2016-02-26,-0.005889,-0.004283,-0.003734,-0.004615
2016-02-29,-0.009127,-0.006616,-0.008002,-0.007810
2016-03-01,0.030962,0.022907,0.029608,0.027768
2016-03-02,0.002124,0.007986,0.004558,0.004665
2016-03-03,-0.002228,-0.003735,0.005609,0.005543
2016-03-04,0.000068,-0.000345,0.005322,0.005498
2016-03-07,-0.006561,-0.001209,0.000135,0.000449
2016-03-08,-0.003276,-0.003380,-0.008258,-0.006913
2016-03-09,0.006396,0.002614,0.004017,0.004034
2016-03-10,-0.000955,-0.002745,-0.000898,-0.000361
2016-03-11,0.015225,0.007543,0.011384,0.010320
2016-03-14,0.001223,-0.000593,-0.001362,-0.001467
2016-03-15,0.003002,0.000917,0.000892,0.000942
2016-03-16,0.010142,0.009076,0.006275,0.005623
2016-03-17,-0.001629,0.003270,0.009000,0.009579
2016-03-18,0.007071,0.005679,0.005772,0.004581
2016-03-21,0.001798,0.001826,0.000525,0.000572
2016-03-22,0.003682,-0.001137,-0.000771,-0.000935
2016-03-23,0.006888,0.004894,-0.001349,-0.001214
2016-03-24,-0.001813,0.002629,0.000149,0.000420
2016-03-28,-0.000491,-0.000416,0.001654,0.001640
2016-03-29,0.014473,0.010617,0.009608,0.009597
2016-03-30,0.005379,0.002087,0.005374,0.004852
2016-03-31,-0.003580,-0.003306,-0.002432,-0.002568
2016-04-01,0.009352,0.010282,0.008130,0.007928
2016-04-04,-0.002068,-0.005495,-0.003311,-0.002749
2016-04-05,-0.009075,-0.005279,-0.008936,-0.008434
2016-04-06,0.006808,0.002180,0.005204,0.005098
2016-04-07,-0.010950,-0.017035,-0.014281,-0.013747
2016-04-08,-0.000539,0.001832,0.003296,0.003411
2016-04-11,0.002083,0.000902,0.000696,-0.000277
2016-04-12,0.005470,0.006654,0.008394,0.007911
2016-04-13,0.012072,0.013144,0.013136,0.010285
2016-04-14,0.000875,0.002817,0.001656,0.001285
2016-04-15,-0.001611,-0.000588,-0.000830,-0.000247
2016-04-18,-0.000107,0.003404,0.003189,0.003319
2016-04-19,0.002416,0.006625,0.008851,0.009146
2016-04-20,0.003946,0.001480,-0.001789,-0.003957
2016-04-21,-0.003480,-0.011192,-0.008114,-0.008989
2016-04-22,-0.013823,0.003009,-0.000383,0.001265
2016-04-25,0.001030,-0.000615,-0.000734,-0.000101
2016-04-26,-0.004129,-0.004075,-0.000920,-0.001866
2016-04-27,-0.011895,0.012539,0.000320,0.000640
2016-04-28,-0.017589,-0.013411,-0.010748,-0.009703
2016-04-29,-0.007214,-0.003900,-0.003267,-0.002700
2016-05-02,0.005923,0.008975,0.007058,0.006791
2016-05-03,-0.001287,-0.007662,-0.008041,-0.007312
2016-05-04,-0.010004,-0.005907,-0.007295,-0.005863
2016-05-05,0.003487,-0.000982,-0.000709,-0.000537
2016-05-06,0.001667,0.006851,0.004405,0.004534
2016-05-09,0.000763,-0.004186,-0.003149,-0.002508
2016-05-10,0.012339,0.013195,0.013194,0.012355
2016-05-11,-0.006964,-0.002689,-0.006628,-0.006723
2016-05-12,-0.006741,-0.002345,-0.001056,-0.000267
2016-05-13,0.026074,0.022026,0.001018,-0.001405
2016-05-16,0.019022,0.015586,0.012162,0.011518
2016-05-17,-0.005345,-0.007081,-0.006395,-0.007096
2016-05-18,0.006579,0.003097,0.003451,0.001319
2016-05-19,-0.003049,-0.005118,-0.006786,-0.006274
2016-05-20,0.009554,0.006292,0.003687,0.002934
2016-05-23,-0.001197,-0.001860,-0.000562,-0.000727
2016-05-24,0.016422,0.017094,0.012867,0.012006
2016-05-25,0.005327,0.007150,0.008052,0.007438
2016-05-26,0.000547,0.001885,-0.001914,-0.001484
2016-05-27,0.003718,0.004834,0.004128,0.004028
2016-05-31,0.001984,0.006308,-0.000186,-0.000782
2016-06-01,-0.000713,0.002008,0.001214,0.001310
2016-06-02,0.005246,0.004518,0.002904,0.003074
2016-06-03,-0.001509,0.001634,-0.000521,0.000702
2016-06-06,0.005418,0.003063,0.006567,0.006365
2016-06-07,-0.001012,0.005200,0.001990,0.002342
2016-06-08,0.005069,0.004411,0.004806,0.004861
2016-06-09,0.009185,0.008616,0.003523,0.004024
2016-06-10,-0.008783,-0.003072,-0.005696,-0.004080
2016-06-13,-0.006208,-0.002232,-0.006665,-0.006555
2016-06-14,0.000446,0.001006,-0.002744,-0.001815
2016-06-15,0.000017,0.000832,-0.000362,-0.000732
2016-06-16,0.005826,0.005417,0.005921,0.006030
2016-06-17,-0.011636,-0.003858,-0.005219,-0.005215
2016-06-20,0.007199,0.005090,0.004958,0.004539
2016-06-21,0.001588,0.000159,0.003259,0.003007
2016-06-22,-0.001952,0.001751,-0.001299,-0.001145
2016-06-23,0.012280,0.015592,0.013514,0.012471
2016-06-24,-0.030129,-0.035400,-0.037205,-0.034245
2016-06-27,-0.007274,-0.014114,-0.013599,-0.012215
2016-06-28,0.015437,0.013275,0.017088,0.016133
2016-06-29,0.011908,0.016313,0.015699,0.014872
2016-06-30,0.011553,0.011261,0.013313,0.013361
2016-07-01,-0.001725,-0.001531,0.000093,0.000300
2016-07-05,0.005011,-0.003846,-0.004137,-0.002493
2016-07-06,0.004419,0.003561,0.004768,0.004011
2016-07-07,0.001764,0.005074,-0.001013,-0.002181
2016-07-08,0.013285,0.022465,0.016357,0.014922
2016-07-11,0.004667,0.007077,0.004014,0.003331
2016-07-12,0.003232,0.011838,0.008891,0.007278
2016-07-13,0.002670,0.001623,0.003092,0.003323
2016-07-14,0.005345,0.007250,0.006014,0.004858
2016-07-15,-0.001696,0.000270,0.000593,0.000746
2016-07-18,0.002827,0.000485,0.001389,0.001141
2016-07-19,0.007815,0.003392,0.000474,0.000909
2016-07-20,0.004019,0.002188,0.004208,0.002980
2016-07-21,-0.005350,-0.004340,-0.003740,-0.003289
2016-07-22,0.006571,0.008054,0.003755,0.003955
2016-07-25,-0.002029,0.002998,-0.002558,-0.002868
2016-07-26,0.000690,0.010108,0.002547,0.000596
2016-07-27,0.007083,-0.002313,-0.000109,-0.001376
2016-07-28,0.005058,-0.000218,0.000810,0.000947
2016-07-29,0.006404,0.005926,0.002606,0.002916
2016-08-01,0.001382,-0.004988,-0.003781,-0.003666
2016-08-02,-0.006503,-0.001653,-0.003840,-0.003301
2016-08-03,0.001069,0.000136,0.003750,0.002620
2016-08-04,0.005262,0.002974,0.001436,0.001030
2016-08-05,0.008188,0.003983,0.007146,0.005477
2016-08-08,0.000275,0.002447,0.001439,0.000961
2016-08-09,0.001686,0.001647,0.001060,0.001125
2016-08-10,-0.001990,-0.001958,-0.002947,-0.002189
2016-08-11,0.005258,0.006223,0.004270,0.003827
2016-08-12,0.010641,0.014295,0.004104,0.003517
2016-08-15,-0.001740,0.001465,0.003282,0.002717
2016-08-16,-0.006758,-0.003423,-0.002828,-0.003507
2016-08-17,-0.002617,-0.002977,0.000197,0.000986
2016-08-18,0.002395,0.004542,0.001588,0.001398
2016-08-19,0.000500,-0.001203,-0.000697,-0.001120
2016-08-22,-0.000618,-0.000927,-0.000649,-0.000975
2016-08-23,0.003506,0.003855,0.002388,0.002421
2016-08-24,-0.009421,-0.005560,-0.004772,-0.004475
2016-08-25,-0.004889,-0.001149,-0.000954,-0.000765
2016-08-26,-0.001348,-0.002885,-0.003432,-0.004085
2016-08-29,0.003629,0.005348,0.005333,0.005584
2016-08-30,-0.004083,-0.004999,-0.001802,-0.002493
2016-08-31,-0.003510,-0.001801,-0.002181,-0.001827
2016-09-01,0.005328,0.003984,0.001835,0.001846
2016-09-02,0.004130,0.003013,0.004285,0.004534
2016-09-06,0.002053,0.003528,0.002507,0.002819
2016-09-07,-0.001582,0.000220,-0.000600,-0.000718
2016-09-08,-0.002506,0.000295,-0.002119,-0.002370
2016-09-09,-0.028353,-0.031533,-0.024893,-0.024894
2016-09-12,0.015948,0.017505,0.014786,0.015132
2016-09-13,-0.012073,-0.015849,-0.013000,-0.013180
2016-09-14,0.005251,0.003531,0.003362,0.002826
2016-09-15,0.017207,0.015212,0.013092,0.012314
2016-09-16,0.004550,0.003073,-0.002503,-0.002316
2016-09-19,0.002452,0.002788,-0.000047,-0.000501
2016-09-20,-0.002467,-0.001345,-0.000970,-0.000545
2016-09-21,0.016712,0.015819,0.009992,0.009064
2016-09-22,0.007892,0.007136,0.007166,0.007652
2016-09-23,-0.003823,-0.005434,-0.006656,-0.006439
2016-09-26,-0.006380,-0.007057,-0.007373,-0.007111
2016-09-27,0.011739,0.012316,0.008294,0.007899
2016-09-28,0.003460,0.009231,0.008927,0.007819
2016-09-29,-0.009831,-0.002670,-0.008046,-0.007924
2016-09-30,0.007369,0.010754,0.009160,0.008780
2016-10-03,-0.004338,-0.004691,-0.003904,-0.004133
2016-10-04,-0.003876,-0.004508,-0.004682,-0.005173
2016-10-05,-0.000828,0.005079,0.004304,0.003245
2016-10-06,-0.004292,-0.002889,-0.000426,-0.000389
2016-10-07,-0.000909,0.000533,-0.005969,-0.005470
2016-10-10,0.007522,0.002777,0.004741,0.004194
2016-10-11,-0.014001,-0.009767,-0.009942,-0.009713
2016-10-12,0.004095,0.004313,0.003414,0.003608
2016-10-13,-0.002712,-0.004159,-0.002347,-0.001748
2016-10-14,0.001690,0.004903,0.002664,0.001865
2016-10-17,0.000872,-0.002526,-0.001835,-0.001388
2016-10-18,0.014595,0.008258,0.008358,0.007224
2016-10-19,-0.000705,0.002147,0.002419,0.001735
2016-10-20,0.005331,0.001102,-0.001062,-0.001950
2016-10-21,0.002267,-0.003261,0.000016,-0.001139
2016-10-24,0.014178,0.012384,0.006557,0.005536
2016-10-25,0.002976,0.003481,0.000816,0.001350
2016-10-26,-0.005544,0.000951,-0.001673,-0.001687
2016-10-27,-0.007490,-0.006168,-0.005461,-0.004767
2016-10-28,-0.004563,-0.000166,-0.001929,-0.001850
2016-10-31,0.006545,0.005658,0.001643,0.001603
2016-11-01,-0.014891,-0.013169,-0.009372,-0.008892
2016-11-02,-0.005182,-0.007644,-0.006443,-0.006377
2016-11-03,-0.006797,-0.003653,-0.003483,-0.003130
2016-11-04,-0.003718,-0.001408,-0.003079,-0.003330
2016-11-07,0.029875,0.024612,0.024865,0.023295
2016-11-08,0.003008,0.005065,0.004302,0.004769
2016-11-09,-0.005329,0.000313,0.009157,0.006526
2016-11-10,-0.012653,-0.018087,-0.002626,-0.005707
2016-11-11,0.058663,0.056091,0.018316,0.012635
2016-11-14,-0.007628,-0.010679,0.000721,0.000284
2016-11-15,0.011306,0.015849,0.009132,0.008898
2016-11-16,0.017602,0.012797,0.002018,0.001461
2016-11-17,0.003880,-0.000652,0.001636,0.000754
2016-11-18,0.000855,0.003059,-0.001132,-0.001533
2016-11-21,0.003123,0.004568,0.005526,0.005721
2016-11-22,0.002664,0.007596,0.004508,0.004359
2016-11-23,0.000352,0.005885,0.004963,0.004700
2016-11-25,0.002250,0.004706,0.002773,0.003632
2016-11-28,-0.000876,0.001268,-0.001406,-0.000953
2016-11-29,0.007278,-0.003853,0.003990,0.003598
2016-11-30,-0.007162,-0.007574,-0.001150,-0.003162
2016-12-01,-0.012735,-0.010986,-0.002513,-0.002449
2016-12-02,0.002609,0.003284,-0.000974,-0.000385
2016-12-05,0.009231,0.008531,0.007129,0.005955
2016-12-06,0.003520,0.006111,0.003528,0.003025
2016-12-07,0.016514,0.012989,0.016907,0.016604
2016-12-08,-0.003359,-0.007700,-0.000513,-0.001061
2016-12-09,0.002546,0.005580,0.006016,0.007314
2016-12-12,-0.000165,0.001538,0.001025,0.002550
2016-12-13,0.009661,0.007047,0.007570,0.006862
2016-12-14,0.003779,0.001654,-0.005676,-0.007496
2016-12-15,0.007440,0.009808,0.006668,0.006197
2016-12-16,0.010731,0.004348,0.001118,0.001779
2016-12-19,0.003680,0.004495,0.003222,0.002776
2016-12-20,0.007022,0.008472,0.003216,0.001692
2016-12-21,-0.001291,-0.001174,-0.002059,-0.002279
2016-12-22,0.002482,0.005331,0.001010,0.001106
2016-12-23,0.006314,0.007197,0.003329,0.003022
2016-12-27,0.014880,0.013354,0.005897,0.004299
2016-12-28,-0.019319,-0.019056,-0.011162,-0.009772
2016-12-29,0.006064,0.007132,0.002231,0.002485
2016-12-30,-0.010363,-0.011810,-0.004933,-0.004277
2017-01-03,-0.004063,-0.001612,0.003502,0.004638
2017-01-04,0.007399,0.005373,0.002052,0.001506
2017-01-05,-0.002965,-0.006190,-0.002806,-0.001551
2017-01-06,0.004645,0.004383,0.003697,0.002503
2017-01-09,0.006117,0.002569,-0.001926,-0.003191
2017-01-10,-0.005844,-0.002454,-0.003196,-0.003707
2017-01-11,-0.003206,0.001050,0.002367,0.001795
2017-01-12,-0.003196,-0.006435,-0.003117,-0.002202
2017-01-13,-0.001726,0.001007,0.000083,-0.000180
2017-01-17,-0.006235,-0.012721,-0.004596,-0.002254
2017-01-18,0.000708,0.003164,-0.000180,-0.000672
2017-01-19,0.003654,0.000202,-0.002040,-0.002307
2017-01-20,-0.001532,0.004597,0.005476,0.006349
2017-01-23,0.003439,0.001856,-0.000523,-0.000995
2017-01-24,0.000093,0.007247,0.001870,0.000166
2017-01-25,0.005141,0.007329,0.006362,0.005441
2017-01-26,0.002364,0.002294,-0.000230,-0.001682
2017-01-27,0.004247,0.003395,0.003030,0.002402
2017-01-30,-0.008396,-0.009398,-0.007129,-0.006244
2017-01-31,-0.002974,-0.006667,-0.005309,-0.004072
2017-02-01,0.016064,0.005045,0.003040,0.001327
2017-02-02,-0.000104,0.004513,-0.000688,-0.000403
2017-02-03,0.003226,0.013291,0.008656,0.007719
2017-02-06,0.003929,-0.000739,-0.001788,-0.002484
2017-02-07,0.004447,0.001982,0.001515,0.001549
2017-02-08,-0.000701,0.001194,-0.000328,0.000391
2017-02-09,-0.000274,0.000869,0.003438,0.002751
2017-02-10,-0.003538,-0.002431,0.001886,0.001561
2017-02-13,-0.003241,-0.007388,0.004125,0.004094
2017-02-14,0.005868,0.002172,0.002606,0.001767
2017-02-15,0.003733,0.002246,0.005143,0.005491
2017-02-16,-0.001380,0.001404,-0.000076,0.001266
2017-02-17,-0.005512,0.004303,-0.000214,0.000182
2017-02-21,0.013908,0.012615,0.007426,0.007089
2017-02-22,-0.000314,-0.000593,-0.000715,-0.000610
2017-02-23,-0.012367,-0.014905,-0.004270,-0.001501
2017-02-24,0.005702,0.002307,0.001025,0.001660
2017-02-27,0.007731,0.006081,0.004477,0.003134
2017-02-28,-0.006165,-0.008316,-0.003587,-0.002725
2017-03-01,0.016481,0.012985,0.014609,0.013366
2017-03-02,-0.011927,-0.009588,-0.009393,-0.007400
2017-03-03,0.002253,0.000107,0.001223,0.000911
2017-03-06,-0.002710,-0.003144,-0.002094,-0.002086
2017-03-07,0.001713,-0.000627,-0.000370,-0.000884
2017-03-08,0.000223,-0.004235,-0.004177,-0.003904
2017-03-09,0.002632,0.001548,-0.001508,-0.000885
2017-03-10,0.004801,0.001985,0.003277,0.003515
2017-03-13,0.006485,0.006303,0.002728,0.002433
2017-03-14,-0.001509,-0.001837,-0.002585,-0.002433
2017-03-15,0.010584,0.006897,0.010652,0.010917
2017-03-16,0.001325,0.003666,-0.000675,-0.000935
2017-03-17,0.000134,-0.000191,-0.000063,-0.000284
2017-03-20,0.006043,0.006942,0.003543,0.002814
2017-03-21,-0.013479,-0.015841,-0.013106,-0.010652
2017-03-22,0.005059,0.001453,0.000596,-0.000438
2017-03-23,-0.005678,-0.002543,-0.001340,-0.001366
2017-03-24,-0.000690,-0.003728,-0.002817,-0.002733
2017-03-27,0.002088,-0.001539,-0.001890,-0.001792
2017-03-28,0.005352,0.006346,0.007257,0.006617
2017-03-29,-0.003787,-0.001965,-0.001596,-0.001686
2017-03-30,0.006244,0.008004,0.005723,0.004827
2017-03-31,-0.003646,-0.005875,-0.004018,-0.003846
2017-04-03,0.000986,0.000096,-0.000443,0.000065
2017-04-04,-0.012449,-0.012510,-0.000613,0.000760
2017-04-05,-0.002132,-0.004011,-0.003169,-0.002816
2017-04-06,0.002084,0.001008,0.003682,0.003128
2017-04-07,-0.000341,-0.000920,-0.000445,-0.000203
2017-04-10,-0.006458,-0.004769,0.000466,0.000785
2017-04-11,-0.000960,0.000474,-0.000467,-0.000222
2017-04-12,0.000453,-0.000613,-0.002203,-0.000816
2017-04-13,-0.007162,-0.008535,-0.008175,-0.007393
2017-04-17,0.014642,0.013651,0.010138,0.008987
2017-04-18,-0.005638,-0.009004,-0.005181,-0.004233
2017-04-19,-0.000986,-0.003160,-0.004180,-0.004263
2017-04-20,0.009988,0.005991,0.008065,0.006376
2017-04-21,0.000943,-0.006929,-0.001446,-0.002277
2017-04-24,0.009670,0.011347,0.014161,0.012602
2017-04-25,0.008460,0.007365,0.011139,0.009136
2017-04-26,-0.002372,-0.004129,-0.001277,-0.001279
2017-04-27,0.004613,0.000024,-0.001096,-0.001528
2017-04-28,-0.002972,-0.008545,-0.003142,-0.003067
2017-05-01,0.009917,0.004763,0.004283,0.003381
2017-05-02,-0.006014,-0.006451,-0.002394,-0.001680
2017-05-03,-0.002748,0.002395,-0.000077,-0.000310
2017-05-04,0.001058,-0.000217,-0.000963,-0.000263
2017-05-05,0.003892,0.003889,0.005295,0.005489
2017-05-08,0.002857,-0.001325,0.001186,0.001434
2017-05-09,-0.001258,-0.001828,-0.002580,-0.002966
2017-05-10,0.036578,0.035211,0.014379,0.010251
2017-05-11,0.008449,0.007550,0.002971,0.001974
2017-05-12,0.002355,0.002212,-0.000328,-0.000468
2017-05-15,0.014185,0.014516,0.008197,0.007056
2017-05-16,0.002831,0.004747,0.001924,0.001380
2017-05-17,-0.024628,-0.022845,-0.019053,-0.015703
2017-05-18,0.013420,0.011262,0.004958,0.003933
2017-05-19,0.008129,0.007662,0.007067,0.006392
2017-05-22,0.009753,0.005948,0.005084,0.004666
2017-05-23,-0.000173,-0.001290,0.003274,0.003012
2017-05-24,0.002634,0.003563,0.004161,0.003987
2017-05-25,0.005160,0.003623,0.003772,0.004197
2017-05-26,0.004171,0.005291,0.001907,0.001177
2017-05-30,0.003201,0.007872,-0.000132,0.000486
2017-05-31,-0.005409,0.002631,-0.003944,-0.002242
2017-06-01,0.007517,0.005682,0.006482,0.006186
2017-06-02,0.006928,-0.001225,0.004268,0.004540
2017-06-05,0.005329,0.006941,0.000532,-0.000081
2017-06-06,0.002152,0.000514,0.001499,0.001646
2017-06-07,0.005207,0.004612,0.001764,0.001025
2017-06-08,0.010633,0.015865,0.004410,0.001517
2017-06-09,-0.018450,-0.005330,0.000337,0.002222
2017-06-12,-0.004847,0.000314,-0.001368,-0.000850
2017-06-13,0.006782,0.003088,0.003493,0.002542
2017-06-14,0.002245,0.003795,0.000328,0.000971
2017-06-15,-0.000654,-0.001770,0.000385,0.000715
2017-06-16,-0.000050,-0.002428,0.001470,0.001938
2017-06-19,0.014956,0.016149,0.009241,0.007376
2017-06-20,-0.003647,-0.003836,-0.005871,-0.005506
2017-06-21,0.006927,-0.001810,-0.003651,-0.003812
2017-06-22,0.000708,-0.004446,-0.001632,-0.001328
2017-06-23,-0.002912,-0.007038,0.000389,0.001283
2017-06-26,-0.002867,0.002409,0.000950,0.001296
2017-06-27,-0.014956,-0.011545,-0.009036,-0.008972
2017-06-28,0.010937,0.012990,0.009880,0.007912
2017-06-29,-0.014565,-0.008992,-0.009815,-0.009935
2017-06-30,-0.002025,-0.003854,0.001516,0.001734
2017-07-03,-0.002956,-0.003219,0.003626,0.004289
2017-07-05,0.008400,0.004799,0.002151,0.001016
2017-07-06,-0.007482,-0.006024,-0.007203,-0.007615
2017-07-07,0.009316,0.005035,0.005078,0.004304
2017-07-10,0.006114,0.006589,0.002434,0.000687
2017-07-11,0.000197,0.000679,-0.000281,-0.001040
2017-07-12,0.014308,0.012182,0.008080,0.007285
2017-07-13,-0.002512,-0.000813,0.001114,0.000818
2017-07-14,0.010429,0.008128,0.005513,0.005294
2017-07-17,-0.000800,0.000896,0.000230,0.000469
2017-07-18,0.010286,0.002995,0.001318,0.002136
2017-07-19,0.003742,0.001660,0.004324,0.004543
2017-07-20,0.004455,0.007532,0.001501,0.001906
2017-07-21,-0.001824,0.000236,-0.002030,-0.001772
2017-07-24,-0.001414,-0.008108,-0.000119,-0.000882
2017-07-25,-0.000768,0.004654,0.007955,0.007081
2017-07-26,0.003315,0.006545,0.002327,0.002705
2017-07-27,-0.011432,0.012383,0.000269,0.003619
2017-07-28,0.007195,0.003341,0.000873,0.000554
2017-07-31,-0.002710,0.001126,-0.000915,-0.000414
2017-08-01,0.004101,0.003531,0.004294,0.003876
2017-08-02,0.000755,-0.002452,0.002593,0.001821
2017-08-03,0.005527,0.004337,0.001081,0.001425
2017-08-04,0.002040,-0.000042,0.004308,0.003271
2017-08-07,0.004612,0.007345,0.003416,0.002561
2017-08-08,-0.002549,-0.005990,-0.002133,-0.002034
2017-08-09,0.003139,0.003623,0.001017,0.000926
2017-08-10,-0.015071,-0.010878,-0.012982,-0.010780
2017-08-11,-0.010270,-0.012174,-0.004341,-0.003310
2017-08-14,0.023591,0.025171,0.016066,0.013993
2017-08-15,0.001673,0.000964,0.001416,0.001793
2017-08-16,-0.000922,0.002427,0.000486,0.001036
2017-08-17,-0.012681,-0.011689,-0.013187,-0.012257
2017-08-18,-0.003205,-0.000253,-0.000360,-0.000693
2017-08-21,0.001167,-0.001870,0.000145,0.001121
2017-08-22,0.009879,0.008175,0.009375,0.008050
2017-08-23,0.002808,0.000486,-0.000673,-0.001278
2017-08-24,-0.001845,-0.001881,-0.001506,-0.001492
2017-08-25,-0.001034,0.000015,0.001798,0.002107
2017-08-28,0.001637,0.000126,-0.000442,-0.000583
2017-08-29,0.001797,-0.001881,0.001054,0.000883
2017-08-30,0.000205,-0.002136,0.001497,0.000259
2017-08-31,0.012474,0.008887,0.006257,0.005897
2017-09-01,0.000975,0.001879,0.001499,0.001143
2017-09-05,-0.010282,-0.009677,-0.008674,-0.007154
2017-09-06,-0.001068,-0.001257,0.000998,0.000956
2017-09-07,0.005652,0.000893,0.001571,0.001923
2017-09-08,-0.006230,-0.004809,-0.002700,-0.002430
2017-09-11,0.018016,0.014911,0.013599,0.012708
2017-09-12,-0.003665,0.002370,0.002496,0.001794
2017-09-13,-0.000749,0.002125,-0.000133,0.000107
2017-09-14,0.003467,0.001334,0.000334,0.000496
2017-09-15,0.016316,0.016661,0.008262,0.006760
2017-09-18,0.008506,0.010526,0.005183,0.003822
2017-09-19,-0.004400,0.006269,0.003570,0.003828
2017-09-20,-0.005024,-0.002907,-0.000542,-0.000646
2017-09-21,-0.010296,-0.013136,-0.005845,-0.006307
2017-09-22,-0.007243,-0.000018,-0.002028,-0.001393
2017-09-25,-0.011265,-0.007427,-0.004445,-0.002679
2017-09-26,0.001627,-0.001977,0.000334,-0.000145
2017-09-27,0.002894,-0.002557,0.001777,-0.000792
2017-09-28,0.003185,0.001602,0.003914,0.003908
2017-09-29,0.004960,0.004616,0.002575,0.002076
2017-10-02,0.004789,0.000265,0.004180,0.003840
2017-10-03,0.003241,0.006021,0.004332,0.004802
2017-10-04,0.004784,0.004509,0.002198,0.002544
2017-10-05,0.001387,-0.000646,0.004057,0.003015
2017-10-06,0.001018,-0.000008,-0.000154,-0.000373
2017-10-09,0.003753,0.004953,0.000382,0.000071
2017-10-10,0.002627,0.006282,0.002361,0.001959
2017-10-11,0.003916,0.002682,0.002506,0.002636
2017-10-12,-0.000292,0.000420,-0.000054,-0.000034
2017-10-13,0.003889,0.004948,0.002008,0.001468
2017-10-16,0.005824,0.008513,0.006324,0.005418
2017-10-17,0.012224,0.000152,0.003129,0.004452
2017-10-18,0.004185,0.000510,0.002670,0.002157
2017-10-19,-0.003386,0.000809,-0.001372,-0.000731
2017-10-20,0.006023,-0.007157,0.004696,0.003204
2017-10-23,0.000670,-0.004506,-0.001825,-0.001994
2017-10-24,0.001663,0.005888,0.005262,0.003316
2017-10-25,-0.005460,-0.008409,-0.004168,-0.003278
2017-10-26,0.004612,0.005884,0.006307,0.006248
2017-10-27,0.014371,0.007939,0.009824,0.007528
2017-10-30,-0.005268,-0.004431,-0.004824,-0.006034
2017-10-31,0.004200,0.004259,0.000726,0.000518
2017-11-01,0.002106,0.001996,0.002381,0.002308
2017-11-02,0.004645,-0.003013,0.002715,0.002149
2017-11-03,0.005230,0.003447,0.002424,0.002139
2017-11-06,0.000815,-0.007766,-0.002070,-0.003649
2017-11-07,0.001762,0.006995,0.001808,0.002560
2017-11-08,-0.002792,-0.002923,0.000084,0.001018
2017-11-09,-0.006025,-0.008234,-0.004523,-0.003970
2017-11-10,0.008265,0.012034,0.002938,0.001749
2017-11-13,0.001708,-0.001175,0.001493,0.002147
2017-11-14,0.000564,0.000887,-0.001841,-0.001562
2017-11-15,-0.011171,-0.012303,-0.009436,-0.009222
2017-11-16,0.007815,0.009941,0.007823,0.007464
2017-11-17,-0.005882,-0.001495,-0.003927,-0.004124
2017-11-20,0.004777,0.006457,0.003797,0.003350
2017-11-21,0.009252,0.004947,0.006865,0.006599
2017-11-22,-0.005924,0.001894,-0.000656,-0.000243
2017-11-24,0.004672,0.001683,0.002123,0.002150
2017-11-27,-0.001375,0.001702,-0.000008,0.000952
2017-11-28,0.007115,0.007214,0.010914,0.011023
2017-11-29,-0.008843,-0.009944,-0.002656,-0.000796
2017-11-30,0.012409,0.015779,0.012667,0.011885
2017-12-01,-0.004853,-0.003803,-0.001075,-0.000389
2017-12-04,-0.018209,-0.009177,-0.004956,-0.003014
2017-12-05,-0.004840,-0.000822,-0.004850,-0.004780
2017-12-06,0.003616,0.000575,-0.000369,-0.000270
2017-12-07,0.004876,0.000261,0.001722,0.000036
2017-12-08,0.007146,0.002390,0.005576,0.005073
2017-12-11,0.001733,0.004614,0.003825,0.003497
2017-12-12,0.000202,-0.003848,0.003277,0.003686
2017-12-13,-0.003616,0.002770,0.002142,0.003125
2017-12-14,-0.006663,-0.005491,-0.005995,-0.005847
2017-12-15,0.011926,0.009463,0.008898,0.007981
2017-12-18,0.007230,0.012428,0.007352,0.005871
2017-12-19,-0.010245,-0.000648,-0.005751,-0.005223
2017-12-20,-0.000483,0.000755,-0.000184,-0.000424
2017-12-21,-0.001038,-0.000787,0.003246,0.002285
2017-12-22,-0.001255,-0.000602,-0.000136,0.000041
2017-12-26,0.001569,0.002412,-0.001271,-0.000988
2017-12-27,0.002764,0.002471,0.001932,0.002016
2017-12-28,0.004372,0.002414,0.002866,0.002545
2017-12-29,-0.009062,-0.006980,-0.006281,-0.005622
2018-01-02,0.005392,0.003979,0.004897,0.003396
2018-01-03,0.016843,0.014003,0.005167,0.003409
2018-01-04,0.003086,0.007228,0.006664,0.006387
2018-01-05,0.009954,0.008173,0.005077,0.004726
2018-01-08,0.007680,0.009403,0.002424,0.001588
2018-01-09,0.003543,0.004163,0.002222,0.002289
2018-01-10,-0.002481,-0.000803,-0.001772,-0.002319
2018-01-11,0.006442,0.006519,0.005322,0.004945
2018-01-12,0.006319,0.002786,0.005683,0.004994
2018-01-16,0.001046,0.000942,-0.001323,-0.000170
2018-01-17,0.011419,0.007459,0.007911,0.007770
2018-01-18,0.001266,0.001867,-0.002562,-0.002474
2018-01-19,0.008536,0.010599,0.005951,0.005448
2018-01-22,0.009454,0.008768,0.009064,0.008912
2018-01-23,-0.000339,-0.006106,-0.002058,-0.004107
2018-01-24,-0.003384,-0.000944,0.001619,0.002120
2018-01-25,0.005071,0.005128,0.003325,0.003445
2018-01-26,0.010334,0.008703,0.007859,0.007640
2018-01-29,-0.006557,-0.009412,-0.009204,-0.010424
2018-01-30,-0.015257,-0.009435,-0.010796,-0.010395
2018-01-31,0.001800,-0.003627,0.003729,0.002455
2018-02-01,-0.004763,-0.004703,-0.000908,-0.000512
2018-02-02,-0.023132,-0.022118,-0.025461,-0.024221
2018-02-05,-0.054253,-0.052999,-0.045313,-0.044528
2018-02-06,0.033280,0.027965,0.020557,0.017397
2018-02-07,-0.001404,-0.001486,-0.007292,-0.007230
2018-02-08,-0.046624,-0.040326,-0.036866,-0.035640
2018-02-09,0.033567,0.025862,0.021426,0.019133
2018-02-12,0.008562,0.009487,0.013256,0.013715
2018-02-13,0.008424,0.007013,0.005479,0.004534
2018-02-14,0.018660,0.011911,0.009705,0.006696
2018-02-15,0.009396,0.012043,0.012549,0.012082
2018-02-16,-0.002862,-0.000858,-0.000242,0.001236
2018-02-20,0.000118,-0.005707,-0.006657,-0.008919
2018-02-21,-0.010935,-0.012314,-0.010277,-0.010517
2018-02-22,0.006045,0.008324,0.004425,0.004372
2018-02-23,0.018500,0.014006,0.016203,0.015281
2018-02-26,0.010483,0.008144,0.009948,0.009538
2018-02-27,-0.008596,-0.008244,-0.011434,-0.011552
2018-02-28,-0.019460,-0.023851,-0.016010,-0.015784
2018-03-01,-0.019629,-0.014328,-0.013211,-0.010995
2018-03-02,0.000598,0.001300,0.003852,0.004381
2018-03-05,0.011868,0.012665,0.011108,0.010776
2018-03-06,0.005784,0.008221,0.003982,0.002595
2018-03-07,-0.000455,-0.004331,-0.002363,-0.002225
2018-03-08,0.002829,0.004522,0.006954,0.007753
2018-03-09,0.019155,0.013218,0.014781,0.013391
2018-03-12,-0.003100,-0.004765,-0.001548,-0.002430
2018-03-13,-0.004827,-0.000920,-0.004750,-0.003382
2018-03-14,-0.004876,-0.003932,-0.008026,-0.008342
2018-03-15,0.007791,0.005166,0.003470,0.002924
2018-03-16,0.003182,0.004126,0.002464,0.002149
2018-03-19,-0.020830,-0.017446,-0.015936,-0.014682
2018-03-20,0.011909,0.008873,0.003812,0.002463
2018-03-21,-0.004566,-0.007059,-0.003851,-0.004215
2018-03-22,-0.035195,-0.026720,-0.026112,-0.024092
2018-03-23,-0.024406,-0.018606,-0.020328,-0.018740
2018-03-26,0.042758,0.027122,0.029460,0.026413
2018-03-27,-0.030098,-0.014076,-0.014269,-0.010004
2018-03-28,-0.005112,-0.000384,-0.001243,0.000264
2018-03-29,0.014971,0.010676,0.010916,0.009020
2018-04-02,-0.021553,-0.024939,-0.018989,-0.018249
2018-04-03,0.018104,0.017773,0.015577,0.015947
2018-04-04,0.013555,0.005411,0.011070,0.011364
2018-04-05,0.000049,0.002838,0.004935,0.004877
2018-04-06,-0.025228,-0.020727,-0.020645,-0.019085
2018-04-09,0.003214,0.000710,0.003372,0.002743
2018-04-10,0.027931,0.027433,0.020231,0.017935
2018-04-11,-0.011285,-0.004336,-0.008208,-0.007588
2018-04-12,0.019658,0.011205,0.012213,0.009755
2018-04-13,-0.005436,0.001304,-0.001628,-0.000034
2018-04-16,0.010506,0.007494,0.009730,0.009865
2018-04-17,0.021078,0.007650,0.011187,0.010362
2018-04-18,-0.000865,0.001867,-0.001908,-0.002853
2018-04-19,-0.006029,-0.013179,-0.007349,-0.007599
2018-04-20,-0.005753,-0.008278,-0.008205,-0.008496
2018-04-23,-0.003968,-0.003181,-0.002807,-0.001682
2018-04-24,-0.016812,-0.020163,-0.012573,-0.011074
2018-04-25,-0.005470,-0.000965,-0.000902,-0.000435
2018-04-26,0.017473,0.015340,0.011891,0.010804
2018-04-27,0.005741,-0.005798,0.000873,0.002069
2018-04-30,-0.013211,-0.006253,-0.010231,-0.010910
2018-05-01,0.004412,0.002554,0.000406,-0.001083
2018-05-02,-0.009219,-0.010674,-0.007445,-0.008663
2018-05-03,0.006433,0.007416,0.002751,0.001972
2018-05-04,0.013182,0.015948,0.012642,0.011979
2018-05-07,0.011248,0.013215,0.005776,0.003245
2018-05-08,-0.000698,-0.002052,-0.002078,-0.003297
2018-05-09,0.007906,0.014463,0.009186,0.007644
2018-05-10,0.012522,0.012335,0.012443,0.012591
2018-05-11,-0.000023,-0.000852,0.002934,0.004447
2018-05-14,0.004166,0.000482,0.001667,0.001172
2018-05-15,-0.017505,-0.014778,-0.010116,-0.009210
2018-05-16,0.001206,0.004223,0.002157,0.002019
2018-05-17,-0.000529,-0.000573,-0.000025,0.000732
2018-05-18,0.000139,0.000311,-0.001610,-0.001515
2018-05-21,0.007383,0.006958,0.008313,0.008344
2018-05-22,-0.005306,-0.006211,-0.003051,-0.002864
2018-05-23,0.008898,0.009771,0.004438,0.003776
2018-05-24,-0.004312,-0.003770,-0.005426,-0.005494
2018-05-25,0.001332,0.000155,-0.001427,-0.001051
2018-05-29,-0.010440,-0.006976,-0.011888,-0.010574
2018-05-30,0.012969,0.013397,0.014031,0.013770
2018-05-31,-0.009379,-0.011718,-0.010390,-0.010747
2018-06-01,0.014202,0.010393,0.011204,0.010169
2018-06-04,0.010891,0.007685,0.005401,0.005151
2018-06-05,0.000783,-0.000759,-0.000296,-0.000735
2018-06-06,0.008223,0.011296,0.011079,0.010767
2018-06-07,-0.004608,0.004332,0.001313,0.002444
2018-06-08,0.001452,0.003553,0.003094,0.004251
2018-06-11,-0.000509,0.001406,-0.000264,0.000002
2018-06-12,0.003090,0.000219,0.000115,-0.000176
2018-06-13,-0.007036,-0.008114,-0.007040,-0.007580
2018-06-14,0.005034,0.001604,0.000715,0.000424
2018-06-15,-0.007416,-0.001963,-0.003430,-0.001514
2018-06-18,-0.000422,-0.008411,-0.004685,-0.005939
2018-06-19,-0.013228,-0.009134,-0.007130,-0.004857
2018-06-20,0.005115,-0.001382,-0.000607,-0.001562
2018-06-21,-0.010882,-0.007809,-0.005272,-0.003991
2018-06-22,-0.002833,0.002221,0.003403,0.005464
2018-06-25,-0.021067,-0.017929,-0.012402,-0.009656
2018-06-26,0.001399,0.000773,0.001009,0.000361
2018-06-27,-0.009889,-0.008708,-0.004780,-0.003864
2018-06-28,0.008390,0.011433,0.009280,0.008812
2018-06-29,-0.001965,-0.006396,-0.000871,-0.000044
2018-07-02,0.005821,0.008574,0.004048,0.002771
2018-07-03,-0.005519,-0.009211,-0.004723,-0.002760
2018-07-05,0.015415,0.013736,0.012289,0.012570
2018-07-06,0.007726,0.004647,0.005742,0.005010
2018-07-09,0.007134,0.015955,0.008870,0.006218
2018-07-10,0.006857,0.006941,0.006666,0.007822
2018-07-11,-0.010168,-0.013057,-0.010576,-0.009674
2018-07-12,0.011665,0.008717,0.008908,0.007540
2018-07-13,0.002107,0.002214,0.001447,0.001454
2018-07-16,-0.006980,-0.001916,-0.000165,-0.000673
2018-07-17,0.000112,0.001397,0.003264,0.003455
2018-07-18,-0.000224,0.004694,-0.000801,-0.001234
2018-07-19,-0.003045,-0.004945,-0.004304,-0.004365
2018-07-20,-0.002168,-0.002990,0.001914,0.001732
2018-07-23,0.002382,-0.000806,0.001175,0.000658
2018-07-24,0.002014,0.007012,0.007900,0.008506
2018-07-25,0.015450,0.008618,0.010440,0.009609
2018-07-26,0.008524,0.008317,0.005967,0.006265
2018-07-27,-0.006229,-0.002087,-0.002274,-0.001255
2018-07-30,-0.013294,-0.009803,-0.005936,-0.004476
2018-07-31,0.006146,0.003930,0.003829,0.003720
2018-08-01,-0.001006,-0.000437,-0.000631,-0.000743
2018-08-02,0.005693,0.005411,0.002770,0.002350
2018-08-03,0.006557,0.004922,0.004917,0.005145
2018-08-06,0.001306,0.002673,-0.000613,-0.000853
2018-08-07,0.004095,0.005174,0.002866,0.001839
2018-08-08,0.000890,-0.000032,-0.001889,-0.002021
2018-08-09,-0.000905,-0.000079,-0.002205,-0.001636
2018-08-10,-0.008196,-0.006134,-0.007982,-0.007348
2018-08-13,-0.001558,-0.002603,-0.004131,-0.003963
2018-08-14,0.006884,0.008251,0.005331,0.004368
2018-08-15,-0.007113,-0.004621,-0.003519,-0.001916
2018-08-16,0.009134,0.009277,0.011486,0.011803
2018-08-17,-0.001430,-0.005854,0.004779,0.006241
2018-08-20,0.003369,0.004212,0.003074,0.003143
2018-08-21,-0.003199,0.004161,0.000222,-0.001169
2018-08-22,0.006323,0.005777,-0.000756,-0.002518
2018-08-23,0.000810,0.000270,-0.001393,-0.001444
2018-08-24,0.014001,0.008148,0.006602,0.006157
2018-08-27,0.009766,0.009607,0.010305,0.008537
2018-08-28,0.004469,-0.001428,0.001283,0.001043
2018-08-29,0.006619,0.004640,0.003926,0.003254
2018-08-30,-0.004156,-0.002529,-0.003940,-0.003612
2018-08-31,0.003236,-0.001267,-0.000735,-0.001512
2018-09-04,-0.002303,-0.003697,-0.002742,-0.003319
2018-09-05,-0.005366,0.006656,0.003009,0.004868
2018-09-06,-0.001441,0.001360,-0.000783,0.000321
2018-09-07,-0.005689,-0.002534,-0.003602,-0.003599
2018-09-10,-0.001562,-0.003080,-0.000165,-0.000184
2018-09-11,0.005598,0.004364,0.004804,0.004894
2018-09-12,-0.000571,0.005050,0.000739,0.001991
2018-09-13,0.011886,0.003050,0.007535,0.006806
2018-09-14,0.003360,0.000743,-0.000180,-0.000565
2018-09-17,-0.005355,0.001886,-0.000275,0.000646
2018-09-18,-0.001145,-0.003798,0.000508,-0.000277
2018-09-19,-0.001416,-0.000029,0.006848,0.005085
2018-09-20,0.006168,0.008450,0.008960,0.009840
2018-09-21,-0.000167,0.002448,0.000311,0.001135
2018-09-24,-0.001697,-0.006068,-0.006328,-0.007353
2018-09-25,-0.002303,-0.008572,-0.003561,-0.004874
2018-09-26,-0.004524,-0.000553,-0.004367,-0.003446
2018-09-27,0.004896,0.003459,0.001966,0.002198
2018-09-28,0.014537,0.003395,0.002762,0.002127
2018-10-01,0.010655,0.007959,0.010435,0.009563
2018-10-02,0.000250,0.007889,0.003290,0.003868
2018-10-03,0.001725,-0.001806,-0.000741,-0.002595
2018-10-04,-0.013012,-0.005490,-0.006799,-0.005798
2018-10-05,-0.011386,-0.002943,-0.007228,-0.005377
2018-10-08,-0.002995,0.001339,0.001604,0.002728
2018-10-09,0.000838,0.005024,-0.002264,-0.001441
2018-10-10,-0.040510,-0.022514,-0.029430,-0.025898
2018-10-11,-0.025138,-0.022320,-0.023650,-0.023996
2018-10-12,0.019674,0.010535,0.010853,0.008999
2018-10-15,-0.011549,-0.002132,-0.004095,-0.002028
2018-10-16,0.030445,0.019513,0.021270,0.019648
2018-10-17,-0.008434,0.001164,0.000306,0.001221
2018-10-18,-0.012491,-0.005073,-0.008897,-0.007150
2018-10-19,-0.012070,0.020178,0.002842,0.007374
2018-10-22,-0.002482,-0.004115,-0.002627,-0.002888
2018-10-23,-0.016855,0.011565,-0.007596,-0.003024
2018-10-24,-0.043217,-0.011393,-0.024613,-0.018159
2018-10-25,0.031097,0.008221,0.017185,0.013519
2018-10-26,-0.021322,-0.015715,-0.014568,-0.014068
2018-10-29,-0.018652,-0.000331,-0.003891,-0.001071
2018-10-30,0.027915,0.014927,0.019933,0.018294
2018-10-31,0.017754,0.004142,0.011786,0.008385
2018-11-01,0.006784,0.000715,0.004164,0.002596
2018-11-02,-0.008297,-0.005104,-0.002838,-0.001845
2018-11-05,0.000060,0.003132,0.004025,0.005546
2018-11-06,0.004772,0.004076,0.007128,0.007016
2018-11-07,0.023514,0.021037,0.018403,0.016592
2018-11-08,-0.004477,-0.000177,-0.004002,-0.002177
2018-11-09,-0.003557,-0.003519,-0.007945,-0.005219
2018-11-12,-0.025430,-0.017134,-0.020312,-0.015097
2018-11-13,0.006255,-0.000107,-0.000234,-0.001819
2018-11-14,-0.010090,-0.008983,-0.009350,-0.007998
2018-11-15,0.010222,0.010688,0.010904,0.008620
2018-11-16,-0.026660,0.001368,-0.004510,0.001764
2018-11-19,-0.030901,-0.020819,-0.014920,-0.009483
2018-11-20,-0.010293,-0.020720,-0.019171,-0.019647
2018-11-21,-0.010251,-0.001626,-0.003028,-0.003925
2018-11-23,-0.002242,-0.005480,-0.007283,-0.006388
2018-11-26,0.020152,0.017930,0.014680,0.011522
2018-11-27,0.010151,0.011047,0.003732,0.005100
2018-11-28,0.026613,0.020097,0.021571,0.018588
2018-11-29,-0.005827,-0.004552,-0.002707,-0.002267
2018-11-30,0.011497,0.009321,0.010075,0.010175
2018-12-03,0.009310,0.002735,0.010972,0.006944
2018-12-04,-0.032312,-0.025878,-0.029851,-0.024175
2018-12-06,0.002630,-0.001047,-0.004030,-0.003718
2018-12-07,-0.030068,-0.025160,-0.023522,-0.019923
2018-12-10,0.006350,0.008809,0.002668,0.001920
2018-12-11,0.000260,0.000577,-0.000079,0.001796
2018-12-12,-0.001614,-0.004046,0.000941,-0.000658
2018-12-13,0.003476,0.006200,0.004179,0.005184
2018-12-14,-0.023358,-0.015823,-0.018273,-0.018715
2018-12-17,-0.025968,-0.024232,-0.021589,-0.022556
2018-12-18,0.003538,0.007064,0.002740,0.001335
2018-12-19,-0.019651,-0.013218,-0.016135,-0.014330
2018-12-20,-0.017096,-0.015702,-0.014859,-0.014166
2018-12-21,-0.018559,-0.025192,-0.017727,-0.014372
2018-12-24,-0.031419,-0.031861,-0.032329,-0.033626
2018-12-26,0.043018,0.047237,0.042970,0.040198
2018-12-27,0.004738,0.008259,0.008976,0.009933
2018-12-28,0.003450,-0.004334,-0.002448,-0.002912
2018-12-31,0.009445,0.013267,0.008787,0.008742
2019-01-02,-0.003274,-0.004532,0.000325,-0.001599
2019-01-03,-0.029066,-0.023296,-0.025666,-0.021541
2019-01-04,0.031747,0.026351,0.031627,0.028045
2019-01-07,0.013111,-0.000822,0.004653,0.002462
2019-01-08,0.008784,0.012606,0.009184,0.011086
2019-01-09,0.003603,-0.004231,0.001563,-0.001181
2019-01-10,0.012370,0.004466,0.007722,0.007547
2019-01-11,0.006189,0.001785,0.000985,0.001180
2019-01-14,-0.000032,-0.005050,-0.001798,-0.002566
2019-01-15,0.008025,0.012413,0.008350,0.008590
2019-01-16,0.000137,-0.005210,0.006397,0.003236
2019-01-17,0.005715,0.002708,0.006477,0.005181
2019-01-18,0.019591,0.010632,0.015253,0.013905
2019-01-22,-0.016607,-0.010466,-0.014448,-0.011596
2019-01-23,0.004584,0.017018,0.005154,0.007209
2019-01-24,0.007505,-0.006426,-0.000041,-0.002913
2019-01-25,0.008984,0.001574,0.009157,0.006642
2019-01-28,-0.047392,-0.015941,-0.019656,-0.013705
2019-01-29,-0.011756,-0.011113,-0.001585,-0.000706
2019-01-30,0.022331,0.022993,0.019080,0.016885
2019-01-31,0.015945,0.008160,0.007465,0.007807
2019-02-01,0.001463,-0.005852,0.003367,0.004673
2019-02-04,0.005713,0.009163,0.006055,0.004322
2019-02-05,0.001449,0.005011,0.003969,0.003100
2019-02-06,0.003113,-0.003940,-0.001112,-0.001188
2019-02-07,-0.010102,-0.008706,-0.009387,-0.007416
2019-02-08,-0.003767,0.001941,-0.000267,0.000202
2019-02-11,-0.005368,-0.000671,-0.002143,-0.001374
2019-02-12,0.019727,0.015033,0.016023,0.014198
2019-02-13,0.003968,0.002246,0.002881,0.002683
2019-02-14,0.001167,-0.018764,-0.007503,-0.010944
2019-02-15,0.017270,0.014205,0.014808,0.013202
2019-02-19,-0.001235,-0.001155,0.000079,0.000528
2019-02-20,0.003883,0.008553,0.004625,0.003567
2019-02-21,-0.003962,0.004809,-0.001005,0.000439
2019-02-22,0.007690,0.004802,0.005929,0.005167
2019-02-25,0.000065,0.003051,0.002601,0.001232
2019-02-26,-0.007485,-0.005842,-0.003427,-0.002764
2019-02-27,-0.013547,0.001012,-0.003086,-0.003068
2019-02-28,-0.011186,-0.002747,-0.005518,-0.004233
2019-03-01,0.003617,0.003640,0.003980,0.003584
2019-03-04,-0.006804,-0.005229,-0.002691,-0.002659
2019-03-05,0.003219,0.001447,0.000008,0.000356
2019-03-06,-0.008361,-0.008758,-0.006181,-0.005086
2019-03-07,-0.010750,-0.005599,-0.006533,-0.005052
2019-03-08,0.004942,-0.001282,0.000713,0.000020
2019-03-11,0.026828,0.022139,0.019347,0.017812
2019-03-12,0.006390,0.001515,0.003813,0.003444
2019-03-13,0.017016,0.011436,0.010133,0.009121
2019-03-14,-0.001060,0.000224,-0.000049,0.000168
2019-03-15,0.007165,0.001200,0.004357,0.003303
2019-03-18,0.001818,0.002546,0.003776,0.002666
2019-03-19,0.006868,0.003488,0.001712,0.000753
2019-03-20,-0.007744,-0.007530,-0.004866,-0.003968
2019-03-21,0.014265,0.009163,0.010988,0.009062
2019-03-22,-0.024743,-0.008106,-0.016750,-0.012978
2019-03-25,-0.004601,0.002386,-0.001730,-0.000992
2019-03-26,0.006527,0.006577,0.007568,0.008060
2019-03-27,-0.005958,-0.001882,-0.002988,-0.002653
2019-03-28,0.007065,-0.001084,0.003947,0.002790
2019-03-29,0.009731,0.010556,0.007586,0.006675
2019-04-01,0.008861,0.010139,0.009262,0.006879
2019-04-02,0.003558,0.001080,0.001123,0.000290
2019-04-03,0.008728,0.001592,0.004758,0.003087
2019-04-04,0.000673,0.002770,0.002631,0.002494
2019-04-05,0.005040,0.002110,0.003682,0.003218
2019-04-08,0.001980,0.002405,0.002842,0.003012
2019-04-09,-0.006317,-0.007848,-0.007181,-0.006036
2019-04-10,0.005903,0.004041,0.002735,0.001821
2019-04-11,-0.007601,-0.003571,-0.002183,-0.002145
2019-04-12,-0.000924,0.005029,0.003831,0.003227
2019-04-15,-0.002448,-0.000082,-0.003449,-0.001465
2019-04-16,-0.004943,-0.002022,0.001942,0.001199
2019-04-17,-0.000025,0.000548,0.003684,0.002602
2019-04-18,0.008087,0.007481,0.005737,0.005891
2019-04-22,0.006051,0.001600,0.002409,0.002366
2019-04-23,0.009048,-0.003722,0.005508,0.004427
2019-04-24,0.002887,-0.003898,-0.005055,-0.004168
2019-04-25,0.001176,-0.005355,-0.002222,-0.002378
2019-04-26,0.001776,0.016974,0.005295,0.007355
2019-04-29,0.001252,0.000191,0.001054,0.000245
2019-04-30,0.003836,0.003595,0.004391,0.005490
2019-05-01,-0.003188,-0.008657,-0.004481,-0.005213
2019-05-02,-0.002627,-0.003955,-0.002265,-0.002038
2019-05-03,0.007450,0.006077,0.008166,0.007367
2019-05-06,-0.004768,-0.001766,-0.005064,-0.004169
2019-05-07,-0.021444,-0.012921,-0.017367,-0.015533
2019-05-08,0.000676,-0.000283,-0.000369,-0.000228
2019-05-09,-0.004688,-0.003881,-0.005257,-0.004830
2019-05-10,0.005869,0.008416,0.008304,0.009616
2019-05-13,-0.025449,-0.013932,-0.022044,-0.017446
2019-05-14,0.007054,0.000946,0.005649,0.004183
2019-05-15,0.003230,0.004412,0.003623,0.004649
2019-05-16,0.011402,0.005346,0.009654,0.009953
2019-05-17,-0.005649,-0.002904,-0.004344,-0.002712
2019-05-20,-0.009273,0.000941,-0.006026,-0.004271
2019-05-21,0.009918,0.008362,0.008377,0.006503
2019-05-22,-0.004910,-0.005397,-0.003763,-0.001758
2019-05-23,-0.013342,-0.010810,-0.011272,-0.009144
2019-05-24,-0.002769,0.001056,0.001100,0.001239
2019-05-28,-0.011434,-0.016245,-0.013001,-0.013375
2019-05-29,-0.009353,-0.006198,-0.009285,-0.009620
2019-05-30,0.000330,-0.001581,0.000822,0.001174
2019-05-31,-0.012429,-0.019929,-0.015107,-0.014872
2019-06-03,-0.003497,0.015457,0.006062,0.008723
2019-06-04,0.022863,0.011820,0.020526,0.016709
2019-06-05,0.013550,0.009726,0.008836,0.010192
2019-06-06,0.008907,0.010071,0.010402,0.010263
2019-06-07,0.012142,0.005986,0.009175,0.008261
2019-06-10,0.007039,-0.001268,0.005104,0.002963
2019-06-11,0.001096,0.005029,0.004258,0.003847
2019-06-12,-0.004948,0.001375,-0.002781,-0.000533
2019-06-13,0.007440,0.006372,0.004546,0.004225
2019-06-14,-0.000436,0.001006,-0.000911,0.000334
2019-06-17,0.001864,-0.000176,-0.000601,-0.001263
2019-06-18,0.009801,0.003364,0.011532,0.007570
2019-06-19,0.004962,0.002633,0.002111,0.002793
2019-06-20,0.004913,0.007925,0.007501,0.007310
2019-06-21,-0.001751,-0.000201,-0.001084,-0.000605
2019-06-24,-0.001254,0.002143,0.001798,0.002061
2019-06-25,-0.012342,-0.005539,-0.007562,-0.006666
2019-06-26,-0.002852,-0.008558,-0.000742,-0.004780
2019-06-27,0.007902,0.000945,0.003552,0.002509
2019-06-28,0.004173,0.003878,0.003994,0.002979
2019-07-01,0.008887,0.001639,0.006742,0.006046
2019-07-02,0.005014,0.005624,0.002944,0.004975
2019-07-03,0.006382,0.010287,0.006187,0.006966
2019-07-05,-0.001997,-0.004555,-0.002383,-0.002238
2019-07-08,-0.003559,0.000471,-0.004113,-0.002876
2019-07-09,-0.000794,-0.005716,-0.001709,-0.002628
2019-07-10,0.005911,0.007036,0.003838,0.004029
2019-07-11,0.006964,0.004125,0.007957,0.005992
2019-07-12,0.004370,-0.002793,0.004829,0.003127
2019-07-15,-0.001881,0.000589,-0.000787,-0.000596
2019-07-16,0.001632,-0.005936,-0.001152,-0.001108
2019-07-17,-0.001581,-0.003690,-0.005508,-0.005249
2019-07-18,0.003455,-0.000279,0.002700,0.002489
2019-07-19,-0.008540,-0.007323,-0.006716,-0.007575
2019-07-22,0.007397,-0.005030,0.001832,0.000253
2019-07-23,0.011156,0.005118,0.013130,0.012958
2019-07-24,-0.001007,-0.000461,-0.003437,-0.003593
2019-07-25,-0.009632,-0.000427,-0.004910,-0.004228
2019-07-26,0.008521,0.008139,0.006551,0.007666
2019-07-29,0.000929,0.007770,0.003503,0.003960
2019-07-30,-0.000781,0.003518,-0.001597,-0.000835
2019-07-31,-0.017225,-0.018555,-0.015016,-0.015232
2019-08-01,-0.008158,-0.007577,-0.013299,-0.011832
2019-08-02,-0.006029,-0.002428,-0.006570,-0.004550
2019-08-05,-0.030574,-0.008552,-0.025339,-0.022650
2019-08-06,0.012148,0.003287,0.010018,0.009610
2019-08-07,0.000537,0.001749,0.000848,0.001409
2019-08-08,0.018602,0.014691,0.016342,0.015773
2019-08-09,-0.005483,-0.005138,-0.006737,-0.005557
2019-08-12,-0.011733,-0.003223,-0.010221,-0.008834
2019-08-13,0.017789,0.010152,0.016218,0.014587
2019-08-14,-0.028063,-0.025927,-0.027690,-0.025470
2019-08-15,0.003964,0.004795,0.002949,0.004467
2019-08-16,0.020727,0.010399,0.017833,0.015369
2019-08-19,0.014317,0.007574,0.013404,0.010988
2019-08-20,-0.011559,-0.010799,-0.011298,-0.011604
2019-08-21,0.006793,0.006386,0.007001,0.006270
2019-08-22,-0.002108,-0.002870,-0.000941,-0.000591
2019-08-23,-0.026175,-0.020703,-0.027446,-0.025231
2019-08-26,0.012050,0.008402,0.010553,0.010546
2019-08-27,-0.006661,0.000811,-0.004822,-0.002915
2019-08-28,0.006732,0.005000,0.007307,0.007581
2019-08-29,0.014971,0.005463,0.014042,0.011312
2019-08-30,0.001427,0.003423,0.003134,0.002591
2019-09-03,-0.005263,-0.000512,-0.006868,-0.004501
2019-09-04,0.009545,0.003363,0.010294,0.009132
2019-09-05,0.011828,0.004222,0.013870,0.009567
2019-09-06,-0.000805,0.001879,0.001494,0.002110
2019-09-09,0.001450,-0.001019,0.002322,0.000060
2019-09-10,-0.003414,0.004396,0.005979,0.004727
2019-09-11,0.004819,0.006635,0.008147,0.007678
2019-09-12,0.006700,-0.000151,0.002550,0.003157
2019-09-13,0.002590,0.004524,0.001123,0.000817
2019-09-16,-0.004712,-0.002855,-0.005099,-0.005232
2019-09-17,0.005424,0.000774,0.002789,0.003379
2019-09-18,0.001209,-0.001261,0.001041,0.001103
2019-09-19,0.003710,0.001169,-0.000930,-0.000040
2019-09-20,-0.006372,0.001512,-0.004680,-0.003084
2019-09-23,0.000378,-0.001436,0.000217,0.000111
2019-09-24,-0.008305,-0.006064,-0.008879,-0.007068
2019-09-25,0.006355,-0.003426,0.005391,0.003244
2019-09-26,-0.001243,-0.007447,-0.003157,-0.002401
2019-09-27,-0.004825,0.000826,-0.002615,-0.001452
2019-09-30,0.004429,0.000230,0.003511,0.002741
2019-10-01,-0.010657,-0.005453,-0.011934,-0.010819
2019-10-02,-0.016369,-0.014034,-0.015453,-0.015525
2019-10-03,0.008748,0.005638,0.006959,0.005836
2019-10-04,0.015655,0.016227,0.014882,0.015214
2019-10-07,-0.003393,-0.006623,-0.001757,-0.002625
2019-10-08,-0.015114,-0.010852,-0.016014,-0.014569
2019-10-09,0.010815,0.004663,0.007497,0.006228
2019-10-10,0.007442,0.003350,0.009696,0.008164
2019-10-11,0.005837,0.000029,0.011690,0.009009
2019-10-14,-0.001303,-0.002621,-0.001414,-0.001906
2019-10-15,0.015333,0.017671,0.017805,0.015415
2019-10-16,-0.002110,-0.002270,-0.001852,-0.001107
2019-10-17,0.001359,0.007217,0.005278,0.005271
2019-10-18,-0.000608,-0.002012,-0.004627,-0.003395
2019-10-21,0.012617,0.004135,0.009534,0.007680
2019-10-22,0.003708,0.010644,0.002943,0.003662
2019-10-23,0.006818,0.006435,0.006698,0.006977
2019-10-24,0.006909,-0.003738,-0.000436,-0.000834
2019-10-25,0.000750,-0.005129,0.006739,0.002829
2019-10-28,-0.001000,-0.004013,0.002031,0.000134
2019-10-29,-0.001378,0.003924,-0.000256,0.000620
2019-10-30,0.006180,0.008419,0.004791,0.006210
2019-10-31,-0.002701,-0.001601,-0.004142,-0.003369
2019-11-01,0.005338,0.002391,0.010143,0.007328
2019-11-04,-0.000852,-0.002739,0.005378,0.001463
2019-11-05,-0.004940,-0.002860,-0.002459,-0.002907
2019-11-06,0.005401,0.003028,0.001324,0.002825
2019-11-07,0.003422,0.002351,0.006114,0.004944
2019-11-08,0.002604,-0.007247,0.000259,-0.000553
2019-11-11,-0.000793,-0.002282,-0.002974,-0.003176
2019-11-12,-0.000124,-0.004836,-0.000289,-0.000910
2019-11-13,0.004417,0.004948,0.001287,0.002584
2019-11-14,0.004297,0.001487,0.000794,0.000919
2019-11-15,0.009192,0.002012,0.009077,0.009676
2019-11-18,0.008725,0.005370,0.003739,0.003097
2019-11-19,0.000963,-0.002393,-0.001711,-0.000874
2019-11-20,0.000606,0.004669,-0.001152,-0.000527
2019-11-21,-0.003941,-0.000001,0.000547,-0.000031
2019-11-22,0.000608,0.000089,0.001770,0.001626
2019-11-25,0.009719,0.002726,0.008833,0.006119
2019-11-26,0.004845,0.006857,0.001917,0.003874
2019-11-27,0.001697,0.000616,0.002377,0.001988
2019-11-29,-0.003697,-0.003040,-0.003317,-0.002869
2019-12-02,-0.008191,-0.000780,-0.009542,-0.007241
2019-12-03,-0.003146,-0.001318,-0.006235,-0.004570
2019-12-04,0.008307,0.009220,0.008976,0.009223
2019-12-05,0.004952,0.001741,0.003530,0.003211
2019-12-06,0.006678,0.006538,0.010212,0.008605
2019-12-09,-0.003304,-0.001762,-0.003355,-0.003026
2019-12-10,-0.000347,-0.002817,-0.000644,-0.001325
2019-12-11,0.000437,-0.000241,0.003233,0.002415
2019-12-12,0.004826,0.004016,0.011356,0.009199
2019-12-13,0.004322,-0.000935,-0.000893,-0.000752
2019-12-16,0.006742,0.005152,0.005927,0.005408
2019-12-17,-0.003587,-0.001615,0.002009,0.001295
2019-12-18,-0.000701,-0.004622,-0.001909,-0.002891
2019-12-19,0.003204,0.001223,0.003681,0.003600
2019-12-20,0.004049,0.009384,0.006721,0.006877
2019-12-23,0.001838,-0.000948,0.000997,0.000236
2019-12-24,0.001255,-0.000938,-0.000749,-0.000770
2019-12-26,0.007837,0.004122,0.005135,0.004584
2019-12-27,0.002332,0.002941,0.000190,0.001047
2019-12-30,-0.003998,-0.004207,-0.004790,-0.004463
2019-12-31,0.003548,0.003505,0.003855,0.003529
2020-01-02,0.002613,0.001696,0.006787,0.003875
2020-01-03,-0.008241,-0.004866,-0.010333,-0.009413
2020-01-06,0.002006,-0.000973,0.001337,0.000844
2020-01-07,-0.005534,-0.006054,-0.004142,-0.004775
2020-01-08,0.011907,-0.000224,0.006186,0.005363
2020-01-09,0.009419,0.005100,0.007380,0.007100
2020-01-10,0.001088,-0.000182,-0.000932,-0.000557
2020-01-13,0.010651,0.012454,0.009856,0.008949
2020-01-14,-0.006599,-0.005852,-0.003528,-0.002920
2020-01-15,0.009317,0.006149,0.003382,0.004825
2020-01-16,0.010834,0.005488,0.009501,0.008382
2020-01-17,0.005241,0.004325,0.003877,0.003904
2020-01-21,-0.000892,-0.002148,-0.004373,-0.003085
2020-01-22,-0.002860,-0.004247,-0.002369,-0.002059
2020-01-23,0.003099,0.001499,0.001111,0.000920
2020-01-24,-0.003837,-0.003578,-0.008096,-0.006871
2020-01-27,-0.016421,-0.011369,-0.017128,-0.014102
2020-01-28,0.013384,0.005905,0.011589,0.009318
2020-01-29,0.006413,-0.004301,-0.001198,-0.001694
2020-01-30,0.006005,0.006512,0.007029,0.007569
2020-01-31,-0.025754,-0.022511,-0.024359,-0.021863
2020-02-03,0.005004,-0.008120,0.001576,0.000185
2020-02-04,0.020333,0.009600,0.016235,0.013726
2020-02-05,0.004908,0.024808,0.015593,0.014758
2020-02-06,0.007422,-0.003765,0.001234,0.000723
2020-02-07,-0.004125,-0.004580,-0.007501,-0.005974
2020-02-10,0.011017,0.000767,0.007560,0.005992
2020-02-11,-0.004043,0.001024,0.000911,-0.000673
2020-02-12,0.007628,0.010339,0.008804,0.006473
2020-02-13,-0.000183,0.000493,-0.000282,0.000641
2020-02-14,0.005891,-0.000963,0.005133,0.003536
2020-02-18,-0.001537,-0.005623,-0.003688,-0.004662
2020-02-19,0.003806,0.006625,0.009340,0.006939
2020-02-20,-0.002636,-0.002983,-0.004948,-0.003310
2020-02-21,-0.009990,-0.004046,-0.008654,-0.005438
2020-02-24,-0.038208,-0.035505,-0.036419,-0.033274
2020-02-25,-0.028511,-0.034368,-0.030904,-0.029053
2020-02-26,0.003295,-0.006136,-0.000354,-0.001966
2020-02-27,-0.055805,-0.044770,-0.047683,-0.046794
2020-02-28,-0.006421,0.002928,-0.002275,-0.006701
2020-03-02,0.054532,0.048317,0.047787,0.048418
2020-03-03,-0.018070,-0.022342,-0.025649,-0.023079
2020-03-04,0.053473,0.047339,0.048568,0.049086
2020-03-05,-0.035923,-0.032205,-0.034327,-0.032947
2020-03-06,-0.027554,-0.022248,-0.021024,-0.019970
2020-03-09,-0.074117,-0.069732,-0.078543,-0.073062
2020-03-10,0.046610,0.035018,0.044802,0.041814
2020-03-11,-0.044314,-0.043192,-0.046647,-0.046717
2020-03-12,-0.088082,-0.087213,-0.091806,-0.088584
2020-03-13,0.105761,0.075265,0.103759,0.097876
2020-03-16,-0.131551,-0.089347,-0.111002,-0.102945
2020-03-17,0.069328,0.062865,0.061586,0.061245
2020-03-18,-0.045905,-0.050551,-0.053880,-0.050057
2020-03-19,-0.021048,-0.020433,-0.003727,-0.012871
2020-03-20,-0.044601,-0.051668,-0.050113,-0.051287
2020-03-23,-0.009056,-0.036405,-0.030277,-0.032798
2020-03-24,0.097916,0.079803,0.100931,0.091398
2020-03-25,0.014995,0.027725,0.020914,0.021664
2020-03-26,0.063591,0.062145,0.062468,0.063565
2020-03-27,-0.024712,-0.025213,-0.031630,-0.028266
2020-03-30,0.051059,0.038514,0.040970,0.041480
2020-03-31,-0.017316,-0.014331,-0.011981,-0.014384
2020-04-01,-0.059996,-0.028211,-0.044415,-0.040958
2020-04-02,0.029573,0.048257,0.035859,0.036688
2020-04-03,-0.022192,-0.011629,-0.019196,-0.016639
2020-04-06,0.083384,0.045917,0.064081,0.060440
2020-04-07,-0.007279,0.002923,0.001256,0.000480
2020-04-08,0.033327,0.037721,0.039928,0.038272
2020-04-09,0.012409,0.003810,0.012905,0.012103
2020-04-13,-0.004746,-0.020594,-0.019384,-0.019788
2020-04-14,0.041428,0.021374,0.025743,0.026728
2020-04-15,-0.016256,-0.022758,-0.018374,-0.018362
2020-04-16,0.025266,-0.004385,0.007481,0.006272
2020-04-17,0.004877,0.040834,0.026779,0.026828
2020-04-20,-0.018554,-0.026132,-0.022141,-0.021624
2020-04-21,-0.031138,-0.020235,-0.026438,-0.024280
2020-04-22,0.025651,0.013100,0.016241,0.014892
2020-04-23,-0.006941,0.006129,0.003637,0.003359
2020-04-24,0.019831,0.004829,0.011208,0.009775
2020-04-27,0.012658,0.008858,0.014766,0.013127
2020-04-28,-0.016353,0.006322,-0.002852,-0.002541
2020-04-29,0.022787,0.019815,0.019000,0.016762
2020-04-30,-0.002580,-0.016696,-0.011811,-0.011619
2020-05-01,-0.022141,-0.027870,-0.026576,-0.024518
2020-05-04,0.012153,-0.004593,0.002990,0.001461
2020-05-05,0.009280,0.002828,0.006435,0.006017
2020-05-06,0.001433,-0.016292,-0.009405,-0.010855
2020-05-07,0.009453,-0.001820,0.006517,0.004940
2020-05-08,0.020403,0.034336,0.023766,0.024220
2020-05-11,0.007775,-0.013840,-0.005484,-0.006375
2020-05-12,-0.025298,-0.023398,-0.023996,-0.022612
2020-05-13,-0.011531,-0.022697,-0.019715,-0.018881
2020-05-14,0.011888,0.010219,0.015114,0.012722
2020-05-15,0.011118,-0.003888,0.003438,0.002401
2020-05-18,0.023729,0.049967,0.038748,0.036781
2020-05-19,-0.011048,-0.024772,-0.017381,-0.018258
2020-05-20,0.014696,0.021338,0.018658,0.017168
2020-05-21,-0.011029,-0.008092,-0.009808,-0.009556
2020-05-22,0.010090,0.001992,0.002195,0.001572
2020-05-26,-0.004867,0.022183,0.020247,0.018802
2020-05-27,0.003795,0.018613,0.018952,0.018165
2020-05-28,0.003547,-0.000710,-0.000396,0.001815
2020-05-29,0.014304,0.002784,0.002313,0.002984
2020-06-01,-0.001064,0.004387,0.005160,0.003626
2020-06-02,0.008783,0.010795,0.010414,0.010095
2020-06-03,0.004785,0.024867,0.018419,0.017494
2020-06-04,-0.010933,0.000791,-0.002988,-0.003646
2020-06-05,0.022429,0.036852,0.030814,0.029061
2020-06-08,0.004153,0.014388,0.007240,0.007221
2020-06-09,0.011090,-0.016178,-0.006458,-0.007137
2020-06-10,0.017179,-0.017419,-0.004276,-0.003920
2020-06-11,-0.050411,-0.059640,-0.062347,-0.059055
2020-06-12,0.012669,0.010319,0.014302,0.012737
2020-06-15,0.008254,0.006230,0.008479,0.007089
2020-06-16,0.016696,0.016821,0.019281,0.019196
2020-06-17,0.002284,-0.012522,-0.006264,-0.006217
2020-06-18,-0.000108,0.003750,-0.000275,0.000521
2020-06-19,-0.009048,-0.012038,-0.008938,-0.009287
2020-06-22,0.015531,-0.004179,0.004528,0.002693
2020-06-23,0.000955,0.000765,0.003019,0.001903
2020-06-24,-0.019998,-0.029000,-0.026709,-0.025716
2020-06-25,0.015895,0.016307,0.018854,0.016774
2020-06-26,-0.025453,-0.029930,-0.030495,-0.028596
2020-06-29,0.016385,0.019536,0.017668,0.018370
2020-06-30,0.018974,0.010915,0.014400,0.013476
2020-07-01,0.001819,-0.006906,0.000451,0.000215
2020-07-02,0.006253,0.004359,0.006535,0.006337
2020-07-06,0.017022,0.012336,0.016690,0.015152
2020-07-07,-0.003083,-0.011077,-0.011018,-0.009464
2020-07-08,0.016910,0.002948,0.008547,0.007244
2020-07-09,0.004642,-0.020731,-0.010717,-0.011292
2020-07-10,0.002374,0.024863,0.013408,0.012856
2020-07-13,-0.015215,0.007016,0.001323,0.002098
2020-07-14,0.016516,0.017061,0.021167,0.020276
2020-07-15,-0.002014,0.007103,0.005356,0.004847
2020-07-16,-0.005980,0.000883,-0.002204,-0.001021
2020-07-17,0.005389,-0.002361,0.002450,0.003604
2020-07-20,0.015430,-0.010170,-0.000881,-0.002155
2020-07-21,-0.005832,0.019066,0.008284,0.008386
2020-07-22,0.006494,0.000257,0.001822,0.002577
2020-07-23,-0.021571,0.000331,-0.009291,-0.007506
2020-07-24,0.003024,-0.001663,-0.002528,-0.001684
2020-07-27,0.013397,-0.000730,0.007469,0.006379
2020-07-28,-0.005434,-0.000908,-0.003381,-0.002038
2020-07-29,0.012875,0.006342,0.012559,0.010663
2020-07-30,0.005576,-0.014270,-0.009036,-0.007704
2020-07-31,0.023293,-0.002892,0.004512,0.003903
2020-08-03,0.019650,0.001430,0.006238,0.004532
2020-08-04,0.004347,0.010969,0.005397,0.005868
2020-08-05,0.003499,0.009534,0.009712,0.008482
2020-08-06,0.008578,0.001380,0.003637,0.003183
2020-08-07,-0.009154,0.003253,0.002873,0.003575
2020-08-10,-0.003270,0.006893,0.007125,0.006428
2020-08-11,-0.016757,0.003649,-0.005054,-0.005066
2020-08-12,0.026923,0.011954,0.014591,0.013677
2020-08-13,0.003758,-0.005828,-0.003995,-0.003713
2020-08-14,-0.000315,0.003296,0.001329,0.001212
2020-08-17,0.010900,0.002637,0.000056,-0.000385
2020-08-18,0.001784,-0.003703,-0.001867,-0.000611
2020-08-19,-0.004434,-0.007897,-0.004643,-0.004901
2020-08-20,0.009675,-0.006123,0.000817,0.001120
2020-08-21,0.014458,0.006230,0.007553,0.006358
2020-08-24,0.007825,0.018111,0.010801,0.010399
2020-08-25,0.002782,-0.005249,0.001136,0.000959
2020-08-26,0.007895,-0.004322,0.000722,0.000677
2020-08-27,0.000120,0.002563,0.004718,0.004019
2020-08-28,0.009921,0.020061,0.009738,0.009210
2020-08-31,0.001825,-0.007918,-0.005227,-0.005091
2020-09-01,0.021066,0.015123,0.007601,0.005627
2020-09-02,0.013910,0.011391,0.018983,0.019318
2020-09-03,-0.055609,-0.046368,-0.029284,-0.026367
2020-09-04,-0.010857,-0.007336,-0.001785,-0.001629
2020-09-08,-0.041226,-0.040810,-0.026498,-0.024066
2020-09-09,0.038357,0.029459,0.020119,0.018194
2020-09-10,-0.023196,-0.023788,-0.017086,-0.015997
2020-09-11,-0.001758,-0.003085,0.004795,0.005550
2020-09-14,0.019840,0.019398,0.011806,0.010315
2020-09-15,0.005061,0.001122,-0.003196,-0.002029
2020-09-16,-0.019018,-0.008736,-0.001777,-0.001777
2020-09-17,-0.004853,-0.005087,-0.004650,-0.004005
2020-09-18,-0.016633,-0.017390,-0.007978,-0.006820
2020-09-21,0.005541,0.001854,-0.015906,-0.016747
2020-09-22,0.011293,0.003634,0.003355,0.003570
2020-09-23,-0.029406,-0.032045,-0.023855,-0.022329
2020-09-24,0.010167,0.008374,0.008093,0.007195
2020-09-25,0.019383,0.020502,0.013917,0.012245
2020-09-28,0.012790,0.015423,0.014261,0.012978
2020-09-29,-0.002482,-0.006342,-0.004926,-0.004959
2020-09-30,0.014009,0.011676,0.011898,0.011172
2020-10-01,0.002852,-0.004123,-0.003583,-0.003760
2020-10-02,-0.022668,-0.019033,-0.003848,-0.003393
2020-10-05,0.022927,0.026585,0.017581,0.015830
2020-10-06,-0.009915,-0.012661,-0.009733,-0.009399
2020-10-07,0.015314,0.014485,0.015917,0.014820
2020-10-08,-0.000078,0.011684,0.010105,0.009935
2020-10-09,0.010306,0.006245,0.006075,0.006390
2020-10-12,0.027315,0.026639,0.015953,0.014010
2020-10-13,-0.006176,-0.007769,-0.010696,-0.010795
2020-10-14,-0.006060,-0.003768,-0.005519,-0.005765
2020-10-15,-0.006667,-0.001501,-0.001522,-0.001849
2020-10-16,-0.002947,-0.004771,0.001346,0.001682
2020-10-19,-0.020710,-0.020547,-0.016331,-0.016248
2020-10-20,0.007426,0.008527,0.006974,0.006437
2020-10-21,-0.003512,-0.007410,-0.007270,-0.006700
2020-10-22,-0.003657,0.008810,0.010635,0.010369
2020-10-23,0.006318,-0.000516,0.002410,0.002526
2020-10-26,-0.016759,-0.021448,-0.020071,-0.018199
2020-10-27,0.009249,0.002829,-0.006815,-0.006392
2020-10-28,-0.042950,-0.045573,-0.036228,-0.034894
2020-10-29,0.017736,0.027540,0.013459,0.011814
2020-10-30,-0.020979,-0.021401,-0.006355,-0.005021
2020-11-02,0.005972,0.025153,0.019848,0.019310
2020-11-03,0.019175,0.016193,0.019837,0.017660
2020-11-04,0.027343,0.000994,0.009867,0.007767
2020-11-05,0.023285,0.032307,0.022145,0.020358
2020-11-06,0.006891,0.001487,-0.000405,0.000393
2020-11-09,-0.027669,0.032233,0.027491,0.026552
2020-11-10,-0.012157,-0.000866,0.005005,0.008184
2020-11-11,0.024275,0.005816,0.004103,0.002951
2020-11-12,-0.000987,-0.011135,-0.005936,-0.005582
2020-11-13,0.003174,0.007771,0.009400,0.009609
2020-11-16,0.002238,0.016505,0.011041,0.009189
2020-11-17,-0.005833,-0.003884,-0.004878,-0.004815
2020-11-18,-0.010756,-0.010589,-0.013193,-0.013583
2020-11-19,0.001017,0.004642,0.000730,0.000688
2020-11-20,-0.009450,-0.010950,-0.007125,-0.006399
2020-11-23,-0.006254,0.013436,0.006861,0.005566
2020-11-24,0.003246,0.018404,0.014642,0.013272
2020-11-25,0.005490,-0.005725,-0.003506,-0.003701
2020-11-27,0.003993,0.001553,0.002940,0.002861
2020-11-30,0.004655,-0.008928,-0.008750,-0.008062
2020-12-01,0.009818,0.009012,0.009732,0.009487
2020-12-02,-0.000200,0.015341,0.005342,0.004594
2020-12-03,-0.005648,-0.001044,-0.001555,-0.000696
2020-12-04,0.002634,0.021431,0.013516,0.012291
2020-12-07,0.002669,-0.006965,-0.005684,-0.005809
2020-12-08,-0.000372,0.004495,0.003444,0.004010
2020-12-09,-0.015677,-0.005675,-0.003193,-0.002428
2020-12-10,-0.001524,0.004893,-0.000681,-0.001865
2020-12-11,0.002459,-0.000567,-0.000073,0.000392
2020-12-14,0.001762,-0.008413,-0.007110,-0.007789
2020-12-15,0.014476,0.019066,0.015473,0.014748
2020-12-16,0.002098,-0.002326,-0.001496,-0.002191
2020-12-17,0.006820,-0.000034,0.006371,0.006968
2020-12-18,-0.002471,-0.006160,-0.003873,-0.002457
2020-12-21,0.001620,0.005479,0.002114,-0.000934
2020-12-22,0.003440,-0.009033,-0.005432,-0.005165
2020-12-23,-0.007621,0.006648,0.002958,0.002399
2020-12-24,0.005172,0.000048,0.003577,0.003745
2020-12-28,0.010624,0.003779,0.008211,0.008132
2020-12-29,-0.003688,-0.006004,-0.003300,-0.002947
2020-12-30,-0.002542,0.008697,0.003728,0.002860
2020-12-31,0.001707,0.001734,0.006460,0.006918
2021-01-04,-0.014219,-0.009342,-0.011332,-0.011580
2021-01-05,0.011363,0.017768,0.008570,0.007208
2021-01-06,-0.014766,0.006955,0.008874,0.008388
2021-01-07,0.021308,0.023989,0.012992,0.009770
2021-01-08,0.001757,0.000860,0.001317,0.001103
2021-01-11,-0.005229,0.006772,-0.002054,-0.003524
2021-01-12,-0.006400,0.008035,0.002241,0.001106
2021-01-13,0.006424,0.004249,0.001746,0.001387
2021-01-14,-0.015943,0.004994,-0.001155,-0.001198
2021-01-15,-0.013631,-0.023200,-0.011136,-0.009438
2021-01-19,0.006140,0.005899,0.002796,0.002304
2021-01-20,0.015315,0.010496,0.005687,0.004756
2021-01-21,0.011658,0.002100,0.001257,0.000536
2021-01-22,-0.000903,-0.005604,-0.003375,-0.002786
2021-01-25,0.012738,-0.001626,0.002950,0.005039
2021-01-26,0.003400,-0.008030,0.000324,0.000322
2021-01-27,-0.025847,-0.018416,-0.023632,-0.023542
2021-01-28,0.008717,0.005299,0.010845,0.010652
2021-01-29,-0.020852,-0.023746,-0.018902,-0.019144
2021-02-01,0.020112,0.009349,0.010101,0.008526
2021-02-02,0.005968,0.022856,0.014708,0.012259
2021-02-03,-0.000952,0.008942,0.002001,0.001718
2021-02-04,0.005867,0.018216,0.006377,0.005930
2021-02-05,0.003393,0.007338,0.006559,0.007133
2021-02-08,0.007217,0.020129,0.011792,0.009146
2021-02-09,-0.002305,-0.005315,-0.001742,-0.001422
2021-02-10,0.000511,0.004750,0.003373,0.002268
2021-02-11,0.005287,-0.003986,0.000909,0.000305
2021-02-12,-0.002703,0.008909,0.000799,0.000470
2021-02-16,-0.004115,0.011660,0.003352,0.001751
2021-02-17,-0.006507,-0.000664,0.001742,0.004758
2021-02-18,-0.000804,-0.004716,-0.000823,0.000008
2021-02-19,-0.005638,0.008375,0.001222,-0.001277
2021-02-22,-0.017304,0.005221,0.000311,0.000696
2021-02-23,0.001080,0.005093,0.004397,0.004604
2021-02-24,-0.000737,0.017536,0.009946,0.008507
2021-02-25,-0.028560,-0.019211,-0.019633,-0.017410
2021-02-26,-0.003733,-0.017768,-0.012454,-0.014338
2021-03-01,0.020116,0.024351,0.019184,0.017282
2021-03-02,-0.010798,-0.005157,-0.005921,-0.005125
2021-03-03,-0.022336,0.002227,-0.009335,-0.008481
2021-03-04,-0.010939,0.000089,-0.008070,-0.007893
2021-03-05,0.018205,0.021181,0.018906,0.019810
2021-03-08,-0.016302,0.007306,-0.001078,0.001535
2021-03-09,0.026532,-0.008584,0.008356,0.005663
2021-03-10,-0.000312,0.019658,0.010548,0.010610
2021-03-11,0.012689,-0.001731,0.003478,0.000822
2021-03-12,0.001011,0.016585,0.007688,0.007132
2021-03-15,0.009778,-0.003731,0.003779,0.003693
2021-03-16,0.008976,-0.010645,-0.001099,-0.000389
2021-03-17,-0.005352,0.009457,0.001257,0.000567
2021-03-18,-0.015763,-0.007508,-0.006834,-0.005249
2021-03-19,-0.003229,-0.007466,-0.004615,-0.004177
2021-03-22,0.022115,-0.005057,0.006539,0.006904
2021-03-23,0.004313,-0.013624,-0.004226,-0.002197
2021-03-24,-0.010439,0.005541,0.000094,0.000927
2021-03-25,0.001083,0.005789,0.004247,0.004591
2021-03-26,0.016817,0.015197,0.017309,0.017335
2021-03-29,0.003861,0.000059,0.002510,0.003888
2021-03-30,-0.009894,0.001306,-0.004305,-0.005216
2021-03-31,0.009954,-0.008807,-0.000660,-0.001598
2021-04-01,0.007460,0.008724,0.007010,0.005268
2021-04-05,0.018609,0.001142,0.007714,0.008040
2021-04-06,-0.001722,0.000165,-0.001596,-0.000904
2021-04-07,0.003659,0.003050,0.003727,0.002909
2021-04-08,0.006893,0.002270,0.002005,0.000674
2021-04-09,0.007857,0.002828,0.007104,0.005681
2021-04-12,0.001461,-0.000505,0.004078,0.003224
2021-04-13,0.006411,0.001591,0.001089,-0.000049
2021-04-14,-0.007046,0.009767,-0.000615,-0.000100
2021-04-15,0.015515,0.005825,0.012994,0.011378
2021-04-16,0.002334,0.002798,0.003614,0.004329
2021-04-19,-0.004099,-0.000618,-0.003761,-0.002727
2021-04-20,-0.002868,-0.017064,-0.004936,-0.002656
2021-04-21,0.005769,0.009755,0.007729,0.006370
2021-04-22,-0.012513,-0.013461,-0.011964,-0.011335
2021-04-23,0.009409,0.012072,0.007991,0.006332
2021-04-26,-0.004799,0.002227,-0.002731,-0.004281
2021-04-27,-0.001385,0.002085,0.000141,-0.000704
2021-04-28,-0.008697,0.007674,-0.000248,-0.000360
2021-04-29,0.003858,0.004506,0.007450,0.008263
2021-04-30,-0.004642,-0.010138,-0.006956,-0.005504
2021-05-03,0.004031,0.005926,0.005846,0.006467
2021-05-04,-0.018441,0.000523,-0.001627,-0.000396
2021-05-05,0.002924,0.015508,0.005976,0.004603
2021-05-06,0.012709,0.008756,0.011024,0.010807
2021-05-07,0.008202,0.012474,0.007014,0.005466
2021-05-10,-0.007914,-0.004001,-0.000320,0.002081
2021-05-11,-0.005646,-0.016072,-0.012240,-0.012131
2021-05-12,-0.022022,-0.013057,-0.015471,-0.013854
2021-05-13,0.013125,0.003047,0.010654,0.010689
2021-05-14,0.016171,0.020923,0.013756,0.011437
2021-05-17,-0.005640,0.004693,-0.000974,-0.001654
2021-05-18,-0.008694,-0.016121,-0.010160,-0.009723
2021-05-19,-0.000117,-0.009970,-0.004825,-0.004430
2021-05-20,0.015883,0.006908,0.007610,0.006881
2021-05-21,-0.000758,0.011546,0.004145,0.003202
2021-05-24,0.013879,0.013233,0.009110,0.007727
2021-05-25,0.001281,-0.007844,-0.003595,-0.003477
2021-05-26,-0.001790,0.004750,0.000580,0.000077
2021-05-27,-0.009808,-0.000550,0.000737,0.000002
2021-05-28,0.004762,0.010079,0.003420,0.002561
2021-06-01,-0.002276,0.005058,0.003397,0.001513
2021-06-02,0.005798,0.006149,0.004538,0.004199
2021-06-03,-0.000010,0.007676,0.002163,0.002524
2021-06-04,0.012879,0.004623,0.007568,0.006726
2021-06-07,-0.001938,-0.005805,-0.005193,-0.004911
2021-06-08,-0.001311,0.000695,-0.000480,-0.001003
2021-06-09,-0.000575,-0.004068,-0.002645,-0.001891
2021-06-10,0.005341,-0.005367,-0.001362,0.000193
2021-06-11,0.002486,-0.006428,-0.001613,-0.002299
2021-06-14,0.008582,-0.001806,0.000336,0.000275
2021-06-15,-0.006082,0.006859,-0.002215,-0.001920
2021-06-16,-0.005074,-0.008473,-0.005825,-0.006624
2021-06-17,0.010909,-0.009906,-0.002816,-0.002185
2021-06-18,-0.012474,-0.014089,-0.016719,-0.016703
2021-06-21,0.013022,0.017226,0.016074,0.015586
2021-06-22,0.007966,0.005665,0.004633,0.003803
2021-06-23,-0.004666,0.001090,-0.001765,-0.002658
2021-06-24,0.001882,0.009367,0.007472,0.006788
2021-06-25,0.000955,0.001270,0.001683,0.002174
2021-06-28,0.013383,-0.002477,0.003011,0.001909
2021-06-29,0.003445,-0.005049,-0.000675,-0.001389
2021-06-30,-0.001349,0.006481,0.004404,0.004110
2021-07-01,0.004486,0.002089,0.003314,0.003376
2021-07-02,0.013049,0.004785,0.007445,0.007398
2021-07-06,0.004357,-0.008506,-0.004773,-0.004422
2021-07-07,0.005879,-0.003157,0.003685,0.004366
2021-07-08,-0.010977,-0.009266,-0.009281,-0.008034
2021-07-09,0.008440,0.012513,0.014483,0.012944
2021-07-12,0.004388,0.005858,0.005856,0.004711
2021-07-13,-0.000785,-0.005271,-0.003614,-0.002823
2021-07-14,0.004308,-0.007027,0.001397,0.002767
2021-07-15,-0.008260,-0.009325,-0.001180,-0.000224
2021-07-16,-0.010334,-0.017353,-0.010466,-0.008165
2021-07-19,-0.004150,-0.007828,-0.015957,-0.015222
2021-07-20,0.007366,0.004376,0.012566,0.010822
2021-07-21,0.009636,0.020949,0.011743,0.010222
2021-07-22,0.007035,-0.002221,0.000821,0.000704
2021-07-23,0.009417,0.001592,0.004392,0.004870
2021-07-26,-0.001962,0.003700,0.001578,0.001466
2021-07-27,-0.004036,-0.001957,-0.000641,0.000373
2021-07-28,-0.004224,0.002141,-0.003436,-0.004538
2021-07-29,0.005107,0.007144,0.006145,0.005762
2021-07-30,0.005218,-0.011750,-0.001996,-0.000906
2021-08-02,-0.001124,0.002545,-0.001040,-0.001362
2021-08-03,0.009816,0.007108,0.008658,0.008320
2021-08-04,0.000725,-0.006465,-0.005995,-0.006527
2021-08-05,0.006518,0.010614,0.004842,0.003964
2021-08-06,-0.004996,0.007584,0.003951,0.002777
2021-08-09,-0.000917,-0.001822,-0.001875,-0.001508
2021-08-10,-0.005857,0.010201,0.004349,0.004133
2021-08-11,0.000469,0.008525,0.004742,0.004253
2021-08-12,0.009611,0.001146,0.003531,0.003401
2021-08-13,0.008528,-0.001903,0.002724,0.003255
2021-08-16,0.005855,-0.006858,0.003015,0.003709
2021-08-17,-0.005376,-0.011155,-0.004480,-0.002946
2021-08-18,-0.014040,-0.017484,-0.013733,-0.013376
2021-08-19,0.014365,-0.006235,0.002720,0.002871
2021-08-20,0.017445,0.012512,0.008255,0.006893
2021-08-23,0.008678,0.025759,0.008418,0.005907
2021-08-24,-0.007044,0.005498,-0.001433,-0.002716
2021-08-25,0.000146,0.008199,0.002257,0.001117
2021-08-26,-0.004854,-0.008833,-0.005392,-0.005436
2021-08-27,0.007592,0.014681,0.007409,0.006179
2021-08-30,0.012725,-0.005927,0.002633,0.003079
2021-08-31,-0.005041,-0.003737,-0.002739,-0.002158
2021-09-01,0.005220,-0.003970,0.000784,0.001297
2021-09-02,0.002743,0.010071,0.006804,0.006603
2021-09-03,0.003248,0.002538,-0.000882,-0.000774
2021-09-07,0.000646,-0.008702,-0.006331,-0.007071
2021-09-08,-0.003860,-0.005060,-0.003415,-0.002171
2021-09-09,-0.007473,-0.006644,-0.006924,-0.007631
2021-09-10,-0.007397,0.000716,-0.006462,-0.006284
2021-09-13,0.002528,0.005544,0.007333,0.007119
2021-09-14,-0.000709,-0.007260,-0.006519,-0.005966
2021-09-15,0.006640,0.011638,0.008085,0.007354
2021-09-16,-0.002863,-0.006518,-0.005036,-0.004871
2021-09-17,-0.012824,-0.009818,-0.009743,-0.008895
2021-09-20,-0.019572,-0.023186,-0.019717,-0.017132
2021-09-21,0.003475,-0.000259,0.000246,0.000185
2021-09-22,0.012873,0.014204,0.010658,0.008676
2021-09-23,0.007661,0.019496,0.011801,0.010296
2021-09-24,-0.004309,-0.002533,-0.001498,-0.001549
2021-09-27,-0.012865,0.003577,-0.000322,-0.001180
2021-09-28,-0.025063,-0.008443,-0.014706,-0.013387
2021-09-29,0.002677,-0.001942,0.000597,0.001676
2021-09-30,-0.008776,-0.012029,-0.013108,-0.013052
2021-10-01,0.009366,0.011052,0.010685,0.009539
2021-10-04,-0.019639,-0.010457,-0.009473,-0.007846
2021-10-05,0.014952,0.007730,0.010165,0.008417
2021-10-06,0.009291,-0.000887,0.003975,0.004082
2021-10-07,0.010299,0.010141,0.009726,0.008919
2021-10-08,-0.005300,-0.000952,-0.000709,-0.001438
2021-10-11,-0.001120,-0.010008,-0.007336,-0.007137
2021-10-12,-0.000271,-0.009451,-0.003535,-0.004351
2021-10-13,0.007665,0.001852,0.002288,0.002638
2021-10-14,0.021979,0.021221,0.018822,0.017317
2021-10-15,0.004565,0.010671,0.010565,0.009399
2021-10-18,0.006207,0.001669,0.001650,-0.000112
2021-10-19,0.002481,0.011752,0.006149,0.006209
2021-10-20,0.002723,0.008068,0.007910,0.008833
2021-10-21,0.006668,-0.001035,0.000989,0.000063
2021-10-22,0.000890,-0.000817,0.001228,0.000821
2021-10-25,0.004412,0.008321,0.003191,0.002241
2021-10-26,0.017300,0.018889,0.010627,0.009862
2021-10-27,0.003857,-0.014282,-0.005615,-0.005120
2021-10-28,0.011844,0.015327,0.010874,0.009467
2021-10-29,0.004962,0.004396,0.002728,0.002556
2021-11-01,0.000067,0.006886,0.001695,0.001163
2021-11-02,0.013716,0.008120,0.007158,0.006408
2021-11-03,0.005303,-0.006418,0.001005,0.001563
2021-11-04,0.026238,0.020497,0.005835,0.003015
2021-11-05,-0.000587,0.002507,0.002316,0.002458
2021-11-08,0.009823,0.018946,0.007636,0.005861
2021-11-09,-0.000385,-0.004331,-0.000723,-0.000421
2021-11-10,-0.013490,-0.018055,-0.007484,-0.004841
2021-11-11,0.007027,0.008874,0.001030,-0.000036
2021-11-12,0.005542,0.002073,0.003125,0.003000
2021-11-15,-0.001128,-0.004777,-0.002254,-0.001897
2021-11-16,0.002808,-0.000426,-0.001681,-0.002217
2021-11-17,-0.002623,-0.016065,-0.005563,-0.004623
2021-11-18,0.022868,0.012781,0.004536,0.002189
2021-11-19,0.011868,-0.005551,-0.003464,-0.003796
2021-11-22,-0.006374,0.001279,0.002177,0.002524
2021-11-23,0.001799,0.014735,0.008906,0.008451
2021-11-24,0.007876,0.005580,-0.000216,-0.000890
2021-11-26,-0.027120,-0.030343,-0.023760,-0.021153
2021-11-29,0.025559,0.012136,0.010488,0.009373
2021-11-30,-0.009910,-0.018700,-0.017215,-0.018677
2021-12-01,-0.006209,-0.011222,-0.003967,-0.002709
2021-12-02,0.009290,0.022374,0.014454,0.013554
2021-12-03,-0.014511,-0.011179,-0.003555,-0.000533
2021-12-06,0.007308,0.007903,0.012493,0.012460
2021-12-07,0.033488,0.028683,0.017396,0.014052
2021-12-08,0.002391,-0.004718,-0.000430,-0.000061
2021-12-09,-0.012155,-0.007746,-0.002970,-0.002104
2021-12-10,0.013126,-0.003097,0.007623,0.007980
2021-12-13,-0.014990,-0.023328,-0.005597,-0.002184
2021-12-14,-0.009137,0.004112,-0.001053,-0.000359
2021-12-15,0.031866,0.017743,0.014673,0.012599
2021-12-16,-0.025671,-0.004118,-0.000458,0.003423
2021-12-17,-0.012766,-0.023694,-0.017285,-0.016059
2021-12-20,-0.005420,-0.016374,-0.010588,-0.009131
2021-12-21,0.018411,0.023165,0.012025,0.009395
2021-12-22,0.012423,0.010392,0.008926,0.008303
2021-12-23,0.004508,0.007592,0.005385,0.004731
2021-12-27,0.025404,0.014950,0.013245,0.012002
2021-12-28,-0.005367,-0.003952,-0.000341,0.000341
2021-12-29,0.001850,-0.003490,0.001057,0.001292
2021-12-30,-0.006472,-0.005711,-0.003810,-0.003480
2021-12-31,-0.002025,-0.001711,-0.000456,-0.000485
2022-01-03,0.004716,0.026587,0.006448,0.005184
2022-01-04,-0.013856,0.014401,0.008137,0.008197
2022-01-05,-0.028077,-0.020343,-0.008097,-0.005220
2022-01-06,-0.004081,0.006763,-0.003920,-0.004740
2022-01-07,-0.010109,-0.002497,0.000418,0.002076
2022-01-10,-0.001642,0.000031,-0.002219,-0.002973
2022-01-11,0.005435,0.016293,0.005139,0.003228
2022-01-12,0.003665,-0.003532,0.001966,0.001638
2022-01-13,-0.023187,-0.013717,-0.008905,-0.007641
2022-01-14,0.006724,-0.004641,-0.002578,-0.001809
2022-01-18,-0.021133,-0.026895,-0.016976,-0.014539
2022-01-19,-0.005530,-0.018868,-0.005965,-0.003497
2022-01-20,-0.008862,-0.011298,-0.006235,-0.005278
2022-01-21,-0.011025,-0.017441,-0.010578,-0.009070
2022-01-24,-0.004796,0.000402,-0.002820,-0.003521
2022-01-25,-0.017396,-0.005105,-0.003993,-0.002675
2022-01-26,0.004675,0.003692,-0.001799,-0.004119
2022-01-27,-0.009027,-0.009193,-0.002037,-0.000379
2022-01-28,0.038265,0.023149,0.017050,0.017411
2022-01-31,0.024584,0.027686,0.014320,0.012075
2022-02-01,-0.004521,0.020763,0.005771,0.003882
2022-02-02,0.017128,0.006347,0.009634,0.010176
2022-02-03,-0.021566,-0.025814,-0.015933,-0.013090
2022-02-04,-0.001967,0.012934,-0.001822,-0.003900
2022-02-07,-0.003969,0.003794,0.000393,-0.000463
2022-02-08,0.008048,0.003546,0.005917,0.004907
2022-02-09,0.023496,0.019445,0.011765,0.010081
2022-02-10,-0.026866,-0.017277,-0.014604,-0.013721
2022-02-11,-0.028497,-0.019700,-0.017657,-0.015401
2022-02-14,0.002250,-0.003214,-0.003259,-0.003152
2022-02-15,0.028122,0.024395,0.015573,0.013216
2022-02-16,-0.000054,-0.001217,0.000113,0.000413
2022-02-17,-0.024755,-0.034431,-0.017577,-0.013635
2022-02-18,-0.011142,-0.015254,-0.006218,-0.004951
2022-02-22,-0.009584,-0.007304,-0.008079,-0.007927
2022-02-23,-0.023586,-0.019298,-0.014810,-0.013541
2022-02-24,0.022638,0.016676,0.000680,-0.002368
2022-02-25,0.023820,0.019095,0.029899,0.031311
2022-02-28,-0.003149,-0.000335,-0.007157,-0.007360
2022-03-01,-0.015760,-0.018344,-0.016150,-0.014157
2022-03-02,0.017535,0.027569,0.019598,0.017916
2022-03-03,-0.004548,-0.002594,0.000361,0.001791
2022-03-04,-0.010878,-0.006202,-0.002436,-0.000755
2022-03-07,-0.032142,-0.014466,-0.018893,-0.016469
2022-03-08,-0.014193,0.009848,-0.007133,-0.010468
2022-03-09,0.037648,0.023230,0.021978,0.018969
2022-03-10,-0.014521,-0.006315,-0.006124,-0.006127
2022-03-11,-0.019922,-0.008912,-0.010913,-0.009810
2022-03-14,-0.010439,-0.011283,-0.001836,-0.000474
2022-03-15,0.039987,0.012710,0.020216,0.019582
2022-03-16,0.026214,0.019657,0.016396,0.012524
2022-03-17,0.008379,0.013319,0.011613,0.010657
2022-03-18,0.024570,0.008307,0.007083,0.003497
2022-03-21,0.002702,0.005622,0.003842,0.004147
2022-03-22,0.006948,0.008480,0.004470,0.003855
2022-03-23,-0.011050,-0.005109,-0.008593,-0.007464
2022-03-24,0.027235,0.011897,0.014921,0.012534
2022-03-25,0.000909,0.005146,0.005852,0.006391
2022-03-28,0.013767,0.000843,0.002868,0.003010
2022-03-29,0.015941,0.008846,0.007146,0.006617
2022-03-30,-0.010028,-0.000569,-0.001000,0.000163
2022-03-31,-0.015527,-0.013864,-0.014508,-0.013920
2022-04-01,0.000875,0.000304,0.004895,0.006926
2022-04-04,0.009907,0.005230,0.002238,0.001421
2022-04-05,-0.013590,-0.010190,-0.006776,-0.004460
2022-04-06,-0.013540,-0.009384,-0.003467,-0.000120
2022-04-07,-0.000431,0.005416,0.002024,0.002529
2022-04-08,-0.011481,0.004633,0.002014,0.003302
2022-04-11,-0.027930,-0.016129,-0.014064,-0.012023
2022-04-12,-0.004428,-0.001208,-0.000939,-0.000616
2022-04-13,0.014152,0.005337,0.008273,0.007963
2022-04-14,-0.018408,0.000886,-0.005603,-0.004910
2022-04-18,0.005940,0.005185,0.001986,-0.000240
2022-04-19,0.019601,0.010585,0.015185,0.014990
2022-04-20,0.001203,0.010451,0.007751,0.009143
2022-04-21,-0.021334,-0.009933,-0.010478,-0.007796
2022-04-22,-0.028468,-0.033504,-0.029913,-0.029649
2022-04-25,0.009353,0.003371,0.003754,0.002624
2022-04-26,-0.032929,-0.026105,-0.023846,-0.022077
2022-04-27,0.007910,0.015444,0.003264,0.001994
2022-04-28,0.036371,0.018672,0.022464,0.019959
2022-04-29,-0.046285,-0.024275,-0.029416,-0.028874
2022-05-02,-0.002930,0.002872,0.002998,0.000487
2022-05-03,-0.000872,0.003959,0.004051,0.003730
2022-05-04,0.021647,0.028534,0.027546,0.026079
2022-05-05,-0.044621,-0.036713,-0.031679,-0.028793
2022-05-06,-0.003175,-0.006965,-0.001955,-0.000937
2022-05-09,-0.044457,-0.051465,-0.028112,-0.023345
2022-05-10,-0.000519,-0.006558,-0.003164,-0.004044
2022-05-11,-0.026563,-0.007935,-0.011576,-0.010170
2022-05-12,-0.014647,-0.007099,-0.005089,-0.003633
2022-05-13,0.037173,0.027899,0.021530,0.018363
2022-05-16,-0.008259,0.000987,0.000742,0.002684
2022-05-17,0.018757,0.020444,0.017959,0.014698
2022-05-18,-0.054539,-0.035935,-0.036374,-0.035217
2022-05-19,-0.003273,-0.000906,-0.004157,-0.004867
2022-05-20,-0.003327,-0.006669,-0.001077,0.000896
2022-05-23,0.019316,0.022746,0.022969,0.021665
2022-05-24,-0.007952,-0.002279,0.001923,0.004598
2022-05-25,0.008633,0.010406,0.005691,0.004073
2022-05-26,0.022614,0.016075,0.014416,0.011856
2022-05-27,0.032088,0.026982,0.020989,0.019164
2022-05-31,-0.007417,-0.007199,-0.007727,-0.007862
2022-06-01,-0.006377,0.000107,-0.006504,-0.006046
2022-06-02,0.020589,0.012724,0.016318,0.013780
2022-06-03,-0.018245,-0.008627,-0.012079,-0.010953
2022-06-06,0.003843,0.002789,0.002304,0.002326
2022-06-07,0.013430,0.015121,0.012249,0.012021
2022-06-08,-0.005039,-0.007614,-0.009916,-0.009171
2022-06-09,-0.024498,-0.022266,-0.022068,-0.021012
2022-06-10,-0.031581,-0.030698,-0.028337,-0.024208
2022-06-13,-0.042322,-0.043854,-0.032993,-0.030566
2022-06-14,-0.003205,0.003984,-0.006258,-0.008026
2022-06-15,0.014275,0.016155,0.013409,0.011297
2022-06-16,-0.033434,-0.031011,-0.024203,-0.020950
2022-06-17,0.000821,-0.004521,-0.004684,-0.004266
2022-06-21,0.036838,0.027514,0.029569,0.029251
2022-06-22,-0.005476,-0.006217,-0.002420,-0.000632
2022-06-23,0.001718,0.004376,0.004054,0.006914
2022-06-24,0.025613,0.021778,0.024487,0.020464
2022-06-27,0.002232,-0.002829,-0.003107,-0.002800
2022-06-28,-0.019737,-0.011733,-0.012566,-0.012549
2022-06-29,-0.003365,-0.002109,-0.002476,-0.001007
2022-06-30,-0.013804,-0.013823,-0.010656,-0.008542
2022-07-01,0.001176,0.012290,0.008036,0.009859
2022-07-05,0.002254,-0.007973,-0.008337,-0.009107
2022-07-06,0.009413,0.000540,0.002883,0.003024
2022-07-07,0.017326,0.019078,0.013285,0.010441
2022-07-08,0.001121,-0.003841,-0.001750,-0.001874
2022-07-11,-0.013256,-0.005948,-0.007379,-0.005512
2022-07-12,-0.007621,-0.009809,-0.006480,-0.006286
2022-07-13,-0.004445,0.000448,-0.004127,-0.003877
2022-07-14,0.006309,-0.010457,-0.008058,-0.007062
2022-07-15,0.022254,0.014638,0.022021,0.019712
2022-07-18,-0.008344,-0.005814,-0.005479,-0.007520
2022-07-19,0.024105,0.029307,0.026869,0.022607
2022-07-20,0.005824,0.000026,-0.000297,-0.003678
2022-07-21,0.007837,0.003880,0.004129,0.001805
2022-07-22,-0.009852,-0.001468,-0.008766,-0.010162
2022-07-25,0.000454,0.009700,0.005264,0.005805
2022-07-26,-0.008053,-0.004678,-0.004995,-0.002916
2022-07-27,0.030968,0.020479,0.019264,0.015838
2022-07-28,0.011323,0.019992,0.016251,0.016117
2022-07-29,0.007198,0.011617,0.010947,0.008595
2022-08-01,-0.005316,-0.003908,-0.003912,-0.002696
2022-08-02,-0.006796,-0.019586,-0.012535,-0.012794
2022-08-03,0.014049,0.002833,0.010129,0.009489
2022-08-04,-0.005651,-0.011728,-0.005015,-0.006342
2022-08-05,-0.001230,0.007000,0.003744,0.003596
2022-08-08,-0.013514,-0.000465,-0.005949,-0.004968
2022-08-09,-0.005653,0.004010,0.001176,0.001633
2022-08-10,0.021508,0.014895,0.019124,0.016435
2022-08-11,-0.005402,0.006399,0.000346,-0.000980
2022-08-12,0.017370,0.012597,0.014331,0.012456
2022-08-15,0.004575,0.001124,0.004888,0.005327
2022-08-16,0.000086,0.002322,0.001777,0.002695
2022-08-17,-0.004385,-0.002216,-0.004322,-0.004094
2022-08-18,0.005614,0.001665,0.001560,-0.000278
2022-08-19,-0.010354,-0.004948,-0.010310,-0.007327
2022-08-22,-0.018742,-0.010626,-0.017078,-0.015073
2022-08-23,0.001335,0.006422,-0.001891,-0.003419
2022-08-24,-0.000090,-0.001956,0.001006,0.000660
2022-08-25,0.017388,0.009677,0.013303,0.011593
2022-08-26,-0.039329,-0.024189,-0.032202,-0.029217
2022-08-29,-0.008470,0.001923,-0.004163,-0.003594
2022-08-30,-0.015824,-0.021339,-0.013040,-0.012940
2022-08-31,-0.011352,-0.012491,-0.009138,-0.009557
2022-09-01,-0.013986,-0.002242,-0.003325,-0.000578
2022-09-02,-0.010243,-0.009700,-0.011551,-0.011893
2022-09-06,-0.005007,-0.007539,-0.003946,-0.003672
2022-09-07,0.007275,0.009764,0.012749,0.011840
2022-09-08,0.007786,0.002944,0.006059,0.005359
2022-09-09,0.015833,0.021037,0.015016,0.014604
2022-09-12,0.015477,0.016621,0.011287,0.010724
2022-09-13,-0.049797,-0.040672,-0.039445,-0.036546
2022-09-14,0.006554,0.005151,-0.000644,-0.000220
2022-09-15,-0.007952,-0.015658,-0.009524,-0.009257
2022-09-16,-0.001329,-0.007991,-0.002911,-0.001665
2022-09-19,0.009250,0.008006,0.005167,0.004017
2022-09-20,-0.004869,-0.006273,-0.009570,-0.009319
2022-09-21,-0.014300,-0.019166,-0.016591,-0.016992
2022-09-22,-0.008827,-0.003211,-0.004855,-0.001907
2022-09-23,-0.017051,-0.022442,-0.015576,-0.014196
2022-09-26,-0.011077,-0.006909,-0.013907,-0.012946
2022-09-27,0.006767,-0.003690,-0.003728,-0.004930
2022-09-28,0.015302,0.014702,0.017307,0.015884
2022-09-29,-0.023088,-0.021434,-0.018458,-0.017813
2022-09-30,-0.013767,-0.017626,-0.012222,-0.012490
2022-10-03,0.026149,0.031636,0.027320,0.025869
2022-10-04,0.028747,0.034873,0.029435,0.026502
2022-10-05,0.008904,0.001009,-0.002000,-0.002629
2022-10-06,-0.004586,-0.006237,-0.012766,-0.014021
2022-10-07,-0.034179,-0.022574,-0.024273,-0.022647
2022-10-10,-0.012689,-0.007874,-0.007929,-0.006942
2022-10-11,-0.002149,-0.004331,-0.003922,-0.003274
2022-10-12,-0.001598,0.001048,0.000957,0.000701
2022-10-13,0.028792,0.030373,0.028920,0.026747
2022-10-14,-0.023482,-0.020499,-0.018338,-0.016159
2022-10-17,0.027183,0.022152,0.026517,0.024632
2022-10-18,0.003063,0.009154,0.009142,0.007866
2022-10-19,0.004101,0.001437,-0.003943,-0.004286
2022-10-20,0.002638,-0.006266,-0.002841,-0.002644
2022-10-21,0.023071,0.031205,0.022633,0.018123
2022-10-24,0.012532,0.002246,0.009473,0.010278
2022-10-25,0.012779,0.015013,0.016954,0.015678
2022-10-26,-0.006709,-0.003671,-0.000720,0.000346
2022-10-27,-0.002038,0.010062,0.006186,0.004893
2022-10-28,0.037720,0.031061,0.030923,0.030457
2022-10-31,-0.007841,-0.007775,-0.008364,-0.008174
2022-11-01,-0.004109,0.001462,-0.001683,-0.001972
2022-11-02,-0.020967,-0.019149,-0.015009,-0.013716
2022-11-03,-0.001422,0.000441,0.000228,-0.000818
2022-11-04,0.013132,0.022825,0.017611,0.015475
2022-11-07,0.009259,0.012634,0.010158,0.009561
2022-11-08,0.009631,0.004511,0.006918,0.007071
2022-11-09,-0.033436,-0.021962,-0.017447,-0.015505
2022-11-10,0.053851,0.041225,0.048014,0.043138
2022-11-11,0.005368,0.012217,0.003207,0.000748
2022-11-14,-0.002431,-0.007173,-0.005496,-0.004269
2022-11-15,0.004176,-0.001372,0.000336,-0.000920
2022-11-16,-0.008920,-0.002590,-0.002136,-0.000460
2022-11-17,0.002310,-0.001637,-0.001319,-0.000318
2022-11-18,0.002692,0.002616,0.005880,0.006804
2022-11-21,-0.011401,-0.002801,-0.000803,0.000376
2022-11-22,0.022119,0.017485,0.015145,0.013911
2022-11-23,0.008823,0.004030,0.005413,0.004161
2022-11-25,-0.004670,-0.000662,0.000251,0.000706
2022-11-28,-0.019239,-0.019578,-0.017780,-0.016179
2022-11-29,-0.007451,0.003254,-0.001014,-0.001317
2022-11-30,0.037064,0.023770,0.027155,0.025203
2022-12-01,-0.002147,-0.002967,-0.003631,-0.003951
2022-12-02,-0.004777,-0.003132,-0.001136,-0.000354
2022-12-05,-0.012420,-0.018448,-0.016024,-0.015709
2022-12-06,-0.019923,-0.015063,-0.011896,-0.010572
2022-12-07,0.000661,-0.000094,0.001655,0.002305
2022-12-08,0.019757,0.011025,0.010194,0.008171
2022-12-09,-0.010016,-0.008190,-0.006881,-0.006174
2022-12-12,0.020883,0.018868,0.017047,0.016255
2022-12-13,0.008721,0.010519,0.008513,0.007065
2022-12-14,-0.009161,-0.006075,-0.005166,-0.004331
2022-12-15,-0.026370,-0.022970,-0.022181,-0.019253
2022-12-16,-0.010178,-0.003693,-0.010724,-0.010505
2022-12-19,-0.006452,-0.002003,-0.004149,-0.003488
2022-12-20,0.000907,0.007138,0.002380,0.002252
2022-12-21,0.019507,0.014164,0.015549,0.015329
2022-12-22,-0.025340,-0.015762,-0.013265,-0.009896
2022-12-23,0.005936,0.008929,0.004713,0.004839
2022-12-27,-0.012476,0.001662,-0.002231,0.000818
2022-12-28,-0.014098,-0.010194,-0.011238,-0.011208
2022-12-29,0.016626,0.009876,0.013722,0.012401
2022-12-30,0.002029,0.000122,-0.001647,-0.001852
2023-01-03,-0.023355,-0.018211,-0.007328,-0.005258
2023-01-04,0.005334,0.005611,0.003300,0.004091
2023-01-05,-0.010860,-0.010494,-0.014012,-0.012028
2023-01-06,0.025191,0.027413,0.021982,0.020617
2023-01-09,0.005590,0.004283,0.000568,-0.002248
2023-01-10,0.008955,0.008867,0.005346,0.004736
2023-01-11,0.010869,0.014341,0.010172,0.007380
2023-01-12,0.013948,0.008746,0.007465,0.006204
2023-01-13,0.006763,0.010605,0.006586,0.005395
2023-01-17,0.007292,-0.011609,-0.006938,-0.007934
2023-01-18,-0.015208,-0.012753,-0.017712,-0.018432
2023-01-19,-0.006931,-0.004364,-0.007294,-0.006372
2023-01-20,0.024441,0.010668,0.011403,0.009200
2023-01-23,0.020795,0.011071,0.010731,0.006943
2023-01-24,0.010870,0.007954,0.007366,0.007802
2023-01-25,-0.000352,-0.001926,-0.000170,0.000012
2023-01-26,0.018750,0.017405,0.011766,0.009479
2023-01-27,0.003963,-0.001258,0.000594,0.000029
2023-01-30,-0.021824,-0.009306,-0.011741,-0.010175
2023-01-31,0.008505,0.009117,0.011880,0.011580
2023-02-01,0.010187,0.008757,0.006172,0.004892
2023-02-02,-0.007772,-0.005358,0.002669,0.001101
2023-02-03,0.000588,0.002085,-0.005094,-0.004928
2023-02-06,0.001202,-0.000885,-0.000628,-0.001245
2023-02-07,0.020584,0.019138,0.011532,0.008036
2023-02-08,-0.002423,-0.003683,-0.004441,-0.004287
2023-02-09,-0.000371,-0.001292,-0.008379,-0.009039
2023-02-10,0.003724,0.004366,0.003650,0.004728
2023-02-13,0.007993,0.008895,0.010936,0.010361
2023-02-14,0.003835,0.002270,-0.002051,-0.003386
2023-02-15,0.002220,0.002510,-0.000030,-0.000632
2023-02-16,-0.013683,-0.013514,-0.013814,-0.013044
2023-02-17,-0.008854,-0.006059,0.000340,0.003078
2023-02-21,-0.019108,-0.017830,-0.016000,-0.015339
2023-02-22,-0.003567,-0.002095,-0.001415,-0.001026
2023-02-23,0.031875,0.026027,0.012252,0.007381
2023-02-24,-0.007445,-0.007027,-0.004849,-0.004343
2023-02-27,0.004929,0.004181,0.003511,0.002878
2023-02-28,-0.006825,-0.006613,-0.006288,-0.006308
2023-03-01,0.001915,0.001998,-0.003475,-0.003513
2023-03-02,0.011048,0.010139,0.009850,0.009196
2023-03-03,0.017278,0.012294,0.014311,0.012281
2023-03-06,0.002211,0.000659,0.001478,0.001949
2023-03-07,-0.017994,-0.015461,-0.016447,-0.015405
2023-03-08,0.007066,0.003825,0.002164,0.000410
2023-03-09,-0.019465,-0.017475,-0.020028,-0.018955
2023-03-10,-0.022099,-0.014172,-0.012114,-0.009998
2023-03-13,-0.000548,0.000107,-0.001146,-0.000136
2023-03-14,0.014471,0.012122,0.014068,0.012465
2023-03-15,-0.015549,-0.012728,-0.010986,-0.008582
2023-03-16,0.017623,0.013096,0.012716,0.009748
2023-03-17,-0.006655,-0.008307,-0.012335,-0.010754
2023-03-20,0.017903,0.017054,0.014829,0.014926
2023-03-21,0.019108,0.013511,0.010734,0.009169
2023-03-22,-0.010641,-0.012195,-0.012933,-0.012798
2023-03-23,0.001771,0.000994,0.002246,0.001461
2023-03-24,-0.000745,0.001524,0.005376,0.006919
2023-03-27,0.003685,0.004887,0.004871,0.004948
2023-03-28,-0.001046,-0.002591,-0.001135,-0.001301
2023-03-29,0.011639,0.009172,0.010705,0.010242
2023-03-30,0.008724,0.006154,0.005794,0.005304
2023-03-31,0.011172,0.010106,0.011622,0.010831
2023-04-03,0.024562,0.011011,0.010616,0.011038
2023-04-04,-0.012860,-0.017897,-0.006646,-0.003857
2023-04-05,0.001934,-0.000912,0.002117,0.006203
2023-04-06,-0.001858,-0.000619,0.001690,0.001633
2023-04-10,0.004383,0.012449,0.002624,0.000983
2023-04-11,0.002473,0.005337,0.000046,0.000365
2023-04-12,-0.005047,-0.002710,-0.000910,-0.000619
2023-04-13,0.010188,0.006014,0.008448,0.008455
2023-04-14,-0.002488,0.004999,0.002580,0.000670
2023-04-17,-0.001862,0.003687,0.004779,0.003983
2023-04-18,0.009370,-0.000504,0.000715,-0.001915
2023-04-19,-0.004947,-0.001681,0.000186,-0.000507
2023-04-20,-0.008318,-0.006589,-0.006273,-0.005994
2023-04-21,-0.000970,0.000880,0.001246,0.002360
2023-04-24,0.007898,0.006199,0.002848,0.002629
2023-04-25,-0.011707,-0.012407,-0.009344,-0.006351
2023-04-26,-0.002949,-0.006024,-0.003446,-0.005398
2023-04-27,0.012509,0.010869,0.016888,0.017513
2023-04-28,0.011132,0.010742,0.009316,0.007881
2023-05-01,0.002916,0.007618,0.000402,-0.000498
2023-05-02,-0.015314,-0.009279,-0.010833,-0.009598
2023-05-03,-0.010708,-0.005981,-0.006815,-0.005930
2023-05-04,-0.010081,-0.008714,-0.008851,-0.008372
2023-05-05,0.024483,0.020655,0.018246,0.015627
2023-05-08,0.002090,0.000748,-0.000484,-0.001123
2023-05-09,-0.007704,-0.008689,-0.006798,-0.006759
2023-05-10,0.002000,0.005634,0.003753,0.003395
2023-05-11,-0.006976,-0.007325,-0.006197,-0.005074
2023-05-12,0.000919,-0.001958,-0.001190,-0.000234
2023-05-15,0.002298,0.003349,0.000445,-0.001817
2023-05-16,-0.008281,-0.004903,-0.009360,-0.009662
2023-05-17,0.013470,0.016374,0.012756,0.009861
2023-05-18,0.009637,0.012155,0.005449,0.002341
2023-05-19,0.000037,-0.002694,-0.000257,0.000321
2023-05-22,-0.008094,-0.000587,-0.005576,-0.006542
2023-05-23,-0.007907,-0.009327,-0.007637,-0.006207
2023-05-24,0.000377,-0.005460,-0.006015,-0.005944
2023-05-25,0.038998,0.052903,0.015871,0.005939
2023-05-26,0.007013,0.013360,0.009258,0.007440
2023-05-30,0.001244,0.001707,-0.001076,-0.002528
2023-05-31,-0.013015,-0.013382,-0.007477,-0.003813
2023-06-01,0.020456,0.015503,0.008749,0.007049
2023-06-02,0.016311,0.021766,0.016304,0.014458
2023-06-05,-0.005309,-0.005243,-0.004052,-0.003359
2023-06-06,-0.005223,-0.002789,-0.000873,-0.001141
2023-06-07,-0.000647,-0.002209,0.004842,0.005480
2023-06-08,0.011248,0.007770,0.004062,0.004345
2023-06-09,0.001734,0.002816,-0.000857,-0.000808
2023-06-12,0.004176,0.005685,0.002971,0.001637
2023-06-13,0.011147,0.012853,0.010067,0.007727
2023-06-14,-0.004733,0.009366,-0.000253,-0.000924
2023-06-15,0.008433,0.015364,0.011842,0.012940
2023-06-16,-0.005504,-0.002381,-0.002565,-0.001685
2023-06-20,0.002041,-0.005345,-0.007236,-0.007730
2023-06-21,0.002371,-0.002580,-0.000343,0.000838
2023-06-22,0.001168,0.002301,-0.001012,0.000131
2023-06-23,-0.009210,-0.011679,-0.008937,-0.008366
2023-06-26,-0.002851,-0.006577,0.000150,0.001433
2023-06-27,0.013355,0.012699,0.009562,0.008334
2023-06-28,-0.004176,-0.002378,-0.001871,-0.001465
2023-06-29,0.003058,0.000054,0.008077,0.007052
2023-06-30,0.016013,0.014460,0.010793,0.009844
2023-07-03,0.001176,0.003033,0.001039,0.000562
2023-07-05,-0.005488,-0.003767,-0.006167,-0.005068
2023-07-06,-0.012459,-0.008013,-0.009143,-0.008932
2023-07-07,-0.002437,0.001073,-0.004332,-0.006875
2023-07-10,0.003061,-0.003574,0.000691,-0.000167
2023-07-11,0.005208,0.007377,0.004338,0.002934
2023-07-12,0.005156,0.014075,0.006954,0.004584
2023-07-13,0.006292,0.016978,0.006004,0.003912
2023-07-14,0.007050,-0.001061,0.002371,0.003227
2023-07-17,0.007562,0.002901,0.001326,-0.003631
2023-07-18,0.013381,0.022479,0.008697,0.008306
2023-07-19,0.003987,0.003382,0.003660,0.006604
2023-07-20,-0.002066,-0.005812,0.006662,0.009800
2023-07-21,-0.003464,-0.008776,0.000569,0.002825
2023-07-24,0.006908,0.006750,0.007274,0.006565
2023-07-25,0.007615,0.008104,0.005048,0.004572
2023-07-26,-0.003777,-0.007424,-0.001848,-0.000891
2023-07-27,-0.001182,-0.006510,-0.011879,-0.011940
2023-07-28,0.005852,0.010191,0.006053,0.006473
2023-07-31,0.008998,0.001566,0.001662,-0.000650
2023-08-01,0.010140,0.013169,0.002984,0.001898
2023-08-02,-0.013414,-0.016130,-0.009823,-0.006772
2023-08-03,0.000612,-0.007571,-0.001428,-0.001408
2023-08-04,-0.007056,-0.006503,-0.009198,-0.009577
2023-08-07,0.009829,0.009003,0.008605,0.008956
2023-08-08,-0.004440,-0.006946,-0.005216,-0.004154
2023-08-09,-0.007282,-0.008020,-0.005416,-0.003216
2023-08-10,-0.000327,0.000848,-0.000152,-0.000009
2023-08-11,-0.000733,-0.003576,0.002960,0.004897
2023-08-14,0.014505,0.014753,0.004859,0.002309
2023-08-15,-0.011857,-0.008990,-0.010823,-0.010370
2023-08-16,-0.008997,-0.005925,-0.006368,-0.005843
2023-08-17,-0.000881,-0.003502,-0.004223,-0.003620
2023-08-18,0.004538,0.000122,0.001859,0.001862
2023-08-21,0.012179,0.018387,0.002351,-0.002244
2023-08-22,-0.010997,-0.007669,-0.005306,-0.004351
2023-08-23,0.007005,0.012436,0.007312,0.005133
2023-08-24,-0.005859,-0.008005,-0.006610,-0.005296
2023-08-25,0.002565,0.000773,0.005149,0.006000
2023-08-28,0.008587,0.008345,0.006049,0.004588
2023-08-29,0.014557,0.021285,0.013218,0.011733
2023-08-30,0.005412,0.002576,0.002250,0.001360
2023-08-31,-0.007330,-0.001125,-0.004912,-0.005071
2023-09-01,0.003026,-0.000066,0.001994,0.001358
2023-09-05,-0.003099,-0.005993,-0.006775,-0.007055
2023-09-06,-0.005307,-0.007677,-0.006882,-0.006110
2023-09-07,-0.002675,-0.000745,-0.001923,-0.000475
2023-09-08,-0.000535,-0.002279,0.000765,0.000384
2023-09-11,-0.002941,0.003670,0.003772,0.005279
2023-09-12,0.002071,0.002332,0.000778,0.000594
2023-09-13,-0.002490,-0.000184,0.000239,0.000120
2023-09-14,0.012197,0.009691,0.012495,0.011418
2023-09-15,-0.013327,-0.009116,-0.009610,-0.008819
2023-09-18,0.004024,0.002794,0.002903,0.002633
2023-09-19,-0.006147,-0.004199,-0.002567,-0.002606
2023-09-20,-0.002891,0.000767,-0.006992,-0.004080
2023-09-21,-0.012331,-0.010352,-0.014265,-0.012728
2023-09-22,0.005860,0.002036,-0.000766,-0.001279
2023-09-25,0.005909,0.005139,0.003160,0.001733
2023-09-26,-0.008209,-0.012291,-0.011937,-0.011085
2023-09-27,0.008619,-0.000589,-0.000398,-0.002693
2023-09-28,0.006064,0.006283,0.004171,0.003105
2023-09-29,-0.005704,-0.006868,-0.004601,-0.005009
2023-10-02,0.004113,-0.007611,-0.002708,-0.004289
2023-10-03,-0.010660,-0.006985,-0.009769,-0.007466
2023-10-04,-0.006343,-0.000550,0.001675,0.000570
2023-10-05,-0.004954,-0.005272,-0.004596,-0.005260
2023-10-06,0.010109,0.010467,0.009990,0.008211
2023-10-09,0.009271,0.007930,0.006171,0.006489
2023-10-10,0.003815,0.005934,0.005116,0.005356
2023-10-11,-0.005020,-0.000931,-0.001009,-0.003321
2023-10-12,-0.002400,-0.010465,-0.006268,-0.006511
2023-10-13,0.004663,-0.002859,0.001209,0.002622
2023-10-16,0.006056,0.011089,0.008344,0.008416
2023-10-17,-0.006414,-0.004383,-0.004361,-0.002262
2023-10-18,-0.017375,-0.022358,-0.014019,-0.011578
2023-10-19,-0.006636,-0.006834,-0.003940,-0.002787
2023-10-20,-0.009731,-0.003069,-0.006953,-0.005345
2023-10-23,-0.000423,-0.004777,-0.003274,-0.004888
2023-10-24,0.006232,0.017026,0.012037,0.015329
2023-10-25,-0.009190,-0.012689,-0.006931,-0.004995
2023-10-26,-0.012976,-0.007221,-0.007178,-0.005453
2023-10-27,-0.010820,-0.014474,-0.012068,-0.013868
2023-10-30,0.012363,0.016495,0.017339,0.017395
2023-10-31,-0.010043,-0.004437,0.002852,0.004390
2023-11-01,0.007761,0.011180,0.009229,0.006939
2023-11-02,0.017517,0.024121,0.017742,0.016471
2023-11-03,0.005111,0.007963,0.007757,0.005372
2023-11-06,0.000826,-0.006602,-0.000356,-0.000714
2023-11-07,-0.002635,-0.006108,-0.000543,-0.000499
2023-11-08,0.000511,-0.000266,0.000706,-0.000490
2023-11-09,-0.001430,-0.007579,-0.004230,-0.004925
2023-11-10,0.012397,0.011495,0.013568,0.011084
2023-11-13,0.004405,0.000940,0.000374,0.000972
2023-11-14,0.007385,0.021268,0.014989,0.011985
2023-11-15,-0.004361,0.004164,0.000646,0.001138
2023-11-16,0.003687,-0.000508,0.004462,0.004431
2023-11-17,0.002927,0.006011,0.001511,0.000911
2023-11-20,0.004111,0.004394,0.004765,0.004318
2023-11-21,0.002912,0.000665,-0.000345,0.001313
2023-11-22,-0.003059,-0.003757,0.001665,0.002570
2023-11-24,0.001445,0.003339,0.001756,0.002913
2023-11-27,-0.002496,-0.001930,-0.001733,-0.002403
2023-11-28,-0.003315,0.000707,0.001335,0.001774
2023-11-29,-0.003146,0.002992,0.000136,-0.000368
2023-11-30,0.006398,0.007948,0.008192,0.010614
2023-12-01,0.001690,0.008728,0.006944,0.007015
2023-12-04,-0.008360,-0.007697,-0.003973,-0.003282
2023-12-05,-0.000126,0.000659,-0.002374,-0.003608
2023-12-06,-0.011047,-0.007166,-0.004878,-0.004322
2023-12-07,0.001626,0.005311,0.002644,0.001240
2023-12-08,0.007131,0.008820,0.003810,0.001552
2023-12-11,-0.002618,-0.002050,0.001873,0.001981
2023-12-12,0.009423,0.001576,0.005902,0.004211
2023-12-13,0.000078,0.017973,0.009673,0.008590
2023-12-14,0.001204,0.027929,0.011846,0.009081
2023-12-15,-0.002296,-0.001594,-0.003060,-0.004482
2023-12-18,0.006277,0.005634,0.003206,0.003398
2023-12-19,0.002150,0.005962,0.004960,0.004404
2023-12-20,-0.018756,-0.017695,-0.015056,-0.014897
2023-12-21,0.009180,0.006963,0.006435,0.006188
2023-12-22,0.001468,0.002610,0.002224,0.002700
2023-12-26,0.002940,0.006538,0.004356,0.003999
2023-12-27,0.001453,0.001170,0.002514,0.002079
2023-12-28,-0.001903,-0.000555,0.000853,0.000763
2023-12-29,0.000917,-0.002863,-0.000218,0.000516
2024-01-02,0.002568,0.008969,0.004327,0.008538
2024-01-03,-0.004335,-0.010970,-0.006756,-0.004577
2024-01-04,0.001899,0.002775,0.000522,0.000520
2024-01-05,0.003545,0.005174,0.002785,0.002140
2024-01-08,0.012151,0.010861,0.009003,0.006141
2024-01-09,0.001455,-0.001506,-0.001940,-0.002343
2024-01-10,0.003900,0.001988,0.003499,0.002611
2024-01-11,0.002127,-0.006345,-0.003861,-0.004813
2024-01-12,-0.003567,-0.004563,0.000826,0.001619
2024-01-16,-0.001854,-0.001609,-0.003536,-0.004293
2024-01-17,-0.004771,-0.010951,-0.005739,-0.004759
2024-01-18,0.002731,-0.000380,0.004676,0.003231
2024-01-19,0.006564,0.008421,0.007813,0.005131
2024-01-22,0.005289,0.007972,0.003845,0.003864
2024-01-23,0.006088,0.007831,0.007801,0.010180
2024-01-24,0.006223,-0.002030,-0.003459,-0.005516
2024-01-25,0.005223,0.006165,0.008877,0.008933
2024-01-26,0.003321,0.003299,-0.000099,0.001030
2024-01-29,0.008695,0.006700,0.005070,0.003567
2024-01-30,0.005480,0.003589,0.004427,0.004500
2024-01-31,-0.009393,-0.004378,-0.009147,-0.007390
2024-02-01,0.009231,0.007787,0.007526,0.006298
2024-02-02,0.009807,0.002396,0.003491,0.000368
2024-02-05,0.005371,-0.005884,-0.003210,-0.005428
2024-02-06,0.004343,0.010270,0.007119,0.007330
2024-02-07,0.009478,0.001710,0.003620,0.002184
2024-02-08,0.000861,0.000245,-0.001657,-0.002278
2024-02-09,0.000321,0.004103,0.001774,-0.000102
2024-02-12,0.003808,0.003107,0.004000,0.004255
2024-02-13,-0.006194,-0.004715,-0.011267,-0.010157
2024-02-14,0.004375,0.002217,0.002849,0.001395
2024-02-15,0.008315,0.010962,0.011211,0.011825
2024-02-16,0.000775,0.000407,-0.001348,-0.001080
2024-02-20,-0.008218,-0.004783,-0.001780,0.000932
2024-02-21,0.002820,0.002344,0.005053,0.006671
2024-02-22,0.036450,0.023899,0.017691,0.011412
2024-02-23,0.000216,0.000514,0.000286,0.000676
2024-02-26,-0.001022,-0.007023,-0.004846,-0.005848
2024-02-27,-0.007099,-0.004017,-0.001556,-0.001917
2024-02-28,-0.005866,-0.002769,0.000957,0.000974
2024-02-29,0.000998,-0.001445,0.001230,-0.000080
2024-03-01,0.008757,0.006021,0.003667,0.002242
2024-03-04,0.005346,-0.003748,0.000741,-0.000903
2024-03-05,0.002765,-0.008402,-0.004987,-0.004463
2024-03-06,0.009765,0.002507,0.003762,0.002123
2024-03-07,0.014481,0.009052,0.005708,0.003757
2024-03-08,-0.010819,-0.006389,-0.002853,-0.000977
2024-03-11,0.006616,0.007661,0.003823,0.006159
2024-03-12,0.014507,0.013449,0.008868,0.006293
2024-03-13,0.002198,-0.003552,0.001725,0.001855
2024-03-14,-0.003982,-0.005081,-0.004849,-0.004523
2024-03-15,-0.002601,-0.000633,-0.002285,-0.002708
2024-03-18,0.000873,0.003673,0.001710,0.001214
2024-03-19,0.006957,0.007683,0.006021,0.005140
2024-03-20,0.002740,0.006029,0.006937,0.005751
2024-03-21,0.001907,-0.003091,0.004950,0.004011
2024-03-22,0.006177,0.002637,-0.002142,-0.002867
2024-03-25,-0.000424,0.000069,-0.003767,-0.003211
2024-03-26,-0.003462,-0.002778,-0.000965,0.000477
2024-03-27,-0.000408,0.007903,0.011460,0.012234
2024-03-28,0.001843,0.001761,0.002449,0.002688
2024-04-01,-0.003278,-0.002438,-0.005079,-0.004819
2024-04-02,-0.007760,-0.014294,-0.007291,-0.006941
2024-04-03,-0.004369,0.002269,-0.001020,-0.002954
2024-04-04,-0.011399,-0.015746,-0.010638,-0.009568
2024-04-05,0.012751,0.010821,0.008183,0.006355
2024-04-08,-0.005387,-0.007258,-0.002664,-0.002870
2024-04-09,-0.001995,-0.002758,0.000022,0.001131
2024-04-10,0.000491,-0.004301,-0.009966,-0.010230
2024-04-11,0.004319,0.002697,0.003245,0.000069
2024-04-12,-0.012739,-0.014156,-0.014243,-0.012905
2024-04-15,-0.005477,-0.003505,-0.004486,-0.002522
2024-04-16,0.008864,0.006806,-0.002722,-0.002991
2024-04-17,-0.003236,-0.004480,-0.005185,-0.002079
2024-04-18,0.006985,0.007802,0.002172,0.003675
2024-04-19,-0.013743,-0.015267,-0.001338,0.004001
2024-04-22,0.011364,0.002550,0.006463,0.003327
2024-04-23,0.008550,0.014028,0.009597,0.008321
2024-04-24,-0.004205,-0.007619,-0.001724,-0.000512
2024-04-25,0.005253,-0.009177,-0.004424,-0.004926
2024-04-26,0.006614,0.018467,0.006213,0.003207
2024-04-29,0.003474,0.002424,0.005260,0.005015
2024-04-30,-0.009392,-0.021616,-0.014465,-0.012975
2024-05-01,-0.011165,0.005862,-0.000049,0.003031
2024-05-02,0.004395,0.009332,0.004148,0.002021
2024-05-03,0.008878,0.007955,0.010627,0.007606
2024-05-06,0.011272,0.006438,0.006207,0.004727
2024-05-07,0.000255,0.005756,0.003464,0.003904
2024-05-08,-0.000912,-0.002259,0.001483,0.001648
2024-05-09,0.003896,0.010738,0.008856,0.008921
2024-05-10,0.006194,0.004782,0.004983,0.005179
2024-05-13,0.000914,0.003362,0.002628,0.002503
2024-05-14,0.001965,0.003963,0.003403,0.002352
2024-05-15,0.010251,0.011194,0.009376,0.007708
2024-05-16,-0.000901,-0.002811,-0.000008,0.000999
2024-05-17,0.000208,0.003182,0.002372,0.002447
2024-05-20,0.001788,0.004583,-0.002602,-0.004295
2024-05-21,0.002972,-0.003672,0.002642,0.002092
2024-05-22,-0.006269,-0.000565,-0.004260,-0.002774
2024-05-23,0.008073,-0.012247,-0.007336,-0.011117
2024-05-24,0.003731,-0.003607,0.002716,0.000477
2024-05-28,0.010854,-0.002195,0.000098,-0.003461
2024-05-29,-0.007993,-0.007542,-0.007636,-0.008176
2024-05-30,-0.004401,0.002549,0.002102,0.004503
2024-05-31,0.012482,0.010825,0.012491,0.013743
2024-06-03,0.004388,0.005272,-0.001322,-0.002023
2024-06-04,0.006314,0.002649,0.004942,0.005643
2024-06-05,0.010496,0.013113,0.005546,0.002313
2024-06-06,0.002284,-0.002518,0.000008,0.001104
2024-06-07,-0.006710,-0.000239,-0.001786,-0.002680
2024-06-10,0.002182,0.002117,0.000350,-0.000120
2024-06-11,-0.002425,-0.000301,0.001405,0.000823
2024-06-12,-0.000287,0.008001,0.001304,-0.002276
2024-06-13,0.008554,0.007130,0.004042,0.003081
2024-06-14,0.001459,0.000179,-0.001216,-0.001450
2024-06-17,-0.001924,0.002619,0.003471,0.002814
2024-06-18,0.008891,0.008955,0.003954,0.003078
2024-06-20,-0.003816,-0.001009,0.000167,0.002082
2024-06-21,-0.005956,-0.004053,-0.003519,-0.001517
2024-06-24,-0.001771,-0.009943,0.006242,0.008923
2024-06-25,0.010306,0.010166,-0.000338,-0.003123
2024-06-26,0.001444,-0.000621,0.000876,0.000546
2024-06-27,-0.003594,-0.004588,-0.001125,-0.001094
2024-06-28,0.001283,0.001406,0.004193,0.004554
2024-07-01,-0.007829,-0.005886,0.000843,-0.000604
2024-07-02,-0.002251,-0.002461,0.002509,0.001840
2024-07-03,0.009677,0.007262,0.004032,0.001951
2024-07-05,-0.003973,-0.003064,0.000957,0.001772
2024-07-08,0.001529,0.004207,0.000703,-0.000246
2024-07-09,0.000452,0.004804,0.000652,-0.000107
2024-07-10,0.011788,0.015764,0.012651,0.011934
2024-07-11,-0.008217,-0.009638,-0.002612,-0.000457
2024-07-12,0.008994,0.009214,0.004988,0.004838
2024-07-15,0.001639,0.003666,0.005733,0.003649
2024-07-16,0.014332,0.022182,0.014576,0.016180
2024-07-17,-0.000300,0.002661,0.004649,0.010243
2024-07-18,0.003606,-0.001203,-0.007456,-0.007399
2024-07-19,-0.010527,-0.011332,-0.006651,-0.005837
2024-07-22,0.006272,0.005016,0.001303,-0.003018
2024-07-23,-0.007548,-0.008299,-0.003242,-0.004023
2024-07-24,-0.007920,-0.011765,-0.008745,-0.002208
2024-07-25,0.001773,0.004090,-0.002666,-0.000473
2024-07-26,0.010549,0.012115,0.011292,0.010898
2024-07-29,-0.006208,-0.009104,-0.004830,-0.004732
2024-07-30,-0.016645,-0.013334,0.000270,0.001914
2024-07-31,0.023934,0.023406,0.008727,0.003059
2024-08-01,-0.016238,-0.008614,-0.006772,-0.001375
2024-08-02,0.004583,0.001967,-0.006494,-0.001210
2024-08-05,-0.029139,-0.032309,-0.027594,-0.025158
2024-08-06,0.009405,0.006640,0.008592,0.005595
2024-08-07,-0.006472,-0.011140,-0.002061,0.000073
2024-08-08,0.021026,0.018137,0.016400,0.013378
2024-08-09,-0.000980,-0.000918,0.002301,0.001901
2024-08-12,0.006758,0.006133,-0.000959,-0.002884
2024-08-13,0.016379,0.017298,0.011272,0.007791
2024-08-14,0.007825,0.007525,0.006239,0.005644
2024-08-15,0.011829,0.010274,0.007170,0.004339
2024-08-16,0.002083,0.003082,0.002461,0.002569
2024-08-19,0.009795,0.011508,0.006188,0.004427
2024-08-20,-0.008603,0.000182,-0.002682,-0.001273
2024-08-21,0.000129,0.003758,0.001738,0.001760
2024-08-22,-0.006478,-0.011302,-0.002862,-0.001413
2024-08-23,0.016778,0.014815,0.012996,0.010976
2024-08-26,0.005168,-0.003068,0.003362,0.004967
2024-08-27,0.002443,0.003604,0.002153,0.001332
2024-08-28,-0.006059,-0.005091,-0.004351,-0.002706
2024-08-29,-0.006538,-0.008668,0.000598,0.002494
2024-08-30,0.005632,0.008314,0.007934,0.007614
2024-09-03,-0.021040,-0.005103,-0.014388,-0.007374
2024-09-04,-0.005274,-0.002243,-0.004473,-0.004367
2024-09-05,-0.007141,-0.008147,-0.006864,-0.008088
2024-09-06,-0.009856,-0.013751,-0.011409,-0.009045
2024-09-09,0.014175,0.015270,0.015523,0.014848
2024-09-10,-0.002253,-0.002549,-0.002821,-0.001925
2024-09-11,0.007574,0.003954,0.004904,0.000128
2024-09-12,0.007516,0.001501,0.004127,0.003140
2024-09-13,0.005395,0.001777,0.004126,0.004730
2024-09-16,0.003212,0.008510,0.004557,0.006424
2024-09-17,-0.003025,-0.000247,-0.001697,-0.002538
2024-09-18,-0.003686,-0.008422,-0.004511,-0.004185
2024-09-19,0.009002,0.005762,0.013121,0.008276
2024-09-20,-0.001061,-0.000217,-0.002722,-0.000689
2024-09-23,0.004082,-0.001645,0.001746,0.001280
2024-09-24,0.010023,-0.000284,0.005695,0.003717
2024-09-25,-0.001477,-0.001765,-0.004074,-0.004944
2024-09-26,0.000695,0.000959,0.003480,0.002870
2024-09-27,0.004556,0.000839,0.002203,0.003473
2024-09-30,0.003225,0.001376,0.002633,0.002503
2024-10-01,-0.003181,-0.005168,-0.007285,-0.004547
2024-10-02,0.006272,-0.000242,0.000702,-0.000270
2024-10-03,0.005121,-0.005418,-0.004056,-0.005126
2024-10-04,0.006978,0.007050,0.005929,0.003944
2024-10-07,-0.000708,-0.005603,-0.006390,-0.007298
2024-10-08,-0.000165,0.001469,0.003887,0.002447
2024-10-09,0.007094,0.015460,0.009247,0.009007
2024-10-10,0.005788,0.001193,0.000090,-0.000532
2024-10-11,0.004912,0.014437,0.009592,0.008996
2024-10-14,0.007915,0.002778,0.006252,0.005838
2024-10-15,-0.029916,-0.013152,-0.007506,-0.005899
2024-10-16,0.013079,0.008302,0.009482,0.007598
2024-10-17,-0.001887,-0.000343,-0.002184,-0.002353
2024-10-18,0.003350,0.004811,0.003605,0.003541
2024-10-21,0.004386,-0.006192,-0.004984,-0.006598
2024-10-22,-0.000199,0.001978,-0.000946,-0.002289
2024-10-23,-0.012983,-0.001930,-0.003866,-0.001706
2024-10-24,-0.002601,-0.011459,-0.005993,-0.007680
2024-10-25,0.000166,-0.006347,-0.005640,-0.006415
2024-10-28,-0.000685,0.003952,0.003510,0.003375
2024-10-29,-0.008271,-0.007221,-0.005900,-0.007062
2024-10-30,-0.005905,-0.001857,-0.003353,-0.002430
2024-10-31,-0.012396,-0.003957,-0.013858,-0.010123
2024-11-01,0.002147,0.004413,0.001646,0.000153
2024-11-04,0.004650,-0.006139,-0.003073,-0.003292
2024-11-05,0.012371,0.006438,0.009013,0.007548
2024-11-06,0.023344,0.008862,0.030006,0.023078
2024-11-07,0.004621,0.005086,-0.000479,-0.000937
2024-11-08,-0.001755,0.009516,0.000625,0.001629
2024-11-11,-0.004739,0.001382,-0.000443,-0.000356
2024-11-12,0.000438,-0.002575,-0.000290,-0.001670
2024-11-13,-0.004377,0.004507,0.002669,0.003051
2024-11-14,-0.000936,-0.010919,-0.003771,-0.004510
2024-11-15,-0.009121,-0.000339,-0.004075,-0.001186
2024-11-18,0.000661,0.003299,0.002297,0.003255
2024-11-19,0.005919,-0.004739,-0.001400,-0.003532
2024-11-20,0.004888,0.006555,0.003395,0.004665
2024-11-21,0.011294,0.003166,0.007878,0.008391
2024-11-22,0.000882,0.005716,0.005556,0.006220
2024-11-25,-0.003285,0.012207,0.005244,0.006755
2024-11-26,0.001664,-0.001020,0.002556,0.002490
2024-11-27,-0.004800,0.003499,-0.001236,-0.000562
2024-11-29,0.006358,0.000879,0.004102,0.003033
2024-12-02,-0.001986,-0.005699,-0.002895,-0.003202
2024-12-03,-0.005248,-0.007927,-0.003053,-0.004939
2024-12-04,0.000950,-0.005558,-0.002707,-0.005708
2024-12-05,-0.006307,-0.004532,-0.005397,-0.005288
2024-12-06,-0.014826,-0.005750,-0.006878,-0.007397
2024-12-09,-0.004814,0.002724,-0.000252,-0.000119
2024-12-10,-0.008283,-0.005277,-0.003751,-0.001646
2024-12-11,-0.004023,-0.005281,-0.004373,-0.007365
2024-12-12,-0.010332,-0.003463,-0.004348,-0.003356
2024-12-13,-0.005704,-0.001828,-0.003942,-0.002731
2024-12-16,-0.014250,-0.005654,-0.007656,-0.009501
2024-12-17,-0.008601,0.000446,-0.002874,-0.001553
2024-12-18,-0.010442,-0.021589,-0.019667,-0.016909
2024-12-19,-0.003533,-0.007159,-0.003476,-0.004569
2024-12-20,0.011977,0.007737,0.011227,0.008998
2024-12-23,0.009406,0.002515,0.004309,0.003166
2024-12-24,0.003820,0.004810,0.006852,0.006006
2024-12-26,0.002075,0.004913,0.002948,0.002837
2024-12-27,-0.006721,-0.007196,-0.007714,-0.006267
2024-12-30,-0.005599,-0.008178,-0.007925,-0.008584
