Date,Markowitz MVO,Random Forest,Equal Weight,Risk Parity
2015-02-02,1.012686,1.013477,1.014093,1.013811
2015-02-03,1.023546,1.027445,1.029271,1.028188
2015-02-04,1.022119,1.023283,1.025552,1.024672
2015-02-05,1.033885,1.034698,1.036721,1.035345
2015-02-06,1.024739,1.033526,1.034845,1.033216
2015-02-09,1.019698,1.030552,1.032917,1.030916
2015-02-10,1.032988,1.039130,1.042684,1.040559
2015-02-11,1.037187,1.039765,1.043898,1.041861
2015-02-12,1.044659,1.047063,1.054454,1.050571
2015-02-13,1.050479,1.052018,1.057809,1.053534
2015-02-17,1.052717,1.052524,1.059178,1.054507
2015-02-18,1.053786,1.052274,1.056091,1.051897
2015-02-19,1.054645,1.052072,1.052949,1.048833
2015-02-20,1.063593,1.055413,1.059842,1.054775
2015-02-23,1.072898,1.053176,1.060895,1.056041
2015-02-24,1.073081,1.058209,1.064731,1.059472
2015-02-25,1.067086,1.057911,1.062896,1.057677
2015-02-26,1.070006,1.058330,1.062991,1.058013
2015-02-27,1.064315,1.057321,1.060164,1.056138
2015-03-02,1.074900,1.063908,1.066832,1.062144
2015-03-03,1.065288,1.058076,1.061022,1.056635
2015-03-04,1.063208,1.050729,1.055828,1.050897
2015-03-05,1.067077,1.053612,1.057107,1.051852
2015-03-06,1.051580,1.032585,1.039689,1.034327
2015-03-09,1.061477,1.034255,1.044901,1.038863
2015-03-10,1.046674,1.020881,1.029294,1.023261
2015-03-11,1.040564,1.018988,1.027262,1.020766
2015-03-12,1.050706,1.033970,1.039386,1.033370
2015-03-13,1.047375,1.025439,1.034355,1.028065
2015-03-16,1.064696,1.038305,1.047864,1.041520
2015-03-17,1.063612,1.034614,1.044191,1.037728
2015-03-18,1.076576,1.045664,1.057670,1.051199
2015-03-19,1.076882,1.038144,1.050994,1.044244
2015-03-20,1.081869,1.050082,1.059493,1.052487
2015-03-23,1.077955,1.049893,1.057722,1.051748
2015-03-24,1.070957,1.043066,1.050615,1.044663
2015-03-25,1.043821,1.028702,1.032060,1.027628
2015-03-26,1.043034,1.023751,1.029123,1.024427
2015-03-27,1.048845,1.023791,1.030348,1.025161
2015-03-30,1.065022,1.036471,1.046051,1.040453
2015-03-31,1.050181,1.028910,1.034439,1.029477
2015-04-01,1.043946,1.029084,1.033839,1.028843
2015-04-02,1.046151,1.033153,1.037017,1.032287
2015-04-06,1.057275,1.046219,1.047399,1.042110
2015-04-07,1.057018,1.044931,1.045033,1.039415
2015-04-08,1.058335,1.046650,1.045005,1.039357
2015-04-09,1.067045,1.051707,1.049112,1.042933
2015-04-10,1.072798,1.056290,1.054895,1.048290
2015-04-13,1.065866,1.049964,1.050948,1.044229
2015-04-14,1.064632,1.048387,1.054338,1.047231
2015-04-15,1.064878,1.053661,1.060983,1.052898
2015-04-16,1.069161,1.051230,1.061329,1.053239
2015-04-17,1.053727,1.040805,1.049178,1.041790
2015-04-20,1.062874,1.049580,1.058335,1.050887
2015-04-21,1.060040,1.045881,1.053830,1.046953
2015-04-22,1.064068,1.050785,1.059284,1.052209
2015-04-23,1.067882,1.050804,1.060659,1.053085
2015-04-24,1.078234,1.059566,1.066697,1.058356
2015-04-27,1.077160,1.063372,1.066856,1.058570
2015-04-28,1.080912,1.064370,1.070698,1.061706
2015-04-29,1.066197,1.060125,1.065885,1.056688
2015-04-30,1.052398,1.049515,1.055280,1.046319
2015-05-01,1.067693,1.062693,1.066479,1.057228
2015-05-04,1.068001,1.064036,1.068290,1.058814
2015-05-05,1.052852,1.049096,1.056515,1.047516
2015-05-06,1.045543,1.047796,1.051586,1.042922
2015-05-07,1.053884,1.056503,1.056780,1.047613
2015-05-08,1.057743,1.055775,1.063634,1.055133
2015-05-11,1.051744,1.048413,1.058746,1.049660
2015-05-12,1.050458,1.047245,1.055694,1.046334
2015-05-13,1.058252,1.050075,1.058946,1.049128
2015-05-14,1.078700,1.066091,1.072874,1.062766
2015-05-15,1.079911,1.070471,1.075342,1.065525
2015-05-18,1.083153,1.070587,1.075777,1.065594
2015-05-19,1.083433,1.070828,1.075384,1.065271
2015-05-20,1.084566,1.072523,1.076224,1.066053
2015-05-21,1.082250,1.068548,1.076373,1.066183
2015-05-22,1.076552,1.064222,1.073329,1.062971
2015-05-26,1.065917,1.054351,1.063811,1.053696
2015-05-27,1.083607,1.069851,1.074560,1.063140
2015-05-28,1.085379,1.071477,1.074098,1.062851
2015-05-29,1.077669,1.064030,1.066769,1.055751
2015-06-01,1.079348,1.067317,1.069670,1.058189
2015-06-02,1.072322,1.065722,1.066325,1.055234
2015-06-03,1.073160,1.065167,1.067416,1.056098
2015-06-04,1.065191,1.057223,1.060633,1.048784
2015-06-05,1.062959,1.054104,1.059202,1.046081
2015-06-08,1.056182,1.054188,1.056288,1.043976
2015-06-09,1.057346,1.055794,1.057463,1.045319
2015-06-10,1.066852,1.067622,1.067294,1.054536
2015-06-11,1.070524,1.069327,1.070026,1.057157
2015-06-12,1.057272,1.060019,1.060389,1.047894
2015-06-15,1.054390,1.054539,1.054268,1.041512
2015-06-16,1.065527,1.061934,1.062941,1.050308
2015-06-17,1.064816,1.064943,1.065102,1.052755
2015-06-18,1.078181,1.073809,1.075830,1.063307
2015-06-19,1.071682,1.068102,1.069299,1.056917
2015-06-22,1.073273,1.070254,1.072724,1.059906
2015-06-23,1.070878,1.069023,1.071277,1.058365
2015-06-24,1.061455,1.062163,1.063023,1.050645
2015-06-25,1.065240,1.057647,1.060430,1.048118
2015-06-26,1.063669,1.058977,1.059488,1.047438
2015-06-29,1.043007,1.039430,1.038525,1.027266
2015-06-30,1.044454,1.038768,1.039337,1.027782
2015-07-01,1.054525,1.043437,1.046753,1.035244
2015-07-02,1.050345,1.045949,1.046188,1.035054
2015-07-06,1.048557,1.040155,1.041947,1.031072
2015-07-07,1.046300,1.045322,1.045825,1.036239
2015-07-08,1.030753,1.032232,1.031413,1.022381
2015-07-09,1.030943,1.027672,1.030026,1.020728
2015-07-10,1.046840,1.038328,1.042567,1.033052
2015-07-13,1.058789,1.051907,1.053581,1.043507
2015-07-14,1.063812,1.055787,1.059791,1.049461
2015-07-15,1.067785,1.056824,1.060591,1.050201
2015-07-16,1.073316,1.069069,1.066548,1.056098
2015-07-17,1.074056,1.067000,1.064440,1.053602
2015-07-20,1.076915,1.068183,1.064511,1.054117
2015-07-21,1.071253,1.069452,1.060246,1.049234
2015-07-22,1.056791,1.045219,1.050152,1.039551
2015-07-23,1.055586,1.038966,1.045815,1.035480
2015-07-24,1.044770,1.031617,1.035084,1.025053
2015-07-27,1.035433,1.023299,1.027464,1.017979
2015-07-28,1.050678,1.038039,1.042114,1.031985
2015-07-29,1.058569,1.044758,1.049037,1.038633
2015-07-30,1.057980,1.047695,1.045674,1.034083
2015-07-31,1.056882,1.043726,1.041888,1.030592
2015-08-03,1.053101,1.034697,1.039055,1.027926
2015-08-04,1.051306,1.024908,1.035763,1.024351
2015-08-05,1.062042,1.029742,1.040974,1.029122
2015-08-06,1.051591,1.030660,1.037848,1.026318
2015-08-07,1.056060,1.032920,1.042911,1.029757
2015-08-10,1.071945,1.054304,1.060172,1.046179
2015-08-11,1.054833,1.039952,1.048002,1.035198
2015-08-12,1.054846,1.046143,1.049654,1.036911
2015-08-13,1.052951,1.039791,1.046591,1.033802
2015-08-14,1.057940,1.042646,1.049843,1.036612
2015-08-17,1.067819,1.048519,1.054984,1.041584
2015-08-18,1.070567,1.047541,1.054021,1.040336
2015-08-19,1.059125,1.033982,1.043460,1.029971
2015-08-20,1.037330,1.018601,1.025729,1.013774
2015-08-21,0.996156,0.987198,0.991395,0.980900
2015-08-24,0.958829,0.949535,0.952878,0.943374
2015-08-25,0.945540,0.938690,0.938648,0.929060
2015-08-26,0.989059,0.975136,0.975850,0.964913
2015-08-27,1.014104,0.998573,0.999012,0.986878
2015-08-28,1.011598,0.999050,0.999250,0.987115
2015-08-31,1.002106,0.993875,0.993549,0.981404
2015-09-01,0.968953,0.962613,0.962154,0.951432
2015-09-02,0.991709,0.978485,0.979182,0.967247
2015-09-03,0.990574,0.979269,0.979737,0.968137
2015-09-04,0.972886,0.962278,0.961220,0.950103
2015-09-08,1.004678,0.985735,0.985200,0.972965
2015-09-09,0.990319,0.972420,0.971088,0.958945
2015-09-10,1.000772,0.980938,0.977286,0.964696
2015-09-11,1.006905,0.987170,0.981123,0.968411
2015-09-14,1.004947,0.985634,0.979210,0.966639
2015-09-15,1.019014,0.999743,0.993758,0.980807
2015-09-16,1.025098,1.009113,1.002398,0.989407
2015-09-17,1.028155,1.010013,0.998612,0.985920
2015-09-18,1.015414,1.001656,0.983312,0.971368
2015-09-21,1.021805,1.010727,0.990956,0.978604
2015-09-22,1.009779,0.998475,0.979514,0.967746
2015-09-23,1.008115,0.995463,0.975241,0.963317
2015-09-24,1.005353,0.997020,0.970862,0.960103
2015-09-25,0.995133,0.996728,0.972732,0.962227
2015-09-28,0.979414,0.979643,0.956711,0.947463
2015-09-29,0.988972,0.985331,0.961447,0.952258
2015-09-30,1.007777,0.994081,0.974203,0.963704
2015-10-01,1.005485,0.993138,0.972334,0.961398
2015-10-02,1.023451,1.006781,0.985169,0.973649
2015-10-05,1.039260,1.027917,1.004218,0.992162
2015-10-06,1.033136,1.025451,1.004794,0.992461
2015-10-07,1.041392,1.031996,1.011822,0.999799
2015-10-08,1.046638,1.035675,1.018523,1.006740
2015-10-09,1.052431,1.039708,1.019755,1.008109
2015-10-12,1.061494,1.044949,1.022714,1.010832
2015-10-13,1.060122,1.045642,1.019966,1.007918
2015-10-14,1.057925,1.042566,1.016777,1.004873
2015-10-15,1.063649,1.052491,1.027464,1.015228
2015-10-16,1.068055,1.051751,1.029813,1.017685
2015-10-19,1.069460,1.053185,1.029931,1.017752
2015-10-20,1.071517,1.057676,1.034265,1.021894
2015-10-21,1.063148,1.042904,1.025940,1.014276
2015-10-22,1.077583,1.056189,1.045397,1.033587
2015-10-23,1.106402,1.069222,1.061607,1.048253
2015-10-26,1.108154,1.063874,1.059242,1.045602
2015-10-27,1.110807,1.062550,1.056691,1.043185
2015-10-28,1.119732,1.078693,1.068930,1.053977
2015-10-29,1.110977,1.082050,1.067558,1.053912
2015-10-30,1.109338,1.074436,1.063691,1.049905
2015-11-02,1.120856,1.088319,1.076181,1.061338
2015-11-03,1.120587,1.089106,1.078737,1.063599
2015-11-04,1.111289,1.077376,1.073707,1.058633
2015-11-05,1.112625,1.076942,1.073698,1.058750
2015-11-06,1.140760,1.098998,1.082908,1.064370
2015-11-09,1.130742,1.085828,1.069661,1.051678
2015-11-10,1.125659,1.082472,1.068273,1.050824
2015-11-11,1.123294,1.075040,1.066732,1.049840
2015-11-12,1.111929,1.057574,1.050510,1.034118
2015-11-13,1.098545,1.056746,1.043119,1.027314
2015-11-16,1.118300,1.076464,1.061764,1.045741
2015-11-17,1.117793,1.068350,1.055967,1.040080
2015-11-18,1.139723,1.090214,1.073653,1.056925
2015-11-19,1.129465,1.079075,1.072872,1.056910
2015-11-20,1.140012,1.089080,1.075467,1.058545
2015-11-23,1.133113,1.082558,1.071483,1.055508
2015-11-24,1.134051,1.088202,1.074758,1.059000
2015-11-25,1.133915,1.087865,1.072614,1.056617
2015-11-27,1.138134,1.090617,1.076009,1.059851
2015-11-30,1.136584,1.090669,1.073594,1.056557
2015-12-01,1.156917,1.106841,1.083564,1.065857
2015-12-02,1.155838,1.102065,1.073141,1.055747
2015-12-03,1.141248,1.088229,1.059683,1.043179
2015-12-04,1.173012,1.117260,1.084322,1.067014
2015-12-07,1.164289,1.104471,1.075288,1.059495
2015-12-08,1.162575,1.099031,1.064689,1.048936
2015-12-09,1.148402,1.086714,1.056430,1.041517
2015-12-10,1.154919,1.091903,1.059628,1.044331
2015-12-11,1.136043,1.074876,1.042880,1.028961
2015-12-14,1.142914,1.078476,1.048346,1.034360
2015-12-15,1.151956,1.089548,1.061509,1.047317
2015-12-16,1.172339,1.100031,1.078257,1.063514
2015-12-17,1.159882,1.084843,1.061579,1.047558
2015-12-18,1.136656,1.059806,1.041782,1.028213
2015-12-21,1.149113,1.074245,1.051046,1.036784
2015-12-22,1.156735,1.078690,1.061113,1.046667
2015-12-23,1.165839,1.091290,1.074442,1.059598
2015-12-24,1.165000,1.089317,1.071478,1.056666
2015-12-28,1.163670,1.087067,1.068813,1.054186
2015-12-29,1.177315,1.099671,1.079582,1.064404
2015-12-30,1.169709,1.090271,1.071231,1.056362
2015-12-31,1.155700,1.077527,1.060014,1.045324
2016-01-04,1.138953,1.064355,1.046577,1.032257
2016-01-05,1.146858,1.065399,1.048626,1.034719
2016-01-06,1.126844,1.044581,1.033929,1.021316
2016-01-07,1.093638,1.009498,1.006574,0.996100
2016-01-08,1.081642,1.005130,0.996940,0.986745
2016-01-11,1.079415,1.009572,0.996533,0.986667
2016-01-12,1.093326,1.019858,1.004315,0.994138
2016-01-13,1.068454,0.997839,0.986173,0.977353
2016-01-14,1.080730,1.005579,0.998917,0.989690
2016-01-15,1.049469,0.971835,0.975457,0.967875
2016-01-19,1.056882,0.973538,0.979698,0.972942
2016-01-20,1.056899,0.968247,0.968968,0.962143
2016-01-21,1.056827,0.969531,0.972680,0.966670
2016-01-22,1.075172,0.995120,0.994096,0.986898
2016-01-25,1.067339,0.982856,0.978411,0.972618
2016-01-26,1.086858,0.999482,0.998811,0.993147
2016-01-27,1.075789,0.978801,0.988755,0.984545
2016-01-28,1.077557,0.979909,0.996624,0.992035
2016-01-29,1.121998,1.013160,1.024552,1.018151
2016-02-01,1.121168,1.011572,1.022285,1.016590
2016-02-02,1.093744,0.989141,0.998276,0.994416
2016-02-03,1.094264,0.995827,1.012607,1.009117
2016-02-04,1.096844,0.996441,1.021371,1.016713
2016-02-05,1.060521,0.968329,1.008367,1.005425
2016-02-08,1.047162,0.953034,0.995521,0.994874
2016-02-09,1.051766,0.954568,0.996690,0.996379
2016-02-10,1.054793,0.953071,0.990867,0.990184
2016-02-11,1.047628,0.942122,0.975198,0.975250
2016-02-12,1.059750,0.953685,0.995107,0.993752
2016-02-16,1.084706,0.972932,1.012176,1.009237
2016-02-17,1.104229,0.986232,1.025349,1.021315
2016-02-18,1.122965,1.005058,1.027886,1.023809
2016-02-19,1.126844,1.005012,1.026758,1.022672
2016-02-22,1.144894,1.019383,1.037654,1.032704
2016-02-23,1.134174,1.010231,1.023562,1.019818
2016-02-24,1.137561,1.015149,1.026409,1.022593
2016-02-25,1.147973,1.026485,1.036911,1.032779
2016-02-26,1.140612,1.018144,1.032980,1.027944
2016-02-29,1.129516,1.010963,1.024641,1.019842
2016-03-01,1.164516,1.038029,1.054468,1.047699
2016-03-02,1.167137,1.044242,1.059234,1.052546
2016-03-03,1.164823,1.042372,1.065087,1.058288
2016-03-04,1.164500,1.045202,1.070700,1.064040
2016-03-07,1.156864,1.039115,1.070768,1.064449
2016-03-08,1.153159,1.034727,1.061788,1.056976
2016-03-09,1.160792,1.038983,1.066013,1.061203
2016-03-10,1.159266,1.036265,1.065021,1.060786
2016-03-11,1.176620,1.044496,1.077033,1.071628
2016-03-14,1.177754,1.044259,1.075557,1.070049
2016-03-15,1.180797,1.048561,1.076492,1.071036
2016-03-16,1.192560,1.058660,1.083163,1.076990
2016-03-17,1.191080,1.060869,1.092807,1.087189
2016-03-18,1.199744,1.066626,1.098978,1.092063
2016-03-21,1.202095,1.068385,1.099545,1.092681
2016-03-22,1.206471,1.068239,1.098678,1.091645
2016-03-23,1.214573,1.072645,1.097142,1.090281
2016-03-24,1.212081,1.073270,1.097268,1.090703
2016-03-28,1.211607,1.072238,1.099060,1.092470
2016-03-29,1.228222,1.086649,1.109532,1.102869
2016-03-30,1.234373,1.092578,1.115448,1.108174
2016-03-31,1.230105,1.088429,1.112716,1.105305
2016-04-01,1.241553,1.099050,1.121722,1.114030
2016-04-04,1.238510,1.092161,1.117978,1.110942
2016-04-05,1.227507,1.088481,1.107922,1.101515
2016-04-06,1.235876,1.092667,1.113660,1.107106
2016-04-07,1.222526,1.080388,1.097603,1.091745
2016-04-08,1.221600,1.083605,1.101198,1.095447
2016-04-11,1.224252,1.084171,1.101943,1.095120
2016-04-12,1.230908,1.092225,1.111134,1.103727
2016-04-13,1.246079,1.108924,1.125488,1.114868
2016-04-14,1.247231,1.111544,1.127339,1.116290
2016-04-15,1.245435,1.113693,1.126362,1.115981
2016-04-18,1.245802,1.117347,1.129913,1.119647
2016-04-19,1.248974,1.124009,1.139802,1.129774
2016-04-20,1.255042,1.119338,1.137568,1.125082
2016-04-21,1.251199,1.112025,1.128254,1.114875
2016-04-22,1.232565,1.112811,1.127577,1.116073
2016-04-25,1.233699,1.111422,1.126705,1.115923
2016-04-26,1.228940,1.107567,1.125623,1.113793
2016-04-27,1.214806,1.117617,1.125762,1.114305
2016-04-28,1.193500,1.105732,1.113547,1.103391
2016-04-29,1.184788,1.100958,1.109884,1.100385
2016-05-02,1.191754,1.110004,1.117701,1.107842
2016-05-03,1.190189,1.101992,1.108619,1.099660
2016-05-04,1.178176,1.092062,1.100442,1.093133
2016-05-05,1.182411,1.089385,1.099639,1.092532
2016-05-06,1.184288,1.096831,1.104457,1.097460
2016-05-09,1.185416,1.089166,1.100909,1.094650
2016-05-10,1.199834,1.104914,1.115319,1.108071
2016-05-11,1.191436,1.102895,1.107881,1.100580
2016-05-12,1.183421,1.098389,1.106660,1.100236
2016-05-13,1.211724,1.119311,1.106941,1.098067
2016-05-16,1.234147,1.136991,1.120276,1.110607
2016-05-17,1.227661,1.129242,1.113063,1.102678
2016-05-18,1.235409,1.133611,1.116749,1.104009
2016-05-19,1.231637,1.128953,1.109093,1.097023
2016-05-20,1.243275,1.136235,1.113152,1.100221
2016-05-23,1.241684,1.136974,1.112503,1.099396
2016-05-24,1.261470,1.156136,1.126695,1.112490
2016-05-25,1.267980,1.165585,1.135696,1.120698
2016-05-26,1.268535,1.165902,1.133495,1.119014
2016-05-27,1.273174,1.169553,1.138157,1.123505
2016-05-31,1.275466,1.175987,1.137912,1.122600
2016-06-01,1.275010,1.177698,1.139300,1.124070
2016-06-02,1.282282,1.182771,1.142569,1.127492
2016-06-03,1.280678,1.182820,1.141904,1.128220
2016-06-06,1.287554,1.190727,1.149356,1.135353
2016-06-07,1.286089,1.194118,1.151598,1.137967
2016-06-08,1.292884,1.201519,1.157080,1.143445
2016-06-09,1.305263,1.206279,1.161088,1.147997
2016-06-10,1.293594,1.197574,1.154398,1.143243
2016-06-13,1.285827,1.189613,1.146631,1.135692
2016-06-14,1.286765,1.185339,1.143445,1.133602
2016-06-15,1.286924,1.187356,1.143017,1.132760
2016-06-16,1.293974,1.193323,1.149754,1.139560
2016-06-17,1.279614,1.187598,1.143696,1.133559
2016-06-20,1.289378,1.195156,1.149333,1.138681
2016-06-21,1.290675,1.197603,1.153046,1.142072
2016-06-22,1.288031,1.198461,1.151539,1.140755
2016-06-23,1.303424,1.219875,1.166954,1.154854
2016-06-24,1.263122,1.162853,1.122452,1.114383
2016-06-27,1.254135,1.139729,1.106997,1.100608
2016-06-28,1.273699,1.158230,1.125726,1.118195
2016-06-29,1.288121,1.180192,1.143231,1.134666
2016-06-30,1.303029,1.195390,1.158330,1.149704
2016-07-01,1.300901,1.193194,1.158445,1.150038
2016-07-05,1.306678,1.187315,1.153518,1.147073
2016-07-06,1.313008,1.192944,1.158990,1.151650
2016-07-07,1.315012,1.197698,1.157755,1.149082
2016-07-08,1.332666,1.223684,1.176477,1.166042
2016-07-11,1.338395,1.231032,1.181162,1.169897
2016-07-12,1.342460,1.246168,1.191548,1.178301
2016-07-13,1.345790,1.250094,1.195213,1.182195
2016-07-14,1.352449,1.258781,1.202332,1.187875
2016-07-15,1.350102,1.259246,1.203031,1.188746
2016-07-18,1.353377,1.259152,1.204687,1.190088
2016-07-19,1.364486,1.263798,1.205216,1.191143
2016-07-20,1.368768,1.267350,1.210168,1.194600
2016-07-21,1.360902,1.260996,1.205614,1.190645
2016-07-22,1.367800,1.271578,1.210049,1.195274
2016-07-25,1.364845,1.273652,1.206903,1.191801
2016-07-26,1.365923,1.284558,1.209828,1.192368
2016-07-27,1.374013,1.279915,1.209450,1.190478
2016-07-28,1.380781,1.279384,1.210379,1.191558
2016-07-29,1.389370,1.284623,1.213485,1.194995
2016-08-01,1.390922,1.273949,1.208841,1.190551
2016-08-02,1.382001,1.271213,1.204157,1.186584
2016-08-03,1.383153,1.275043,1.208633,1.189651
2016-08-04,1.390261,1.278147,1.210349,1.190869
2016-08-05,1.401353,1.287552,1.218913,1.197320
2016-08-08,1.401457,1.290454,1.220645,1.198450
2016-08-09,1.403811,1.291133,1.221929,1.199790
2016-08-10,1.401160,1.286034,1.218303,1.197141
2016-08-11,1.408441,1.293584,1.223476,1.201701
2016-08-12,1.422962,1.311882,1.228359,1.205835
2016-08-15,1.420144,1.312455,1.232353,1.209069
2016-08-16,1.410331,1.305960,1.228806,1.204750
2016-08-17,1.406588,1.302817,1.229013,1.205905
2016-08-18,1.409876,1.307403,1.230935,1.207569
2016-08-19,1.410514,1.304437,1.230063,1.206201
2016-08-22,1.409774,1.304569,1.229255,1.205017
2016-08-23,1.414708,1.307816,1.232182,1.207927
2016-08-24,1.401278,1.299705,1.226266,1.202489
2016-08-25,1.394467,1.293302,1.225070,1.201539
2016-08-26,1.392553,1.290948,1.220837,1.196605
2016-08-29,1.397769,1.298091,1.227322,1.203260
2016-08-30,1.392153,1.293655,1.225079,1.200226
2016-08-31,1.387209,1.291129,1.222397,1.198023
2016-09-01,1.394416,1.295589,1.224611,1.200220
2016-09-02,1.400115,1.299949,1.229828,1.205626
2016-09-06,1.402992,1.303358,1.232888,1.209004
2016-09-07,1.400701,1.304684,1.232108,1.208089
2016-09-08,1.397478,1.303185,1.229444,1.205179
2016-09-09,1.356859,1.264005,1.198361,1.174716
2016-09-12,1.378224,1.284163,1.215931,1.192338
2016-09-13,1.360675,1.267447,1.199938,1.176446
2016-09-14,1.367159,1.275235,1.203887,1.179700
2016-09-15,1.389965,1.296534,1.219491,1.194098
2016-09-16,1.396366,1.300645,1.216395,1.191296
2016-09-19,1.400025,1.303244,1.216298,1.190659
2016-09-20,1.396514,1.300732,1.215102,1.189992
2016-09-21,1.419936,1.322407,1.227133,1.200686
2016-09-22,1.431094,1.331168,1.235879,1.209822
2016-09-23,1.425858,1.323865,1.227599,1.201989
2016-09-26,1.416588,1.314687,1.218481,1.193384
2016-09-27,1.433037,1.329666,1.228497,1.202742
2016-09-28,1.437952,1.343299,1.239275,1.211967
2016-09-29,1.423740,1.337490,1.229196,1.202270
2016-09-30,1.434006,1.352025,1.240378,1.212750
2016-10-03,1.427624,1.345022,1.235526,1.207727
2016-10-04,1.421649,1.342284,1.229681,1.201423
2016-10-05,1.420319,1.351869,1.234898,1.205253
2016-10-06,1.414022,1.349630,1.234355,1.204765
2016-10-07,1.412615,1.350109,1.226706,1.197913
2016-10-10,1.423026,1.358808,1.232475,1.202895
2016-10-11,1.402758,1.346925,1.220137,1.191125
2016-10-12,1.408455,1.352611,1.224278,1.195401
2016-10-13,1.404805,1.344923,1.221360,1.193270
2016-10-14,1.407024,1.353518,1.224584,1.195469
2016-10-17,1.408301,1.348945,1.222319,1.193795
2016-10-18,1.428268,1.367257,1.232267,1.202154
2016-10-19,1.427327,1.372736,1.235215,1.204199
2016-10-20,1.434949,1.377537,1.233854,1.201803
2016-10-21,1.438109,1.375689,1.233770,1.200337
2016-10-24,1.458149,1.392820,1.241736,1.206897
2016-10-25,1.462331,1.395064,1.242668,1.208443
2016-10-26,1.454320,1.390383,1.240547,1.206368
2016-10-27,1.443174,1.377292,1.233683,1.200535
2016-10-28,1.436659,1.375609,1.231256,1.198263
2016-10-31,1.446258,1.382476,1.233237,1.200143
2016-11-01,1.424719,1.360024,1.221593,1.189394
2016-11-02,1.417154,1.348961,1.213679,1.181772
2016-11-03,1.407642,1.342316,1.209432,1.178053
2016-11-04,1.402494,1.342143,1.205673,1.174093
2016-11-07,1.443798,1.374197,1.235219,1.201075
2016-11-08,1.448055,1.381136,1.240510,1.206774
2016-11-09,1.440138,1.399457,1.251227,1.214094
2016-11-10,1.421631,1.382236,1.247441,1.206685
2016-11-11,1.494253,1.455383,1.267142,1.219778
2016-11-14,1.482344,1.439511,1.267694,1.219798
2016-11-15,1.498804,1.462226,1.279158,1.230555
2016-11-16,1.524103,1.484028,1.281467,1.232173
2016-11-17,1.530150,1.485230,1.283525,1.233072
2016-11-18,1.531329,1.489719,1.282029,1.231138
2016-11-21,1.535801,1.497801,1.289075,1.238140
2016-11-22,1.539656,1.510878,1.294817,1.243458
2016-11-23,1.540176,1.523512,1.301170,1.249235
2016-11-25,1.543622,1.527742,1.304757,1.253752
2016-11-28,1.542238,1.527991,1.302889,1.252518
2016-11-29,1.553299,1.522595,1.307961,1.256899
2016-11-30,1.542007,1.516582,1.306290,1.252763
2016-12-01,1.521933,1.505348,1.302832,1.249529
2016-12-02,1.526033,1.507216,1.301535,1.249035
2016-12-05,1.539727,1.517312,1.310662,1.256371
2016-12-06,1.544824,1.528370,1.315251,1.260152
2016-12-07,1.569209,1.546384,1.337228,1.280817
2016-12-08,1.563336,1.541964,1.336474,1.279384
2016-12-09,1.567145,1.547732,1.344426,1.288633
2016-12-12,1.568272,1.544211,1.345681,1.291797
2016-12-13,1.582989,1.558761,1.355803,1.300616
2016-12-14,1.587983,1.565650,1.347842,1.290709
2016-12-15,1.599672,1.581904,1.356772,1.298674
2016-12-16,1.616750,1.586553,1.358186,1.300915
2016-12-19,1.622372,1.592181,1.362509,1.304487
2016-12-20,1.633143,1.608377,1.366735,1.306590
2016-12-21,1.630798,1.606759,1.363907,1.303610
2016-12-22,1.635080,1.611689,1.365258,1.305041
2016-12-23,1.645408,1.623712,1.369766,1.308977
2016-12-27,1.668883,1.646831,1.377630,1.314508
2016-12-28,1.635688,1.614517,1.361988,1.301426
2016-12-29,1.645776,1.622348,1.364988,1.304643
2016-12-30,1.628452,1.603139,1.358150,1.298949
2017-01-03,1.621448,1.600236,1.362783,1.304839
2017-01-04,1.633253,1.607930,1.365530,1.306775
2017-01-05,1.628698,1.597021,1.361637,1.304685
2017-01-06,1.635692,1.605234,1.366619,1.307908
2017-01-09,1.645170,1.610955,1.363873,1.303678
2017-01-10,1.635361,1.611737,1.359458,1.298793
2017-01-11,1.629251,1.613392,1.362632,1.301068
2017-01-12,1.624150,1.601809,1.358351,1.298168
2017-01-13,1.621336,1.603997,1.358456,1.297928
2017-01-17,1.611311,1.578652,1.352040,1.294858
2017-01-18,1.612260,1.582560,1.351746,1.293953
2017-01-19,1.617993,1.583778,1.348938,1.290949
2017-01-20,1.615332,1.586956,1.356244,1.299042
2017-01-23,1.620760,1.590776,1.355517,1.297739
2017-01-24,1.619874,1.605329,1.357865,1.297760
2017-01-25,1.627970,1.623192,1.366429,1.304748
2017-01-26,1.631244,1.627911,1.366053,1.302514
2017-01-27,1.638432,1.638387,1.370060,1.305552
2017-01-30,1.624717,1.618795,1.360227,1.297348
2017-01-31,1.620183,1.605134,1.352946,1.292016
2017-02-01,1.645007,1.614199,1.356802,1.293557
2017-02-02,1.644682,1.616355,1.355825,1.293008
2017-02-03,1.649006,1.638437,1.367383,1.302822
2017-02-06,1.655695,1.636959,1.364876,1.299561
2017-02-07,1.663479,1.640916,1.366912,1.301559
2017-02-08,1.662130,1.639969,1.366442,1.302043
2017-02-09,1.661461,1.642446,1.371062,1.305537
2017-02-10,1.654966,1.639435,1.373554,1.307469
2017-02-13,1.649250,1.630249,1.379044,1.312649
2017-02-14,1.658576,1.635829,1.382603,1.314940
2017-02-15,1.665899,1.637856,1.389628,1.322063
2017-02-16,1.663231,1.637409,1.389469,1.323665
2017-02-17,1.653946,1.639172,1.389088,1.323819
2017-02-21,1.676520,1.659489,1.399305,1.333151
2017-02-22,1.676094,1.659858,1.398288,1.332323
2017-02-23,1.653739,1.631195,1.391816,1.329906
2017-02-24,1.663047,1.632411,1.393202,1.332088
2017-02-27,1.675365,1.645179,1.399353,1.336205
2017-02-28,1.665205,1.631679,1.394281,1.332505
2017-03-01,1.692253,1.650892,1.414481,1.350176
2017-03-02,1.671687,1.627081,1.400997,1.340018
2017-03-03,1.675251,1.629009,1.402690,1.341214
2017-03-06,1.670757,1.625246,1.399735,1.338398
2017-03-07,1.673615,1.623600,1.399196,1.337202
2017-03-08,1.673836,1.615144,1.393284,1.331934
2017-03-09,1.678285,1.613297,1.391132,1.330722
2017-03-10,1.686417,1.618590,1.395668,1.335382
2017-03-13,1.697298,1.629418,1.399436,1.338621
2017-03-14,1.694703,1.624851,1.395805,1.335354
2017-03-15,1.712530,1.637258,1.410558,1.349815
2017-03-16,1.714764,1.641776,1.409585,1.348544
2017-03-17,1.714802,1.642753,1.409435,1.348131
2017-03-20,1.724979,1.654855,1.414326,1.351862
2017-03-21,1.701538,1.624378,1.395536,1.337267
2017-03-22,1.709852,1.625445,1.396323,1.336659
2017-03-23,1.700137,1.620967,1.394432,1.334803
2017-03-24,1.698898,1.616287,1.390481,1.331142
2017-03-27,1.702329,1.609576,1.387801,1.328722
2017-03-28,1.711316,1.620097,1.397803,1.337440
2017-03-29,1.704733,1.615355,1.395559,1.335166
2017-03-30,1.715060,1.624623,1.403485,1.341567
2017-03-31,1.708729,1.616418,1.397799,1.336360
2017-04-03,1.710267,1.616895,1.397181,1.336441
2017-04-04,1.688117,1.594622,1.396052,1.337208
2017-04-05,1.684484,1.588127,1.391605,1.333421
2017-04-06,1.687898,1.589950,1.396701,1.337564
2017-04-07,1.687158,1.589663,1.396068,1.337278
2017-04-10,1.676027,1.582595,1.396660,1.338256
2017-04-11,1.674286,1.584741,1.395996,1.337951
2017-04-12,1.675077,1.580763,1.392867,1.336814
2017-04-13,1.663108,1.567077,1.381414,1.326873
2017-04-17,1.686997,1.589117,1.395293,1.338722
2017-04-18,1.677737,1.579223,1.387886,1.332904
2017-04-19,1.676070,1.575010,1.382063,1.327210
2017-04-20,1.692492,1.584933,1.393115,1.335595
2017-04-21,1.694201,1.577382,1.391017,1.332478
2017-04-24,1.710374,1.596413,1.410490,1.349077
2017-04-25,1.724475,1.607297,1.425867,1.361132
2017-04-26,1.720531,1.602001,1.423995,1.359330
2017-04-27,1.728248,1.601553,1.422384,1.357222
2017-04-28,1.723336,1.589588,1.417876,1.353018
2017-05-01,1.739692,1.596211,1.423918,1.357580
2017-05-02,1.729343,1.585609,1.420453,1.355236
2017-05-03,1.724761,1.588745,1.420319,1.354802
2017-05-04,1.726637,1.588109,1.418907,1.354405
2017-05-05,1.732790,1.594404,1.426356,1.361766
2017-05-08,1.737079,1.592512,1.427996,1.363667
2017-05-09,1.735327,1.591132,1.424290,1.359607
2017-05-10,1.793400,1.642067,1.443403,1.372765
2017-05-11,1.808348,1.654156,1.447583,1.375431
2017-05-12,1.812572,1.657882,1.447081,1.374775
2017-05-15,1.838311,1.680121,1.458755,1.384358
2017-05-16,1.843483,1.687027,1.461500,1.386229
2017-05-17,1.797234,1.650994,1.433051,1.363982
2017-05-18,1.821299,1.669693,1.440033,1.369290
2017-05-19,1.835772,1.683389,1.450141,1.378000
2017-05-22,1.853519,1.693467,1.457470,1.384411
2017-05-23,1.852836,1.689533,1.462199,1.388529
2017-05-24,1.857708,1.693391,1.468226,1.394006
2017-05-25,1.867810,1.701515,1.473721,1.399818
2017-05-26,1.875244,1.709499,1.476491,1.401453
2017-05-30,1.881374,1.724008,1.476216,1.402091
2017-05-31,1.872104,1.731039,1.470292,1.398876
2017-06-01,1.886028,1.740347,1.479792,1.407487
2017-06-02,1.898364,1.737921,1.486013,1.413780
2017-06-05,1.908623,1.748379,1.486724,1.413636
2017-06-06,1.912543,1.748695,1.488932,1.415944
2017-06-07,1.922165,1.756928,1.491520,1.417373
2017-06-08,1.942026,1.785268,1.497800,1.419377
2017-06-09,1.906135,1.773986,1.497875,1.422152
2017-06-12,1.897003,1.774925,1.495765,1.420889
2017-06-13,1.909855,1.779571,1.500942,1.424462
2017-06-14,1.914198,1.786096,1.501393,1.425809
2017-06-15,1.912872,1.780841,1.501926,1.426791
2017-06-16,1.913592,1.776598,1.504088,1.429519
2017-06-19,1.940998,1.803889,1.517812,1.439953
2017-06-20,1.934543,1.794584,1.508849,1.431982
2017-06-21,1.947551,1.790437,1.503224,1.426451
2017-06-22,1.949433,1.783961,1.500747,1.424540
2017-06-23,1.942904,1.769836,1.501254,1.426280
2017-06-26,1.937207,1.775158,1.502648,1.428084
2017-06-27,1.907947,1.750918,1.488929,1.415126
2017-06-28,1.927748,1.773231,1.503487,1.426220
2017-06-29,1.899488,1.756318,1.488574,1.411898
2017-06-30,1.895599,1.750751,1.490790,1.414302
2017-07-03,1.889782,1.738711,1.496062,1.420234
2017-07-05,1.905388,1.749159,1.499196,1.421635
2017-07-06,1.891392,1.738111,1.488336,1.410761
2017-07-07,1.908418,1.750653,1.495843,1.416811
2017-07-10,1.919498,1.766198,1.499351,1.417729
2017-07-11,1.919644,1.767282,1.498907,1.416247
2017-07-12,1.946660,1.792175,1.510891,1.426501
2017-07-13,1.941198,1.792654,1.512534,1.427623
2017-07-14,1.961113,1.810684,1.520802,1.435147
2017-07-17,1.959004,1.811528,1.521135,1.435794
2017-07-18,1.979051,1.814796,1.523030,1.438772
2017-07-19,1.986575,1.820323,1.529586,1.445276
2017-07-20,1.995587,1.832806,1.531821,1.447996
2017-07-21,1.992257,1.834639,1.528685,1.445413
2017-07-24,1.988315,1.824164,1.528416,1.444032
2017-07-25,1.985782,1.828938,1.540355,1.454061
2017-07-26,1.992218,1.840682,1.543892,1.457952
2017-07-27,1.969500,1.851014,1.543888,1.462739
2017-07-28,1.983970,1.856973,1.545186,1.463522
2017-07-31,1.978891,1.852501,1.543724,1.462870
2017-08-01,1.986424,1.859045,1.550335,1.468532
2017-08-02,1.986770,1.856637,1.554220,1.471085
2017-08-03,1.998767,1.866815,1.555864,1.473169
2017-08-04,2.002251,1.867576,1.562512,1.477939
2017-08-07,2.010558,1.877837,1.567762,1.481681
2017-08-08,2.004840,1.865596,1.564392,1.478634
2017-08-09,2.011293,1.872277,1.565965,1.479997
2017-08-10,1.981871,1.849787,1.545393,1.463845
2017-08-11,1.960195,1.827082,1.538496,1.458832
2017-08-14,2.004344,1.872846,1.562761,1.478963
2017-08-15,2.006878,1.872365,1.564948,1.481574
2017-08-16,2.005687,1.877917,1.565668,1.483063
2017-08-17,1.980511,1.853667,1.544862,1.464748
2017-08-18,1.973748,1.850627,1.544291,1.463714
2017-08-21,1.976226,1.847151,1.544475,1.465309
2017-08-22,1.995370,1.864768,1.558842,1.477029
2017-08-23,1.999905,1.864842,1.557735,1.475100
2017-08-24,1.996576,1.862067,1.555382,1.472895
2017-08-25,1.994231,1.861482,1.558164,1.475975
2017-08-28,1.997207,1.861991,1.557460,1.475112
2017-08-29,2.000971,1.860247,1.559080,1.476397
2017-08-30,2.000808,1.857269,1.561374,1.476738
2017-08-31,2.025503,1.873848,1.571074,1.485402
2017-09-01,2.026981,1.873884,1.573416,1.487082
2017-09-05,2.006356,1.853026,1.559600,1.476308
2017-09-06,2.004189,1.852062,1.561108,1.477674
2017-09-07,2.016119,1.853017,1.563489,1.480452
2017-09-08,2.004091,1.842815,1.559228,1.476805
2017-09-11,2.039566,1.869845,1.580250,1.495433
2017-09-12,2.031705,1.873914,1.584125,1.498054
2017-09-13,2.029862,1.878877,1.583884,1.498198
2017-09-14,2.037016,1.878384,1.584367,1.498887
2017-09-15,2.069609,1.910180,1.597215,1.508908
2017-09-18,2.086319,1.929510,1.605354,1.514611
2017-09-19,2.076757,1.941308,1.611002,1.520317
2017-09-20,2.066848,1.935552,1.610079,1.519283
2017-09-21,2.046605,1.913162,1.600548,1.509572
2017-09-22,2.032300,1.915408,1.597251,1.507419
2017-09-25,2.009207,1.897384,1.590002,1.503244
2017-09-26,2.011835,1.893987,1.590506,1.503004
2017-09-27,2.016463,1.891209,1.593203,1.501708
2017-09-28,2.023323,1.892798,1.599400,1.507533
2017-09-29,2.033476,1.903590,1.603484,1.510649
2017-10-02,2.043644,1.904916,1.610167,1.516429
2017-10-03,2.050135,1.916380,1.617117,1.523683
2017-10-04,2.060210,1.926455,1.620639,1.527538
2017-10-05,2.062204,1.923802,1.627134,1.532065
2017-10-06,2.064621,1.923860,1.626876,1.531488
2017-10-09,2.072224,1.932872,1.627447,1.531581
2017-10-10,2.077188,1.944716,1.631249,1.534559
2017-10-11,2.085336,1.950115,1.635298,1.538575
2017-10-12,2.085044,1.951347,1.635165,1.538474
2017-10-13,2.092763,1.960138,1.638411,1.540711
2017-10-16,2.103666,1.974645,1.648686,1.548998
2017-10-17,2.129370,1.976930,1.653568,1.555653
2017-10-18,2.138306,1.979232,1.657920,1.558946
2017-10-19,2.132003,1.983005,1.655580,1.557758
2017-10-20,2.145033,1.969037,1.663181,1.562564
2017-10-23,2.147046,1.960423,1.660118,1.559422
2017-10-24,2.149700,1.970754,1.668676,1.564451
2017-10-25,2.138145,1.954542,1.661661,1.559267
2017-10-26,2.147289,1.965551,1.672026,1.568901
2017-10-27,2.175264,1.977760,1.688080,1.580448
2017-10-30,2.161877,1.964990,1.679830,1.570809
2017-10-31,2.170364,1.972019,1.681004,1.571595
2017-11-01,2.175061,1.975363,1.685008,1.575213
2017-11-02,2.184552,1.970251,1.689542,1.578543
2017-11-03,2.195687,1.977832,1.693577,1.581880
2017-11-06,2.197429,1.962179,1.689950,1.575959
2017-11-07,2.202010,1.975903,1.692933,1.579945
2017-11-08,2.196306,1.967823,1.693026,1.581497
2017-11-09,2.182697,1.952540,1.685314,1.575162
2017-11-10,2.200117,1.975580,1.690100,1.577852
2017-11-13,2.203757,1.973836,1.692586,1.581188
2017-11-14,2.205084,1.974818,1.689411,1.578664
2017-11-15,2.180616,1.949843,1.673327,1.563985
2017-11-16,2.197083,1.970067,1.686307,1.575545
2017-11-17,2.184321,1.967372,1.679621,1.568988
2017-11-20,2.194794,1.980348,1.685958,1.574220
2017-11-21,2.214826,1.990968,1.697465,1.584548
2017-11-22,2.201636,1.994560,1.696305,1.584116
2017-11-24,2.212278,1.998095,1.699889,1.587517
2017-11-27,2.209625,2.000705,1.699840,1.588994
2017-11-28,2.225099,2.015703,1.718148,1.606284
2017-11-29,2.204334,1.998524,1.713128,1.604638
2017-11-30,2.231354,2.032894,1.734607,1.623524
2017-12-01,2.219913,2.025023,1.732722,1.622863
2017-12-04,2.178908,2.000128,1.723776,1.617662
2017-12-05,2.168697,1.998789,1.715341,1.609877
2017-12-06,2.176319,2.002709,1.714662,1.609411
2017-12-07,2.186492,2.009950,1.717533,1.609389
2017-12-08,2.201217,2.017024,1.727036,1.617485
2017-12-11,2.204705,2.025409,1.733574,1.623100
2017-12-12,2.204919,2.017513,1.739118,1.628945
2017-12-13,2.197948,2.027780,1.742683,1.633884
2017-12-14,2.182480,2.012053,1.732163,1.624261
2017-12-15,2.207501,2.030070,1.747459,1.637149
2017-12-18,2.223207,2.057536,1.760148,1.646658
2017-12-19,2.201113,2.058005,1.749900,1.637957
2017-12-20,2.200438,2.061545,1.749562,1.637255
2017-12-21,2.197369,2.063792,1.755165,1.640923
2017-12-22,2.194077,2.061624,1.754900,1.640954
2017-12-26,2.197702,2.066345,1.752615,1.639302
2017-12-27,2.203571,2.073429,1.755983,1.642586
2017-12-28,2.212921,2.080051,1.760995,1.646746
2017-12-29,2.192666,2.063646,1.749877,1.637426
2018-01-02,2.204539,2.071855,1.758341,1.642930
2018-01-03,2.240343,2.102151,1.767109,1.648368
2018-01-04,2.247961,2.117623,1.778778,1.658801
2018-01-05,2.270082,2.136386,1.787737,1.666586
2018-01-08,2.285498,2.154433,1.791935,1.669152
2018-01-09,2.294414,2.165238,1.795871,1.672930
2018-01-10,2.289747,2.163152,1.792639,1.669023
2018-01-11,2.303839,2.177374,1.802131,1.677235
2018-01-12,2.318525,2.185594,1.812300,1.685540
2018-01-16,2.320537,2.189230,1.809825,1.685176
2018-01-17,2.346781,2.206467,1.823987,1.698158
2018-01-18,2.349679,2.212629,1.819237,1.693903
2018-01-19,2.369251,2.235012,1.829970,1.703074
2018-01-22,2.390126,2.252044,1.846380,1.718093
2018-01-23,2.388916,2.240664,1.842303,1.710731
2018-01-24,2.381054,2.238402,1.845180,1.714257
2018-01-25,2.393851,2.250142,1.851241,1.720100
2018-01-26,2.420144,2.271618,1.865628,1.733139
2018-01-29,2.403752,2.249882,1.848244,1.714904
2018-01-30,2.365144,2.224588,1.828074,1.696866
2018-01-31,2.368503,2.216389,1.834702,1.700832
2018-02-01,2.357248,2.206838,1.832943,1.699864
2018-02-02,2.302353,2.155879,1.785506,1.658030
2018-02-05,2.173386,2.042037,1.702536,1.582330
2018-02-06,2.244784,2.099279,1.736847,1.609364
2018-02-07,2.241340,2.093455,1.724007,1.597607
2018-02-08,2.134321,2.008727,1.659132,1.539513
2018-02-09,2.204979,2.057157,1.694078,1.568538
2018-02-12,2.223498,2.080609,1.716247,1.589765
2018-02-13,2.242061,2.094940,1.725583,1.596921
2018-02-14,2.283757,2.119726,1.742065,1.607443
2018-02-15,2.305252,2.146095,1.763686,1.626652
2018-02-16,2.298799,2.144495,1.763165,1.628576
2018-02-20,2.299699,2.131776,1.751269,1.613909
2018-02-21,2.274669,2.107317,1.733112,1.596779
2018-02-22,2.287776,2.125305,1.740721,1.603712
2018-02-23,2.330075,2.155203,1.768671,1.627999
2018-02-26,2.354231,2.174117,1.786141,1.643418
2018-02-27,2.334511,2.156935,1.765573,1.624306
2018-02-28,2.289143,2.105613,1.736957,1.598350
2018-03-01,2.243251,2.069517,1.713744,1.580537
2018-03-02,2.245554,2.073711,1.720250,1.587398
2018-03-05,2.271320,2.100967,1.739190,1.604348
2018-03-06,2.283225,2.119674,1.746014,1.608447
2018-03-07,2.282382,2.111175,1.741808,1.604796
2018-03-08,2.288711,2.118986,1.753823,1.617126
2018-03-09,2.331867,2.149486,1.779491,1.638579
2018-03-12,2.324804,2.145093,1.776636,1.634530
2018-03-13,2.313445,2.139516,1.768084,1.628904
2018-03-14,2.301385,2.129104,1.753801,1.615237
2018-03-15,2.318958,2.142734,1.759830,1.619910
2018-03-16,2.325936,2.150525,1.764132,1.623364
2018-03-19,2.276928,2.110386,1.735700,1.599250
2018-03-20,2.303476,2.131856,1.742216,1.603142
2018-03-21,2.293029,2.114523,1.735392,1.596281
2018-03-22,2.210592,2.052814,1.689301,1.557182
2018-03-23,2.155833,2.008927,1.654542,1.527653
2018-03-26,2.245753,2.067658,1.702345,1.567303
2018-03-27,2.175439,2.029629,1.677385,1.551102
2018-03-28,2.164287,2.029103,1.675208,1.551406
2018-03-29,2.196061,2.051990,1.693232,1.565235
2018-04-02,2.147808,2.007751,1.660654,1.536273
2018-04-03,2.186983,2.045791,1.686272,1.560532
2018-04-04,2.216973,2.057498,1.704782,1.578119
2018-04-05,2.216832,2.062719,1.713090,1.585717
2018-04-06,2.160193,2.016996,1.677296,1.555093
2018-04-09,2.167648,2.017451,1.682920,1.559334
2018-04-10,2.226585,2.073681,1.716474,1.586963
2018-04-11,2.200916,2.061164,1.702283,1.574829
2018-04-12,2.243788,2.085864,1.722831,1.590039
2018-04-13,2.230403,2.087335,1.719938,1.589902
2018-04-16,2.253271,2.106615,1.736527,1.605446
2018-04-17,2.298597,2.130078,1.755627,1.621809
2018-04-18,2.294996,2.134834,1.752199,1.617101
2018-04-19,2.281712,2.104775,1.739107,1.604599
2018-04-20,2.268723,2.086917,1.724665,1.590814
2018-04-23,2.259372,2.077392,1.719732,1.588051
2018-04-24,2.222227,2.035239,1.697704,1.570139
2018-04-25,2.209974,2.035051,1.696072,1.569363
2018-04-26,2.247687,2.066738,1.715975,1.586122
2018-04-27,2.260413,2.051992,1.717236,1.589172
2018-04-30,2.230411,2.041207,1.699419,1.571584
2018-05-01,2.240606,2.045086,1.700058,1.569847
2018-05-02,2.219309,2.024526,1.687166,1.556034
2018-05-03,2.233451,2.037225,1.691743,1.559082
2018-05-04,2.262299,2.067379,1.712931,1.577607
2018-05-07,2.286503,2.093933,1.722661,1.582636
2018-05-08,2.284880,2.090751,1.719031,1.577376
2018-05-09,2.302519,2.123205,1.734642,1.589295
2018-05-10,2.331192,2.150805,1.756074,1.609172
2018-05-11,2.330575,2.150867,1.761105,1.616199
2018-05-14,2.340082,2.153334,1.764006,1.618063
2018-05-15,2.299146,2.124637,1.745992,1.603020
2018-05-16,2.301569,2.134224,1.749727,1.606236
2018-05-17,2.299917,2.131063,1.749635,1.607359
2018-05-18,2.299276,2.131032,1.746770,1.604884
2018-05-21,2.315524,2.148032,1.761189,1.618179
2018-05-22,2.304123,2.134145,1.755771,1.613506
2018-05-23,2.324211,2.154116,1.763500,1.619559
2018-05-24,2.313804,2.142155,1.753873,1.610612
2018-05-25,2.317392,2.138255,1.751324,1.608887
2018-05-29,2.292705,2.122754,1.730230,1.591663
2018-05-30,2.322344,2.155408,1.754273,1.613375
2018-05-31,2.301315,2.130120,1.735900,1.595897
2018-06-01,2.333827,2.151879,1.755249,1.612052
2018-06-04,2.359267,2.165723,1.764632,1.620291
2018-06-05,2.360890,2.163983,1.764082,1.619081
2018-06-06,2.379866,2.189017,1.783461,1.636368
2018-06-07,2.368982,2.198221,1.785725,1.640287
2018-06-08,2.372707,2.206429,1.791200,1.647200
2018-06-11,2.370988,2.209563,1.790694,1.647167
2018-06-12,2.378016,2.209125,1.790871,1.646854
2018-06-13,2.361683,2.190352,1.778161,1.634269
2018-06-14,2.373570,2.194353,1.779369,1.634928
2018-06-15,2.356419,2.185528,1.773164,1.632353
2018-06-18,2.355428,2.170222,1.764789,1.622586
2018-06-19,2.325091,2.146762,1.751991,1.614526
2018-06-20,2.336864,2.144757,1.750897,1.611982
2018-06-21,2.311799,2.126017,1.741561,1.605457
2018-06-22,2.305113,2.130455,1.747339,1.614078
2018-06-25,2.256324,2.087491,1.725367,1.598250
2018-06-26,2.259590,2.092063,1.727070,1.598809
2018-06-27,2.236964,2.076336,1.718716,1.592542
2018-06-28,2.255393,2.099704,1.734513,1.606440
2018-06-29,2.250796,2.088796,1.732944,1.606306
2018-07-02,2.263435,2.100761,1.739893,1.610726
2018-07-03,2.251968,2.085890,1.731565,1.606182
2018-07-05,2.286494,2.117136,1.752655,1.626204
2018-07-06,2.304326,2.125487,1.762657,1.634319
2018-07-09,2.318600,2.148224,1.778034,1.644279
2018-07-10,2.334859,2.170023,1.789790,1.657047
2018-07-11,2.312106,2.139317,1.770687,1.640872
2018-07-12,2.338230,2.155977,1.786326,1.653146
2018-07-13,2.342212,2.164964,1.788864,1.655505
2018-07-16,2.326425,2.150246,1.788401,1.654261
2018-07-17,2.327036,2.155221,1.794025,1.659785
2018-07-18,2.325251,2.164407,1.792513,1.657668
2018-07-19,2.317961,2.155682,1.784739,1.650375
2018-07-20,2.313715,2.145276,1.787994,1.653106
2018-07-23,2.319375,2.139434,1.790015,1.654127
2018-07-24,2.324128,2.154439,1.804055,1.668091
2018-07-25,2.358955,2.177529,1.822698,1.683945
2018-07-26,2.378553,2.196707,1.833488,1.694414
2018-07-27,2.363896,2.185962,1.829196,1.692167
2018-07-30,2.333189,2.159253,1.818188,1.684463
2018-07-31,2.346282,2.173057,1.825019,1.690611
2018-08-01,2.345097,2.191411,1.823555,1.689118
2018-08-02,2.358089,2.214557,1.828479,1.692997
2018-08-03,2.373576,2.225069,1.837431,1.701667
2018-08-06,2.376400,2.229635,1.836199,1.700130
2018-08-07,2.385050,2.232822,1.841385,1.703205
2018-08-08,2.387715,2.231643,1.837864,1.699740
2018-08-09,2.385843,2.235470,1.833762,1.696915
2018-08-10,2.366747,2.226219,1.819036,1.684382
2018-08-13,2.363123,2.225663,1.811474,1.677677
2018-08-14,2.379071,2.238574,1.821053,1.684961
2018-08-15,2.363053,2.233850,1.814547,1.681640
2018-08-16,2.383716,2.255546,1.835193,1.701298
2018-08-17,2.379160,2.256965,1.843679,1.711665
2018-08-20,2.387850,2.257460,1.849284,1.716989
2018-08-21,2.379052,2.258322,1.849566,1.714896
2018-08-22,2.393602,2.262029,1.848008,1.710488
2018-08-23,2.396265,2.264048,1.845357,1.707983
2018-08-24,2.429359,2.277842,1.857445,1.718427
2018-08-27,2.451796,2.293705,1.876404,1.732966
2018-08-28,2.462487,2.295650,1.878766,1.734724
2018-08-29,2.478825,2.308452,1.886088,1.740344
2018-08-30,2.469218,2.306593,1.878605,1.734023
2018-08-31,2.477134,2.307234,1.877191,1.731382
2018-09-04,2.471576,2.297294,1.872017,1.725591
2018-09-05,2.457676,2.313454,1.877476,1.733815
2018-09-06,2.453667,2.315054,1.875904,1.734274
2018-09-07,2.439754,2.306776,1.869082,1.727968
2018-09-10,2.435258,2.299314,1.868663,1.727549
2018-09-11,2.449094,2.314965,1.877541,1.735917
2018-09-12,2.446890,2.324660,1.878848,1.739298
2018-09-13,2.475874,2.336202,1.892889,1.751045
2018-09-14,2.484263,2.332155,1.892494,1.750023
2018-09-17,2.470415,2.331209,1.891891,1.751069
2018-09-18,2.466801,2.324115,1.892795,1.750533
2018-09-19,2.462428,2.321094,1.905468,1.759198
2018-09-20,2.476942,2.344834,1.922375,1.776341
2018-09-21,2.476383,2.349117,1.922935,1.778322
2018-09-24,2.472146,2.333397,1.910595,1.765093
2018-09-25,2.465940,2.314312,1.903734,1.756433
2018-09-26,2.454665,2.312516,1.895377,1.750349
2018-09-27,2.466838,2.324460,1.899058,1.754158
2018-09-28,2.502163,2.327946,1.904071,1.757768
2018-10-01,2.529441,2.345519,1.923700,1.774402
2018-10-02,2.528794,2.363265,1.929964,1.781200
2018-10-03,2.531779,2.362472,1.928440,1.776490
2018-10-04,2.498091,2.353347,1.915181,1.766054
2018-10-05,2.470176,2.345887,1.901197,1.756453
2018-10-08,2.462206,2.349042,1.904187,1.761174
2018-10-09,2.463573,2.358309,1.899722,1.758516
2018-10-10,2.360515,2.303314,1.842662,1.712099
2018-10-11,2.300956,2.251173,1.798438,1.670412
2018-10-12,2.346422,2.271463,1.817625,1.685243
2018-10-15,2.318484,2.266288,1.809981,1.681655
2018-10-16,2.388939,2.312281,1.847939,1.714272
2018-10-17,2.368894,2.315049,1.848331,1.716197
2018-10-18,2.338919,2.298881,1.831640,1.703732
2018-10-19,2.310020,2.342811,1.836181,1.715539
2018-10-22,2.304875,2.331495,1.831131,1.710417
2018-10-23,2.265141,2.358544,1.816533,1.704719
2018-10-24,2.162071,2.333195,1.770334,1.672651
2018-10-25,2.229477,2.352839,1.800204,1.694864
2018-10-26,2.181376,2.314502,1.773691,1.670766
2018-10-29,2.138546,2.318440,1.766398,1.668662
2018-10-30,2.195230,2.351718,1.800846,1.698669
2018-10-31,2.234061,2.364149,1.821682,1.712639
2018-11-01,2.248349,2.367924,1.829125,1.716970
2018-11-02,2.229546,2.348732,1.823583,1.713487
2018-11-05,2.230254,2.353719,1.830777,1.722844
2018-11-06,2.240103,2.362713,1.843728,1.734842
2018-11-07,2.292216,2.411606,1.877185,1.763230
2018-11-08,2.282193,2.409160,1.869500,1.759274
2018-11-09,2.274225,2.399489,1.854376,1.749903
2018-11-12,2.214405,2.349373,1.815651,1.722757
2018-11-13,2.227374,2.355946,1.814997,1.719491
2018-11-14,2.204316,2.333604,1.797867,1.705603
2018-11-15,2.226287,2.360560,1.817226,1.720131
2018-11-16,2.157578,2.340875,1.806472,1.721685
2018-11-19,2.087308,2.277399,1.778276,1.704564
2018-11-20,2.065834,2.233529,1.743607,1.670601
2018-11-21,2.043451,2.226170,1.738172,1.663890
2018-11-23,2.039745,2.215782,1.725370,1.653141
2018-11-26,2.080430,2.257573,1.750303,1.671931
2018-11-27,2.101364,2.282086,1.756697,1.680318
2018-11-28,2.157078,2.329465,1.793972,1.711061
2018-11-29,2.144471,2.315907,1.789033,1.707112
2018-11-30,2.167715,2.339850,1.806743,1.724226
2018-12-03,2.186056,2.347012,1.826172,1.735820
2018-12-04,2.117026,2.281721,1.770322,1.692919
2018-12-06,2.122750,2.280975,1.763042,1.686496
2018-12-07,2.059084,2.222250,1.720830,1.652364
2018-12-10,2.072142,2.237907,1.725230,1.655396
2018-12-11,2.074003,2.235596,1.725014,1.658307
2018-12-12,2.070574,2.224414,1.726481,1.657062
2018-12-13,2.077735,2.238825,1.733616,1.665565
2018-12-14,2.021061,2.208306,1.701073,1.633437
2018-12-17,1.967059,2.153058,1.663817,1.596044
2018-12-18,1.974171,2.170551,1.668213,1.598026
2018-12-19,1.935972,2.134648,1.640916,1.574846
2018-12-20,1.902947,2.102934,1.616267,1.552286
2018-12-21,1.867148,2.049699,1.587145,1.529638
2018-12-24,1.806077,1.985259,1.534923,1.477264
2018-12-26,1.882261,2.071070,1.599350,1.535341
2018-12-27,1.891102,2.087091,1.613566,1.550458
2018-12-28,1.896831,2.081352,1.609558,1.545903
2018-12-31,1.915090,2.107626,1.623601,1.559324
2019-01-02,1.909624,2.096298,1.623957,1.556660
2019-01-03,1.851166,2.033103,1.581174,1.522273
2019-01-04,1.909263,2.086747,1.630220,1.564217
2019-01-07,1.933523,2.084424,1.637624,1.567956
2019-01-08,1.949574,2.115027,1.652438,1.585107
2019-01-09,1.957671,2.109934,1.654917,1.583132
2019-01-10,1.980995,2.118650,1.667581,1.594979
2019-01-11,1.992218,2.118820,1.669153,1.596812
2019-01-14,1.991565,2.105284,1.666096,1.592667
2019-01-15,2.008105,2.133739,1.679835,1.606201
2019-01-16,2.008397,2.125675,1.690028,1.610967
2019-01-17,2.019400,2.131307,1.700890,1.619242
2019-01-18,2.058947,2.151001,1.726594,1.641570
2019-01-22,2.024085,2.127861,1.701284,1.622292
2019-01-23,2.031470,2.163413,1.709879,1.633777
2019-01-24,2.045624,2.146043,1.709582,1.628877
2019-01-25,2.063619,2.155172,1.725039,1.639530
2019-01-28,1.960801,2.129561,1.689327,1.616000
2019-01-29,1.935738,2.105527,1.686374,1.614622
2019-01-30,1.979104,2.161000,1.718020,1.641486
2019-01-31,2.007434,2.176689,1.730567,1.654093
2019-02-01,2.010685,2.165709,1.736267,1.661685
2019-02-04,2.022385,2.186016,1.746559,1.668694
2019-02-05,2.025255,2.196695,1.753438,1.673819
2019-02-06,2.030685,2.189175,1.751425,1.671788
2019-02-07,2.010476,2.169890,1.734800,1.659258
2019-02-08,2.002079,2.177189,1.734276,1.659527
2019-02-11,1.991122,2.176911,1.730523,1.657212
2019-02-12,2.029588,2.208291,1.757924,1.680487
2019-02-13,2.037235,2.213473,1.762966,1.684975
2019-02-14,2.039255,2.179252,1.749264,1.665869
2019-02-15,2.073881,2.207643,1.774868,1.687606
2019-02-19,2.071124,2.208072,1.774980,1.688467
2019-02-20,2.077415,2.224110,1.783070,1.694397
2019-02-21,2.070684,2.235299,1.781169,1.695051
2019-02-22,2.085799,2.249423,1.791637,1.703727
2019-02-25,2.086239,2.254399,1.796232,1.705768
2019-02-26,2.071693,2.241940,1.790022,1.701015
2019-02-27,2.042886,2.243060,1.784309,1.695600
2019-02-28,2.019858,2.237475,1.774359,1.688313
2019-03-01,2.026303,2.247869,1.781343,1.694283
2019-03-04,2.011350,2.233675,1.776413,1.689630
2019-03-05,2.017696,2.239307,1.776389,1.690205
2019-03-06,2.002885,2.216908,1.765318,1.681548
2019-03-07,1.981700,2.200234,1.753691,1.672977
2019-03-08,1.991755,2.197454,1.754886,1.672973
2019-03-11,2.041887,2.251273,1.788304,1.702378
2019-03-12,2.054960,2.256826,1.795087,1.708217
2019-03-13,2.087704,2.287672,1.813111,1.723687
2019-03-14,2.086720,2.286243,1.812979,1.723955
2019-03-15,2.101660,2.287049,1.820778,1.729587
2019-03-18,2.106685,2.293510,1.827549,1.734107
2019-03-19,2.118382,2.306634,1.830553,1.735331
2019-03-20,2.101755,2.288137,1.821462,1.728293
2019-03-21,2.128474,2.313112,1.841120,1.743714
2019-03-22,2.074966,2.286031,1.809784,1.720668
2019-03-25,2.065816,2.289085,1.806596,1.718924
2019-03-26,2.078342,2.301826,1.820145,1.732646
2019-03-27,2.065278,2.295471,1.814677,1.728017
2019-03-28,2.079836,2.297228,1.821720,1.732717
2019-03-29,2.099025,2.324610,1.835443,1.744215
2019-04-01,2.117691,2.350809,1.852239,1.756054
2019-04-02,2.125043,2.354482,1.854275,1.756524
2019-04-03,2.142290,2.364207,1.862958,1.761861
2019-04-04,2.143478,2.372650,1.867816,1.766217
2019-04-05,2.153787,2.379261,1.874669,1.771885
2019-04-08,2.157448,2.382842,1.879965,1.777199
2019-04-09,2.144079,2.362197,1.866378,1.766408
2019-04-10,2.156614,2.372574,1.871413,1.769561
2019-04-11,2.140113,2.356661,1.867187,1.765618
2019-04-12,2.138140,2.357884,1.873946,1.770949
2019-04-15,2.133625,2.347589,1.867256,1.768200
2019-04-16,2.121349,2.340073,1.870708,1.770151
2019-04-17,2.122135,2.348813,1.877414,1.774584
2019-04-18,2.140240,2.364442,1.888008,1.784881
2019-04-22,2.152812,2.368192,1.892462,1.789029
2019-04-23,2.173477,2.371508,1.902682,1.796699
2019-04-24,2.179183,2.354050,1.892934,1.789113
2019-04-25,2.185434,2.348045,1.888574,1.784737
2019-04-26,2.190551,2.381917,1.898242,1.797618
2019-04-29,2.193305,2.387692,1.900183,1.798002
2019-04-30,2.200917,2.391201,1.908394,1.807731
2019-05-01,2.194816,2.370082,1.899602,1.798081
2019-05-02,2.187918,2.356279,1.895184,1.794337
2019-05-03,2.204602,2.372870,1.910538,1.807462
2019-05-06,2.194501,2.373564,1.900696,1.799798
2019-05-07,2.147857,2.339106,1.867323,1.771565
2019-05-08,2.149037,2.337435,1.866603,1.771145
2019-05-09,2.139693,2.327557,1.856714,1.762527
2019-05-10,2.152430,2.346717,1.871906,1.779273
2019-05-13,2.098005,2.308188,1.829784,1.747655
2019-05-14,2.111819,2.311486,1.840013,1.754873
2019-05-15,2.119723,2.318335,1.846617,1.762977
2019-05-16,2.143674,2.328122,1.864263,1.780368
2019-05-17,2.132557,2.317937,1.856015,1.775440
2019-05-20,2.113455,2.320885,1.844614,1.767692
2019-05-21,2.133649,2.345180,1.859928,1.779081
2019-05-22,2.123451,2.331891,1.852807,1.775841
2019-05-23,2.095842,2.305653,1.831703,1.759420
2019-05-24,2.090752,2.307590,1.833663,1.761561
2019-05-28,2.066764,2.268758,1.809632,1.737804
2019-05-29,2.048206,2.256017,1.792651,1.720928
2019-05-30,2.049358,2.255920,1.794052,1.722858
2019-05-31,2.024238,2.217666,1.766624,1.696891
2019-06-03,2.018700,2.244687,1.777049,1.711379
2019-06-04,2.060626,2.268385,1.812885,1.739536
2019-06-05,2.089895,2.292472,1.828712,1.757075
2019-06-06,2.107739,2.312121,1.847589,1.774969
2019-06-07,2.132132,2.330082,1.864361,1.789487
2019-06-10,2.145962,2.328898,1.873761,1.794691
2019-06-11,2.147315,2.339164,1.881683,1.801542
2019-06-12,2.138670,2.344589,1.876309,1.800469
2019-06-13,2.153877,2.358058,1.884790,1.808039
2019-06-14,2.154906,2.359567,1.883017,1.808611
2019-06-17,2.158442,2.361670,1.881846,1.806285
2019-06-18,2.175631,2.370548,1.903184,1.819709
2019-06-19,2.185742,2.378953,1.907133,1.824723
2019-06-20,2.196412,2.401871,1.921327,1.837947
2019-06-21,2.193155,2.401383,1.919165,1.836772
2019-06-24,2.189724,2.403433,1.922564,1.840503
2019-06-25,2.162501,2.390945,1.907908,1.828126
2019-06-26,2.151524,2.369996,1.906166,1.819132
2019-06-27,2.166647,2.372419,1.912850,1.823635
2019-06-28,2.176257,2.378130,1.920360,1.828958
2019-07-01,2.195509,2.379656,1.933233,1.839938
2019-07-02,2.208431,2.384252,1.938788,1.848959
2019-07-03,2.222651,2.407706,1.950703,1.861743
2019-07-05,2.219039,2.398016,1.946003,1.857541
2019-07-08,2.211760,2.402375,1.937925,1.852146
2019-07-09,2.209924,2.392040,1.934571,1.847220
2019-07-10,2.222163,2.398817,1.941916,1.854605
2019-07-11,2.234419,2.416112,1.956975,1.865428
2019-07-12,2.243971,2.420318,1.966163,1.871058
2019-07-15,2.240182,2.425606,1.964569,1.869901
2019-07-16,2.243497,2.408243,1.962201,1.867737
2019-07-17,2.238493,2.391082,1.951228,1.857806
2019-07-18,2.246524,2.381473,1.956367,1.862301
2019-07-19,2.227334,2.376603,1.943103,1.848084
2019-07-22,2.243199,2.364065,1.946552,1.848467
2019-07-23,2.266814,2.370568,1.971691,1.871925
2019-07-24,2.262373,2.344516,1.964676,1.865009
2019-07-25,2.241893,2.356006,1.954876,1.856998
2019-07-26,2.260642,2.362060,1.967568,1.871123
2019-07-29,2.263011,2.386251,1.974399,1.878459
2019-07-30,2.260396,2.393921,1.971100,1.876734
2019-07-31,2.223254,2.355954,1.941086,1.847772
2019-08-01,2.205222,2.335955,1.914916,1.825633
2019-08-02,2.192362,2.328135,1.902207,1.817230
2019-08-05,2.126549,2.305592,1.853038,1.775325
2019-08-06,2.152286,2.312995,1.871448,1.792246
2019-08-07,2.152843,2.313314,1.872937,1.794678
2019-08-08,2.191622,2.346803,1.903245,1.822719
2019-08-09,2.181235,2.334211,1.890305,1.812506
2019-08-12,2.156323,2.323649,1.870808,1.796347
2019-08-13,2.194356,2.350026,1.900810,1.822283
2019-08-14,2.132416,2.285501,1.847319,1.775141
2019-08-15,2.141173,2.293938,1.852709,1.783007
2019-08-16,2.180833,2.317725,1.885245,1.810087
2019-08-19,2.206876,2.334142,1.910105,1.829727
2019-08-20,2.182155,2.309215,1.888379,1.808351
2019-08-21,2.195834,2.323450,1.901532,1.819635
2019-08-22,2.190222,2.312983,1.899650,1.818461
2019-08-23,2.133353,2.263005,1.846642,1.771891
2019-08-26,2.158299,2.280180,1.865993,1.790451
2019-08-27,2.144663,2.278997,1.856827,1.785065
2019-08-28,2.159863,2.291439,1.870300,1.798515
2019-08-29,2.190543,2.307005,1.896264,1.818648
2019-08-30,2.193779,2.316505,1.902168,1.823327
2019-09-03,2.183144,2.312681,1.888989,1.815016
2019-09-04,2.202700,2.321689,1.908237,1.831426
2019-09-05,2.223874,2.336155,1.934195,1.848621
2019-09-06,2.222659,2.339869,1.937054,1.852497
2019-09-09,2.225861,2.340511,1.941308,1.852410
2019-09-10,2.217323,2.353919,1.952723,1.860966
2019-09-11,2.228846,2.374586,1.968484,1.875128
2019-09-12,2.243899,2.370766,1.973378,1.880939
2019-09-13,2.250513,2.379713,1.975470,1.882378
2019-09-16,2.240185,2.373913,1.965278,1.872399
2019-09-17,2.251788,2.374509,1.970685,1.878661
2019-09-18,2.255903,2.372518,1.972690,1.880691
2019-09-19,2.265349,2.373541,1.970782,1.880577
2019-09-20,2.252345,2.375959,1.961448,1.874686
2019-09-23,2.252374,2.372788,1.961830,1.874852
2019-09-24,2.234304,2.358177,1.944259,1.861474
2019-09-25,2.245937,2.351359,1.954605,1.867421
2019-09-26,2.243136,2.332109,1.948321,1.862828
2019-09-27,2.235366,2.333737,1.943134,1.860068
2019-09-30,2.244720,2.337630,1.949866,1.865097
2019-10-01,2.220476,2.327022,1.926327,1.844677
2019-10-02,2.181576,2.298672,1.896192,1.815648
2019-10-03,2.197434,2.311293,1.909187,1.826121
2019-10-04,2.232909,2.347738,1.937355,1.853665
2019-10-07,2.223807,2.333583,1.933887,1.848745
2019-10-08,2.192250,2.310032,1.902585,1.821546
2019-10-09,2.215001,2.318815,1.916710,1.832801
2019-10-10,2.231028,2.325038,1.935146,1.847653
2019-10-11,2.243876,2.323834,1.957445,1.864036
2019-10-14,2.240526,2.317744,1.954654,1.860454
2019-10-15,2.268539,2.361217,1.988614,1.888423
2019-10-16,2.264728,2.359048,1.984864,1.886258
2019-10-17,2.267739,2.376504,1.995226,1.896095
2019-10-18,2.268773,2.371034,1.985628,1.889313
2019-10-21,2.295073,2.379514,2.004343,1.903641
2019-10-22,2.302569,2.404251,2.010100,1.910466
2019-10-23,2.319930,2.419770,2.023485,1.923712
2019-10-24,2.335174,2.411926,2.022497,1.922026
2019-10-25,2.333363,2.397381,2.035817,1.927245
2019-10-28,2.329699,2.381354,2.039644,1.927209
2019-10-29,2.326695,2.392264,2.039002,1.928324
2019-10-30,2.341171,2.416477,2.048643,1.940149
2019-10-31,2.337228,2.412877,2.040053,1.933527
2019-11-01,2.351167,2.417073,2.060420,1.947435
2019-11-04,2.345254,2.406199,2.071131,1.949930
2019-11-05,2.333915,2.396271,2.065957,1.944168
2019-11-06,2.347553,2.406848,2.068600,1.949569
2019-11-07,2.355395,2.410847,2.081104,1.959082
2019-11-08,2.362752,2.393715,2.081559,1.957906
2019-11-11,2.360668,2.388336,2.075319,1.951644
2019-11-12,2.359275,2.375111,2.074653,1.949823
2019-11-13,2.370628,2.389772,2.077248,1.954788
2019-11-14,2.380115,2.394900,2.078859,1.956560
2019-11-15,2.404743,2.401426,2.097370,1.975178
2019-11-18,2.422985,2.411697,2.105043,1.981201
2019-11-19,2.427142,2.409849,2.101385,1.979428
2019-11-20,2.426429,2.420238,2.098884,1.978321
2019-11-21,2.416540,2.418883,2.099950,1.978168
2019-11-22,2.417883,2.417806,2.103641,1.981351
2019-11-25,2.437870,2.419996,2.121957,1.993330
2019-11-26,2.451461,2.440862,2.125930,2.000961
2019-11-27,2.455498,2.441476,2.130960,2.004913
2019-11-29,2.446656,2.433235,2.123866,1.999143
2019-12-02,2.426529,2.423978,2.103381,1.984514
2019-12-03,2.418737,2.419317,2.090127,1.975346
2019-12-04,2.438817,2.441160,2.108773,1.993448
2019-12-05,2.450802,2.451733,2.116181,1.999825
2019-12-06,2.467217,2.466656,2.137595,2.016872
2019-12-09,2.459043,2.456963,2.130382,2.010730
2019-12-10,2.458103,2.455620,2.128983,2.008042
2019-12-11,2.459055,2.456066,2.135801,2.012833
2019-12-12,2.470857,2.459393,2.159783,2.031150
2019-12-13,2.481339,2.466529,2.157791,2.029570
2019-12-16,2.497740,2.478398,2.170488,2.040475
2019-12-17,2.488846,2.476865,2.174786,2.043045
2019-12-18,2.486924,2.463866,2.170582,2.037084
2019-12-19,2.494745,2.469569,2.178461,2.044322
2019-12-20,2.504846,2.489276,2.192981,2.058263
2019-12-23,2.509309,2.487711,2.195125,2.058710
2019-12-24,2.512503,2.488117,2.193470,2.057120
2019-12-26,2.532161,2.504445,2.204679,2.066512
2019-12-27,2.538053,2.513861,2.205079,2.068665
2019-12-30,2.527882,2.507309,2.194455,2.059382
2019-12-31,2.536889,2.516855,2.202888,2.066626
2020-01-02,2.543126,2.515494,2.217627,2.074453
2020-01-03,2.521924,2.502953,2.194531,2.054769
2020-01-06,2.526804,2.497586,2.197436,2.056481
2020-01-07,2.512826,2.480922,2.188247,2.046571
2020-01-08,2.542304,2.486676,2.201667,2.057468
2020-01-09,2.566324,2.500099,2.217781,2.071948
2020-01-10,2.569111,2.501880,2.215686,2.070772
2020-01-13,2.596734,2.532216,2.237216,2.089026
2020-01-14,2.579223,2.521567,2.229236,2.082862
2020-01-15,2.602787,2.537922,2.236640,2.092796
2020-01-16,2.630650,2.554143,2.257747,2.110227
2020-01-17,2.644551,2.568014,2.266456,2.118421
2020-01-21,2.641993,2.566834,2.256442,2.111800
2020-01-22,2.634358,2.558964,2.251013,2.107382
2020-01-23,2.642503,2.565174,2.253460,2.109264
2020-01-24,2.632656,2.554391,2.235058,2.094635
2020-01-27,2.589131,2.531903,2.196251,2.064701
2020-01-28,2.623364,2.548122,2.221440,2.083751
2020-01-29,2.640165,2.539078,2.218655,2.080103
2020-01-30,2.656118,2.559170,2.234049,2.095633
2020-01-31,2.586806,2.510577,2.178762,2.049102
2020-02-03,2.599684,2.486572,2.181995,2.049305
2020-02-04,2.651217,2.503731,2.216973,2.077107
2020-02-05,2.662279,2.555363,2.251011,2.107297
2020-02-06,2.682228,2.549869,2.253696,2.108752
2020-02-07,2.671405,2.539601,2.236641,2.096045
2020-02-10,2.701071,2.543165,2.253295,2.108436
2020-02-11,2.689662,2.536623,2.255143,2.106807
2020-02-12,2.708576,2.549588,2.274705,2.120224
2020-02-13,2.708157,2.553564,2.274001,2.121539
2020-02-14,2.724671,2.553848,2.285262,2.128807
2020-02-18,2.719755,2.532339,2.276661,2.118759
2020-02-19,2.729851,2.548878,2.297570,2.133256
2020-02-20,2.722892,2.547116,2.286085,2.126108
2020-02-21,2.695635,2.538686,2.265950,2.114321
2020-02-24,2.591724,2.460353,2.181468,2.042380
2020-02-25,2.517718,2.385250,2.112773,1.981922
2020-02-26,2.525666,2.367925,2.111903,1.977935
2020-02-27,2.379895,2.254289,2.008575,1.883012
2020-02-28,2.363313,2.251497,2.003194,1.869750
2020-03-02,2.492915,2.357926,2.096411,1.957927
2020-03-03,2.449454,2.306347,2.041617,1.911876
2020-03-04,2.573281,2.408702,2.138032,2.003154
2020-03-05,2.479008,2.326601,2.063189,1.935879
2020-03-06,2.408916,2.268898,2.018996,1.896485
2020-03-09,2.221637,2.088991,1.852349,1.751189
2020-03-10,2.321220,2.169869,1.933174,1.822598
2020-03-11,2.218942,2.059355,1.840308,1.734902
2020-03-12,2.016809,1.875344,1.662497,1.573408
2020-03-13,2.217584,2.019831,1.825341,1.719104
2020-03-16,1.912230,1.825289,1.608146,1.530062
2020-03-17,2.033010,1.945659,1.703490,1.620325
2020-03-18,1.941451,1.839500,1.607547,1.535609
2020-03-19,1.891671,1.792134,1.600180,1.514419
2020-03-20,1.803403,1.692576,1.517502,1.434289
2020-03-23,1.783303,1.626593,1.470185,1.385916
2020-03-24,1.942838,1.754975,1.610409,1.505891
2020-03-25,1.972595,1.800150,1.642988,1.537443
2020-03-26,2.094179,1.908850,1.742446,1.632118
2020-03-27,2.038272,1.862714,1.685870,1.584692
2020-03-30,2.138901,1.935281,1.753210,1.648779
2020-03-31,2.101384,1.899895,1.731688,1.624553
2020-04-01,1.966771,1.850829,1.652534,1.556170
2020-04-02,2.022296,1.930371,1.710559,1.612022
2020-04-03,1.980116,1.910091,1.677169,1.584837
2020-04-06,2.140278,1.992829,1.780952,1.677401
2020-04-07,2.128841,1.983576,1.782750,1.677734
2020-04-08,2.196882,2.049296,1.852224,1.740365
2020-04-09,2.226689,2.058341,1.875125,1.760551
2020-04-13,2.212194,2.015981,1.837554,1.724727
2020-04-14,2.300063,2.072704,1.883796,1.769900
2020-04-15,2.252796,2.029411,1.848268,1.736663
2020-04-16,2.303666,2.020127,1.861423,1.747074
2020-04-17,2.320930,2.090741,1.909640,1.792431
2020-04-20,2.277487,2.040677,1.866757,1.753181
2020-04-21,2.205067,2.002808,1.816487,1.709888
2020-04-22,2.258761,2.027920,1.845496,1.734948
2020-04-23,2.241099,2.041481,1.852002,1.740580
2020-04-24,2.282729,2.047722,1.872554,1.757376
2020-04-27,2.312400,2.066696,1.899749,1.779967
2020-04-28,2.278320,2.072434,1.894070,1.775185
2020-04-29,2.330118,2.101406,1.929430,1.804332
2020-04-30,2.319858,2.070019,1.906202,1.783051
2020-05-01,2.269780,2.029230,1.854632,1.738635
2020-05-04,2.293718,2.004452,1.859865,1.740861
2020-05-05,2.313902,2.009971,1.871755,1.751267
2020-05-06,2.314139,1.976461,1.853948,1.732041
2020-05-07,2.334170,1.974652,1.865830,1.740421
2020-05-08,2.382602,2.033321,1.909531,1.781921
2020-05-11,2.397313,2.001418,1.898775,1.770350
2020-05-12,2.336385,1.951109,1.852458,1.729712
2020-05-13,2.309913,1.912983,1.815381,1.696638
2020-05-14,2.333292,1.937720,1.842382,1.717845
2020-05-15,2.354660,1.929114,1.848384,1.721767
2020-05-18,2.409415,2.011634,1.918091,1.783307
2020-05-19,2.378943,1.964464,1.884345,1.750338
2020-05-20,2.413633,2.003144,1.919004,1.779869
2020-05-21,2.387088,1.988458,1.900035,1.762746
2020-05-22,2.409502,1.990738,1.904085,1.765411
2020-05-26,2.399463,2.039683,1.941374,1.797549
2020-05-27,2.410776,2.088330,1.977342,1.829544
2020-05-28,2.421638,2.095207,1.976229,1.832656
2020-05-29,2.451432,2.092034,1.980479,1.837875
2020-06-01,2.453002,2.098171,1.990546,1.844323
2020-06-02,2.476167,2.122699,2.011108,1.862792
2020-06-03,2.492385,2.166755,2.047519,1.894812
2020-06-04,2.460199,2.166966,2.041093,1.887618
2020-06-05,2.516887,2.236906,2.102703,1.941279
2020-06-08,2.530225,2.269522,2.117677,1.955032
2020-06-09,2.551082,2.237330,2.103638,1.940793
2020-06-10,2.586495,2.205474,2.093964,1.932723
2020-06-11,2.454855,2.074153,1.958718,1.814742
2020-06-12,2.485441,2.094830,1.986389,1.837534
2020-06-15,2.501798,2.107676,2.003079,1.850413
2020-06-16,2.549479,2.144617,2.041168,1.885478
2020-06-17,2.550988,2.120191,2.028201,1.873634
2020-06-18,2.550854,2.130291,2.027582,1.874564
2020-06-19,2.524082,2.102169,2.009262,1.857012
2020-06-22,2.557385,2.094853,2.018152,1.861812
2020-06-23,2.561315,2.092605,2.024141,1.865254
2020-06-24,2.510205,2.035607,1.969239,1.816602
2020-06-25,2.547432,2.065295,2.005891,1.846681
2020-06-26,2.485234,1.999229,1.943404,1.792857
2020-06-29,2.528225,2.042654,1.977370,1.825444
2020-06-30,2.572243,2.065016,2.005582,1.849827
2020-07-01,2.577053,2.051001,2.006442,1.850181
2020-07-02,2.596311,2.059825,2.019459,1.861830
2020-07-06,2.638111,2.081526,2.052754,1.889720
2020-07-07,2.630280,2.063577,2.029847,1.871658
2020-07-08,2.664831,2.068402,2.046994,1.885057
2020-07-09,2.670019,2.026428,2.024602,1.863434
2020-07-10,2.682357,2.067037,2.051219,1.886927
2020-07-13,2.650996,2.079119,2.053590,1.890648
2020-07-14,2.693424,2.116406,2.096435,1.928429
2020-07-15,2.693141,2.126924,2.107495,1.937616
2020-07-16,2.681092,2.130674,2.102740,1.935579
2020-07-17,2.694891,2.131181,2.107687,1.942386
2020-07-20,2.727584,2.109558,2.105502,1.937963
2020-07-21,2.715205,2.144553,2.122543,1.953791
2020-07-22,2.732068,2.146270,2.126219,1.958662
2020-07-23,2.679462,2.147017,2.106074,1.943688
2020-07-24,2.683956,2.147678,2.100627,1.940285
2020-07-27,2.715600,2.148865,2.116134,1.952487
2020-07-28,2.704193,2.148225,2.108857,1.948448
2020-07-29,2.731999,2.156300,2.135051,1.968952
2020-07-30,2.746089,2.130719,2.115284,1.953474
2020-07-31,2.808716,2.125679,2.124011,1.960434
2020-08-03,2.854592,2.128819,2.136897,1.969043
2020-08-04,2.865602,2.155389,2.148265,1.980428
2020-08-05,2.873317,2.171447,2.168906,1.997009
2020-08-06,2.896704,2.174374,2.176662,2.003237
2020-08-07,2.874556,2.180019,2.182729,2.010262
2020-08-10,2.866739,2.193558,2.197902,2.022851
2020-08-11,2.822302,2.194032,2.186444,2.012318
2020-08-12,2.887616,2.221855,2.217852,2.039453
2020-08-13,2.898337,2.208957,2.208874,2.031805
2020-08-14,2.895155,2.217357,2.211783,2.034229
2020-08-17,2.912175,2.228984,2.211433,2.033125
2020-08-18,2.920077,2.224163,2.207239,2.031858
2020-08-19,2.908292,2.205256,2.196899,2.021855
2020-08-20,2.936673,2.192918,2.198564,2.024045
2020-08-21,2.968769,2.205998,2.214813,2.036643
2020-08-24,2.992937,2.241889,2.238428,2.057551
2020-08-25,3.000695,2.228882,2.240781,2.059404
2020-08-26,3.023255,2.221395,2.242268,2.060713
2020-08-27,3.025882,2.220828,2.252656,2.068854
2020-08-28,3.046370,2.264511,2.274290,2.087582
2020-08-31,3.047092,2.250546,2.262145,2.076758
2020-09-01,3.103339,2.287321,2.279034,2.088191
2020-09-02,3.142258,2.323205,2.321641,2.127909
2020-09-03,2.979865,2.215069,2.251690,2.070315
2020-09-04,2.952715,2.207549,2.247483,2.066796
2020-09-08,2.836685,2.118544,2.186682,2.016133
2020-09-09,2.932272,2.179727,2.229871,2.052200
2020-09-10,2.867717,2.135205,2.191351,2.019041
2020-09-11,2.866020,2.140412,2.201698,2.030116
2020-09-14,2.912429,2.181513,2.227285,2.050741
2020-09-15,2.925862,2.177896,2.219949,2.046425
2020-09-16,2.875671,2.153456,2.215627,2.042458
2020-09-17,2.862688,2.142227,2.205180,2.034168
2020-09-18,2.818148,2.107234,2.187368,2.020153
2020-09-21,2.826367,2.095213,2.151723,1.985594
2020-09-22,2.857285,2.102335,2.158705,1.992496
2020-09-23,2.776932,2.035223,2.106413,1.947412
2020-09-24,2.802503,2.052491,2.123243,1.961254
2020-09-25,2.848923,2.086069,2.152371,1.984907
2020-09-28,2.882871,2.123778,2.182773,2.010398
2020-09-29,2.872236,2.114203,2.171906,2.000355
2020-09-30,2.909264,2.139489,2.197543,2.022533
2020-10-01,2.913218,2.125896,2.189500,2.014790
2020-10-02,2.853664,2.098950,2.180712,2.007674
2020-10-05,2.911854,2.147429,2.218604,2.039086
2020-10-06,2.879292,2.124897,2.196828,2.019775
2020-10-07,2.923816,2.157478,2.231450,2.049412
2020-10-08,2.924853,2.188480,2.253662,2.069436
2020-10-09,2.957145,2.191697,2.267196,2.082557
2020-10-12,3.030054,2.236698,2.302779,2.111270
2020-10-13,3.008031,2.202557,2.277894,2.088250
2020-10-14,2.990218,2.201213,2.265156,2.076077
2020-10-15,2.968551,2.196018,2.261602,2.072120
2020-10-16,2.963873,2.186392,2.264508,2.075524
2020-10-19,2.903681,2.144388,2.227169,2.041465
2020-10-20,2.924888,2.167796,2.242618,2.054515
2020-10-21,2.914402,2.151365,2.226201,2.040688
2020-10-22,2.907963,2.179076,2.249473,2.061455
2020-10-23,2.924160,2.170437,2.254793,2.066602
2020-10-26,2.877247,2.125814,2.208949,2.028569
2020-10-27,2.897946,2.125125,2.193591,2.015378
2020-10-28,2.775721,2.032023,2.112518,1.943715
2020-10-29,2.820657,2.086024,2.140486,1.966231
2020-10-30,2.767914,2.042793,2.126494,1.956100
2020-11-02,2.788007,2.102361,2.168057,1.993289
2020-11-03,2.835390,2.140542,2.210407,2.027961
2020-11-04,2.897142,2.118692,2.230416,2.042263
2020-11-05,2.963536,2.163378,2.278891,2.083111
2020-11-06,2.977801,2.158580,2.277800,2.083837
2020-11-09,2.912409,2.318123,2.335929,2.135358
2020-11-10,2.894792,2.337570,2.346942,2.152330
2020-11-11,2.952150,2.323676,2.356130,2.158353
2020-11-12,2.947112,2.294339,2.341969,2.146193
2020-11-13,2.960585,2.322535,2.363789,2.166656
2020-11-16,2.962299,2.386675,2.389402,2.186072
2020-11-17,2.945711,2.375713,2.377626,2.175419
2020-11-18,2.911325,2.335684,2.345909,2.145584
2020-11-19,2.914029,2.348045,2.347538,2.146984
2020-11-20,2.891927,2.325290,2.330704,2.133196
2020-11-23,2.872874,2.378307,2.346151,2.144549
2020-11-24,2.886915,2.442475,2.379781,2.172373
2020-11-25,2.896550,2.422407,2.371291,2.164242
2020-11-27,2.909487,2.414782,2.378168,2.170370
2020-11-30,2.919578,2.357125,2.356918,2.152582
2020-12-01,2.949729,2.378780,2.379733,2.172902
2020-12-02,2.943915,2.421216,2.392082,2.182542
2020-12-03,2.928108,2.420232,2.388281,2.180929
2020-12-04,2.934644,2.467517,2.420142,2.207339
2020-12-07,2.940663,2.447751,2.406264,2.194435
2020-12-08,2.944243,2.459236,2.414399,2.203117
2020-12-09,2.906756,2.447456,2.406462,2.197610
2020-12-10,2.899407,2.451839,2.404686,2.193342
2020-12-11,2.904512,2.451661,2.404431,2.194148
2020-12-14,2.902056,2.428352,2.387086,2.176815
2020-12-15,2.945609,2.460590,2.423584,2.208531
2020-12-16,2.951722,2.454007,2.419810,2.203560
2020-12-17,2.973460,2.456561,2.435073,2.218795
2020-12-18,2.968832,2.437535,2.425494,2.213259
2020-12-21,2.968353,2.445595,2.430061,2.210746
2020-12-22,2.977912,2.417139,2.416630,2.199138
2020-12-23,2.961162,2.438537,2.423552,2.204248
2020-12-24,2.977263,2.437838,2.432172,2.212461
2020-12-28,3.012404,2.446013,2.451944,2.230283
2020-12-29,2.999668,2.438431,2.443804,2.223684
2020-12-30,2.987602,2.454726,2.452787,2.229909
2020-12-31,2.996624,2.466726,2.468504,2.245250
2021-01-04,2.951036,2.453700,2.440159,2.218933
2021-01-05,2.978887,2.496890,2.460726,2.234637
2021-01-06,2.946964,2.575878,2.480997,2.252284
2021-01-07,2.996525,2.617077,2.512616,2.273784
2021-01-08,3.001434,2.614784,2.515817,2.276136
2021-01-11,2.977650,2.639253,2.510344,2.267845
2021-01-12,2.960148,2.680300,2.515773,2.270181
2021-01-13,2.978106,2.682747,2.520104,2.273264
2021-01-14,2.935593,2.717870,2.516845,2.270265
2021-01-15,2.902893,2.653609,2.488346,2.248499
2021-01-19,2.917060,2.654015,2.495150,2.253528
2021-01-20,2.957070,2.653092,2.508964,2.263878
2021-01-21,2.982799,2.630816,2.511762,2.264785
2021-01-22,2.983386,2.612200,2.503141,2.258379
2021-01-25,3.025401,2.582460,2.510238,2.269549
2021-01-26,3.035286,2.562920,2.510700,2.269936
2021-01-27,2.958123,2.507204,2.450410,2.215629
2021-01-28,2.981587,2.538481,2.476596,2.238919
2021-01-29,2.917604,2.485673,2.429173,2.195477
2021-02-01,2.976029,2.504491,2.453505,2.214001
2021-02-02,2.989176,2.574965,2.489060,2.240694
2021-02-03,2.984462,2.598654,2.493857,2.244378
2021-02-04,2.998066,2.632735,2.509524,2.257495
2021-02-05,3.018306,2.659145,2.525730,2.273384
2021-02-08,3.022919,2.716742,2.554931,2.293687
2021-02-09,3.017402,2.705858,2.550406,2.290378
2021-02-10,3.006175,2.718333,2.558856,2.295430
2021-02-11,3.013481,2.708861,2.561004,2.295968
2021-02-12,3.010027,2.734173,2.562934,2.296953
2021-02-16,2.988021,2.780809,2.571212,2.300714
2021-02-17,2.974987,2.790745,2.575329,2.311279
2021-02-18,2.974642,2.779174,2.573130,2.311250
2021-02-19,2.956969,2.822098,2.575904,2.307946
2021-02-22,2.915699,2.877358,2.576166,2.309138
2021-02-23,2.930463,2.898634,2.587334,2.319652
2021-02-24,2.917336,2.954206,2.612660,2.339053
2021-02-25,2.846759,2.923032,2.560337,2.297684
2021-02-26,2.824971,2.847817,2.527846,2.264139
2021-03-01,2.882295,2.913037,2.575718,2.302734
2021-03-02,2.859903,2.902165,2.560278,2.290821
2021-03-03,2.804455,2.904942,2.535864,2.271032
2021-03-04,2.780649,2.912436,2.515018,2.252761
2021-03-05,2.832747,2.982907,2.561928,2.296807
2021-03-08,2.808962,3.011246,2.558361,2.299851
2021-03-09,2.864702,2.978659,2.578752,2.312096
2021-03-10,2.868373,3.030860,2.605566,2.336334
2021-03-11,2.890686,3.023538,2.614289,2.337895
2021-03-12,2.897348,3.072397,2.634108,2.354363
2021-03-15,2.918784,3.060930,2.643834,2.362864
2021-03-16,2.943814,3.032214,2.640734,2.361798
2021-03-17,2.926340,3.055691,2.643894,2.363010
2021-03-18,2.892744,3.034507,2.625143,2.350187
2021-03-19,2.881019,3.018905,2.612884,2.340249
2021-03-22,2.938567,3.011008,2.629573,2.356074
2021-03-23,2.953028,2.975714,2.618182,2.350700
2021-03-24,2.932113,2.994049,2.618167,2.352724
2021-03-25,2.940233,3.009980,2.629189,2.363460
2021-03-26,2.988582,3.054743,2.674199,2.403984
2021-03-29,2.998885,3.063474,2.680813,2.413247
2021-03-30,2.969272,3.058420,2.669100,2.400514
2021-03-31,2.987725,3.030270,2.667081,2.396470
2021-04-01,3.006520,3.052129,2.685487,2.408793
2021-04-05,3.061471,3.052396,2.705956,2.427976
2021-04-06,3.059540,3.054577,2.701558,2.425723
2021-04-07,3.067117,3.059270,2.711532,2.432685
2021-04-08,3.083510,3.058554,2.716842,2.434208
2021-04-09,3.104459,3.062726,2.735878,2.447769
2021-04-12,3.100842,3.058311,2.746727,2.455435
2021-04-13,3.116651,3.055679,2.749490,2.455069
2021-04-14,3.098161,3.090895,2.747508,2.454625
2021-04-15,3.135573,3.100242,2.782650,2.482093
2021-04-16,3.146851,3.113192,2.792625,2.492799
2021-04-19,3.139691,3.114624,2.781982,2.485930
2021-04-20,3.131865,3.064577,2.767831,2.479035
2021-04-21,3.146384,3.092193,2.789054,2.494650
2021-04-22,3.109171,3.052402,2.755402,2.466154
2021-04-23,3.133468,3.083193,2.777134,2.481520
2021-04-26,3.115589,3.085730,2.769414,2.470719
2021-04-27,3.110070,3.090759,2.769754,2.468918
2021-04-28,3.084057,3.116320,2.768873,2.467853
2021-04-29,3.097886,3.133970,2.789277,2.488058
2021-04-30,3.088515,3.107929,2.769671,2.474251
2021-05-03,3.103042,3.119056,2.785736,2.490154
2021-05-04,3.052291,3.119226,2.780787,2.488898
2021-05-05,3.056476,3.159886,2.797080,2.500072
2021-05-06,3.097186,3.188156,2.827689,2.526904
2021-05-07,3.117773,3.227618,2.847375,2.540559
2021-05-10,3.101934,3.211650,2.846134,2.545664
2021-05-11,3.080782,3.159924,2.810977,2.514531
2021-05-12,3.017687,3.116922,2.766913,2.479290
2021-05-13,3.059882,3.124701,2.796116,2.505604
2021-05-14,3.100861,3.189035,2.834135,2.533879
2021-05-17,3.081939,3.201424,2.831267,2.529576
2021-05-18,3.056914,3.151934,2.802240,2.504766
2021-05-19,3.055922,3.121673,2.788608,2.493596
2021-05-20,3.097995,3.145702,2.809572,2.510533
2021-05-21,3.090290,3.179910,2.821074,2.518453
2021-05-24,3.124801,3.223202,2.846510,2.537684
2021-05-25,3.127444,3.195519,2.836186,2.528791
2021-05-26,3.120157,3.208350,2.837798,2.528928
2021-05-27,3.090831,3.208895,2.839642,2.528703
2021-05-28,3.096734,3.243873,2.849119,2.534998
2021-06-01,3.086383,3.276518,2.858500,2.538494
2021-06-02,3.098248,3.291822,2.871325,2.549014
2021-06-03,3.095140,3.318511,2.877442,2.555378
2021-06-04,3.126118,3.330927,2.898993,2.572359
2021-06-07,3.118140,3.310549,2.883777,2.559586
2021-06-08,3.115240,3.310462,2.882301,2.556902
2021-06-09,3.117118,3.297632,2.874565,2.551990
2021-06-10,3.135726,3.272565,2.870336,2.552242
2021-06-11,3.134538,3.254517,2.865531,2.546204
2021-06-14,3.159761,3.240591,2.866345,2.546770
2021-06-15,3.141334,3.260874,2.859783,2.541704
2021-06-16,3.123921,3.234009,2.843006,2.524750
2021-06-17,3.147510,3.181808,2.834345,2.518756
2021-06-18,3.102838,3.122827,2.786437,2.476243
2021-06-21,3.149419,3.184755,2.830725,2.514415
2021-06-22,3.167545,3.196744,2.843711,2.523843
2021-06-23,3.148759,3.202442,2.838606,2.517043
2021-06-24,3.153625,3.235439,2.859661,2.534001
2021-06-25,3.160179,3.238763,2.864383,2.539466
2021-06-28,3.189195,3.222345,2.872635,2.544048
2021-06-29,3.199473,3.213067,2.870635,2.540457
2021-06-30,3.195044,3.237949,2.883157,2.550815
2021-07-01,3.208404,3.248157,2.892729,2.559444
2021-07-02,3.247911,3.263628,2.914104,2.578242
2021-07-06,3.257674,3.235445,2.899955,2.566652
2021-07-07,3.282390,3.225289,2.910498,2.577778
2021-07-08,3.246830,3.195388,2.883271,2.556936
2021-07-09,3.276447,3.237424,2.924570,2.589664
2021-07-12,3.285977,3.256976,2.941531,2.601717
2021-07-13,3.283876,3.233085,2.930754,2.594256
2021-07-14,3.302608,3.204229,2.934571,2.601243
2021-07-15,3.284208,3.179633,2.930805,2.600489
2021-07-16,3.256741,3.123982,2.899697,2.579029
2021-07-19,3.232227,3.094446,2.852594,2.539144
2021-07-20,3.261274,3.114704,2.887969,2.566245
2021-07-21,3.286435,3.173807,2.921433,2.592095
2021-07-22,3.308220,3.167257,2.923746,2.593846
2021-07-23,3.341949,3.167792,2.936475,2.606395
2021-07-26,3.337815,3.179675,2.941004,2.610136
2021-07-27,3.325352,3.173846,2.939049,2.611078
2021-07-28,3.306716,3.181191,2.928825,2.599086
2021-07-29,3.323674,3.204912,2.946751,2.613994
2021-07-30,3.347627,3.173306,2.940612,2.611478
2021-08-02,3.336241,3.173236,2.937514,2.607858
2021-08-03,3.370198,3.199211,2.962797,2.629439
2021-08-04,3.368230,3.175335,2.944806,2.612086
2021-08-05,3.385836,3.205970,2.958878,2.622277
2021-08-06,3.372431,3.225316,2.970314,2.629365
2021-08-09,3.368641,3.215488,2.964700,2.625386
2021-08-10,3.351948,3.242660,2.977379,2.636087
2021-08-11,3.358982,3.268081,2.991281,2.647164
2021-08-12,3.389207,3.272592,3.001752,2.656092
2021-08-13,3.416967,3.265615,3.009809,2.664636
2021-08-16,3.441642,3.242732,3.018740,2.674426
2021-08-17,3.429434,3.203799,3.005048,2.666472
2021-08-18,3.384589,3.151227,2.963448,2.630557
2021-08-19,3.424063,3.133633,2.971039,2.637757
2021-08-20,3.472494,3.170167,2.995214,2.655661
2021-08-23,3.487351,3.249299,3.019860,2.670867
2021-08-24,3.463228,3.259432,3.015373,2.663462
2021-08-25,3.458954,3.291898,3.022054,2.666325
2021-08-26,3.442821,3.267111,3.005670,2.651778
2021-08-27,3.464695,3.308370,3.027772,2.667997
2021-08-30,3.509370,3.287726,3.035521,2.676025
2021-08-31,3.494724,3.270265,3.027149,2.670217
2021-09-01,3.513924,3.260805,3.029455,2.673622
2021-09-02,3.525936,3.293346,3.049922,2.691144
2021-09-03,3.531362,3.301041,3.047152,2.688991
2021-09-07,3.535879,3.272481,3.027665,2.669798
2021-09-08,3.524168,3.247115,3.017192,2.663910
2021-09-09,3.497604,3.224425,2.996122,2.643405
2021-09-10,3.465884,3.211056,2.976541,2.626633
2021-09-13,3.479273,3.231413,2.998119,2.645125
2021-09-14,3.474720,3.209312,2.978416,2.629218
2021-09-15,3.498385,3.241474,3.002285,2.648347
2021-09-16,3.488649,3.226370,2.987099,2.635400
2021-09-17,3.443797,3.203631,2.957752,2.611821
2021-09-20,3.380267,3.128430,2.898617,2.566533
2021-09-21,3.391751,3.127144,2.899306,2.566990
2021-09-22,3.428358,3.153782,2.929849,2.588953
2021-09-23,3.449789,3.201591,2.963991,2.615280
2021-09-24,3.438663,3.190720,2.959487,2.611193
2021-09-27,3.397202,3.193296,2.958188,2.607837
2021-09-28,3.316540,3.152805,2.914035,2.572485
2021-09-29,3.327633,3.146283,2.915703,2.576761
2021-09-30,3.292062,3.103565,2.877116,2.542804
2021-10-01,3.326095,3.143718,2.907593,2.566798
2021-10-04,3.271080,3.114967,2.879620,2.546393
2021-10-05,3.311999,3.145486,2.908548,2.567560
2021-10-06,3.338381,3.145900,2.919983,2.577936
2021-10-07,3.370581,3.176511,2.948179,2.600750
2021-10-08,3.353264,3.170683,2.945967,2.596865
2021-10-11,3.350393,3.128192,2.924181,2.578167
2021-10-12,3.351617,3.099824,2.913679,2.566743
2021-10-13,3.378107,3.087600,2.920185,2.573394
2021-10-14,3.447430,3.153324,2.974488,2.617404
2021-10-15,3.461637,3.193108,3.005600,2.641766
2021-10-18,3.478925,3.194170,3.010384,2.641261
2021-10-19,3.488381,3.224567,3.028719,2.657497
2021-10-20,3.502014,3.256264,3.052381,2.680683
2021-10-21,3.518057,3.249584,3.055215,2.680676
2021-10-22,3.522540,3.255405,3.058750,2.682706
2021-10-25,3.534677,3.274658,3.068405,2.688605
2021-10-26,3.575965,3.329594,3.100429,2.714680
2021-10-27,3.593101,3.276544,3.082541,2.700370
2021-10-28,3.629534,3.330205,3.115682,2.725596
2021-10-29,3.639965,3.348521,3.123995,2.732411
2021-11-01,3.639507,3.358636,3.129264,2.735563
2021-11-02,3.689253,3.368011,3.151443,2.752929
2021-11-03,3.710333,3.360398,3.154488,2.757141
2021-11-04,3.802985,3.414080,3.171333,2.764305
2021-11-05,3.800219,3.425448,3.178604,2.771035
2021-11-08,3.833866,3.491804,3.202475,2.786930
2021-11-09,3.834123,3.479058,3.200072,2.785684
2021-11-10,3.783526,3.422914,3.175751,2.772032
2021-11-11,3.808837,3.442889,3.178849,2.771757
2021-11-12,3.829488,3.441626,3.188705,2.780027
2021-11-15,3.825850,3.422360,3.181425,2.774679
2021-11-16,3.837064,3.419087,3.176007,2.768447
2021-11-17,3.827018,3.384508,3.158069,2.755498
2021-11-18,3.911905,3.412441,3.171577,2.760916
2021-11-19,3.957588,3.377207,3.160046,2.750055
2021-11-22,3.931480,3.387463,3.166623,2.756779
2021-11-23,3.938136,3.442547,3.194497,2.779818
2021-11-24,3.967504,3.467153,3.193590,2.777133
2021-11-26,3.860924,3.352054,3.116569,2.717641
2021-11-29,3.959217,3.394595,3.148606,2.742555
2021-11-30,3.917158,3.337821,3.093589,2.690547
2021-12-01,3.892611,3.301067,3.081170,2.683196
2021-12-02,3.927554,3.365161,3.125180,2.719103
2021-12-03,3.870409,3.323620,3.113639,2.717406
2021-12-06,3.898393,3.349653,3.152084,2.750874
2021-12-07,4.024229,3.438132,3.205856,2.788706
2021-12-08,4.033877,3.422637,3.204325,2.788433
2021-12-09,3.985503,3.397723,3.194560,2.782452
2021-12-10,4.037319,3.399177,3.218557,2.804322
2021-12-13,3.974059,3.320153,3.199707,2.797683
2021-12-14,3.938814,3.326714,3.196133,2.796552
2021-12-15,4.059949,3.386768,3.242088,2.831053
2021-12-16,3.953291,3.357657,3.239465,2.839934
2021-12-17,3.901561,3.289623,3.182788,2.793748
2021-12-20,3.880176,3.241018,3.148746,2.768004
2021-12-21,3.950777,3.311585,3.186095,2.793573
2021-12-22,3.999551,3.348852,3.214358,2.816603
2021-12-23,4.018355,3.372338,3.231558,2.829849
2021-12-27,4.117714,3.423172,3.273888,2.863413
2021-12-28,4.095900,3.412724,3.272705,2.864373
2021-12-29,4.103004,3.404463,3.276102,2.868040
2021-12-30,4.075438,3.384454,3.263564,2.858027
2021-12-31,4.067384,3.382563,3.262019,2.856580
2022-01-03,4.080023,3.466764,3.282556,2.870968
2022-01-04,4.017851,3.521206,3.308183,2.893694
2022-01-05,3.903838,3.450929,3.280567,2.878085
2022-01-06,3.886630,3.479517,3.267266,2.864077
2022-01-07,3.846457,3.473178,3.268253,2.869801
2022-01-10,3.838649,3.471736,3.260913,2.861141
2022-01-11,3.857429,3.523617,3.277354,2.870020
2022-01-12,3.876894,3.521102,3.283598,2.874551
2022-01-13,3.781718,3.473663,3.253678,2.852126
2022-01-14,3.811569,3.445938,3.244641,2.846448
2022-01-18,3.736440,3.358878,3.188335,2.804181
2022-01-19,3.719696,3.295286,3.168840,2.794071
2022-01-20,3.685826,3.254177,3.148837,2.779179
2022-01-21,3.645026,3.195508,3.115195,2.753767
2022-01-24,3.627245,3.197286,3.106349,2.743985
2022-01-25,3.561539,3.184657,3.093407,2.736272
2022-01-26,3.577931,3.197815,3.087500,2.724594
2022-01-27,3.546611,3.164237,3.080920,2.723408
2022-01-28,3.679073,3.225770,3.132017,2.769585
2022-01-31,3.765152,3.309584,3.176125,2.802461
2022-02-01,3.748904,3.374296,3.193898,2.812867
2022-02-02,3.811895,3.394655,3.224355,2.841223
2022-02-03,3.727082,3.307188,3.171577,2.803011
2022-02-04,3.718530,3.343758,3.165238,2.791567
2022-02-07,3.703627,3.359314,3.166362,2.790128
2022-02-08,3.733506,3.375137,3.184834,2.803611
2022-02-09,3.819075,3.440847,3.221625,2.831358
2022-02-10,3.716437,3.382117,3.173860,2.791966
2022-02-11,3.607015,3.308058,3.116588,2.748114
2022-02-14,3.615115,3.298871,3.106334,2.739359
2022-02-15,3.714223,3.383428,3.153588,2.774780
2022-02-16,3.714373,3.379012,3.153908,2.775911
2022-02-17,3.619385,3.253876,3.097137,2.737176
2022-02-18,3.578982,3.202108,3.077623,2.723460
2022-02-22,3.543644,3.176590,3.052547,2.701670
2022-02-23,3.458882,3.110916,3.006791,2.664706
2022-02-24,3.533658,3.156710,3.007787,2.657433
2022-02-25,3.616712,3.215953,3.096186,2.739232
2022-02-28,3.605180,3.213940,3.073652,2.718741
2022-03-01,3.547536,3.157598,3.023266,2.679676
2022-03-02,3.608493,3.234584,3.081748,2.727051
2022-03-03,3.592767,3.233674,3.082699,2.731836
2022-03-04,3.551456,3.225303,3.074631,2.729345
2022-03-07,3.435637,3.187936,3.015058,2.683348
2022-03-08,3.387420,3.201786,2.992535,2.654211
2022-03-09,3.511866,3.253878,3.056143,2.702930
2022-03-10,3.459512,3.228201,3.036978,2.685941
2022-03-11,3.389227,3.200710,3.003486,2.659346
2022-03-14,3.352920,3.172047,2.997484,2.657767
2022-03-15,3.483567,3.211628,3.056444,2.708596
2022-03-16,3.574345,3.257527,3.105458,2.741671
2022-03-17,3.604212,3.298935,3.141216,2.770598
2022-03-18,3.692965,3.319219,3.162729,2.779599
2022-03-21,3.701825,3.343179,3.174567,2.790852
2022-03-22,3.727528,3.368437,3.188586,2.801481
2022-03-23,3.685283,3.355776,3.160845,2.780329
2022-03-24,3.779284,3.387246,3.206767,2.814291
2022-03-25,3.783508,3.410336,3.225367,2.832157
2022-03-28,3.836935,3.408736,3.234348,2.840482
2022-03-29,3.900624,3.436411,3.257239,2.859088
2022-03-30,3.858682,3.434147,3.253721,2.859371
2022-03-31,3.798745,3.390040,3.206095,2.819229
2022-04-01,3.806055,3.395271,3.221589,2.838575
2022-04-04,3.843967,3.407924,3.228592,2.842415
2022-04-05,3.791819,3.378865,3.206191,2.829426
2022-04-06,3.733572,3.363616,3.194121,2.828419
2022-04-07,3.733729,3.381329,3.200488,2.835488
2022-04-08,3.687124,3.407209,3.206445,2.844513
2022-04-11,3.579029,3.364896,3.160591,2.809832
2022-04-12,3.561346,3.360366,3.157457,2.807935
2022-04-13,3.612049,3.366368,3.183172,2.829972
2022-04-14,3.533573,3.374317,3.164707,2.815603
2022-04-18,3.552107,3.389013,3.170739,2.814672
2022-04-19,3.622439,3.425215,3.218319,2.856406
2022-04-20,3.626658,3.463748,3.242860,2.882217
2022-04-21,3.548221,3.437732,3.208292,2.859412
2022-04-22,3.454591,3.319740,3.110409,2.772896
2022-04-25,3.489328,3.317613,3.121641,2.779751
2022-04-26,3.372045,3.236970,3.045998,2.717479
2022-04-27,3.399789,3.266898,3.055443,2.722364
2022-04-28,3.525315,3.319642,3.122813,2.775694
2022-04-29,3.354260,3.238503,3.028791,2.693816
2022-05-02,3.339875,3.230923,3.037258,2.694639
2022-05-03,3.334002,3.234332,3.049362,2.704480
2022-05-04,3.400380,3.310931,3.131972,2.773818
2022-05-05,3.246074,3.198424,3.030648,2.692423
2022-05-06,3.237502,3.184233,3.024533,2.689753
2022-05-09,3.093591,3.034756,2.936929,2.625279
2022-05-10,3.091919,3.007527,2.927030,2.614194
2022-05-11,3.004697,2.984206,2.892323,2.586994
2022-05-12,2.960964,2.966745,2.877357,2.577450
2022-05-13,3.068302,3.040823,2.937957,2.623719
2022-05-16,3.041974,3.047835,2.939862,2.630563
2022-05-17,3.094125,3.094509,2.991834,2.668597
2022-05-18,2.915389,2.965775,2.880281,2.572306
2022-05-19,2.903353,2.952692,2.868083,2.559538
2022-05-20,2.898616,2.933507,2.864607,2.561535
2022-05-23,2.952837,2.996584,2.929331,2.616155
2022-05-24,2.929775,3.001100,2.934568,2.627910
2022-05-25,2.950185,3.020495,2.950868,2.638224
2022-05-26,3.014773,3.064623,2.992860,2.669072
2022-05-27,3.109100,3.139994,3.054757,2.719486
2022-05-31,3.085909,3.118509,3.030965,2.697970
2022-06-01,3.065445,3.118724,3.011114,2.681498
2022-06-02,3.125840,3.157193,3.059321,2.717746
2022-06-03,3.065955,3.129504,3.021795,2.687583
2022-06-06,3.077311,3.138530,3.028714,2.693792
2022-06-07,3.117589,3.189343,3.065436,2.725820
2022-06-08,3.101561,3.165045,3.034655,2.700509
2022-06-09,3.024713,3.093167,2.966838,2.643089
2022-06-10,2.927207,3.002870,2.880990,2.577900
2022-06-13,2.802345,2.868509,2.783635,2.497402
2022-06-14,2.792868,2.876649,2.765868,2.476943
2022-06-15,2.833535,2.916420,2.802317,2.504394
2022-06-16,2.738571,2.826979,2.733195,2.451061
2022-06-17,2.743054,2.806297,2.719949,2.440289
2022-06-21,2.841652,2.887699,2.798907,2.510358
2022-06-22,2.827412,2.869129,2.791603,2.508388
2022-06-23,2.835087,2.880538,2.802184,2.525119
2022-06-24,2.905537,2.937881,2.869432,2.575669
2022-06-27,2.910798,2.932598,2.860265,2.568221
2022-06-28,2.848820,2.903272,2.823627,2.535376
2022-06-29,2.841245,2.893203,2.816265,2.532573
2022-06-30,2.802352,2.853608,2.785882,2.510718
2022-07-01,2.804520,2.899437,2.807912,2.535174
2022-07-05,2.816604,2.883534,2.783811,2.511507
2022-07-06,2.846752,2.884401,2.791683,2.518992
2022-07-07,2.889486,2.924985,2.828118,2.544754
2022-07-08,2.892778,2.915556,2.823134,2.539935
2022-07-11,2.854345,2.904149,2.801989,2.525776
2022-07-12,2.827875,2.874378,2.783594,2.509693
2022-07-13,2.813974,2.875353,2.771989,2.499881
2022-07-14,2.836255,2.851532,2.749218,2.481915
2022-07-15,2.897715,2.887621,2.808799,2.530061
2022-07-18,2.867823,2.868879,2.793050,2.510665
2022-07-19,2.930526,2.938861,2.866622,2.566182
2022-07-20,2.946535,2.932592,2.865296,2.556273
2022-07-21,2.972539,2.930489,2.876901,2.560638
2022-07-22,2.942254,2.914434,2.850954,2.533724
2022-07-25,2.937441,2.942430,2.865740,2.548232
2022-07-26,2.911389,2.931262,2.851177,2.540637
2022-07-27,3.002243,2.985080,2.904872,2.579936
2022-07-28,3.037077,3.044027,2.951522,2.621017
2022-07-29,3.052933,3.063969,2.982728,2.642361
2022-08-01,3.040240,3.050430,2.970887,2.635152
2022-08-02,3.016261,2.990392,2.933120,2.600993
2022-08-03,3.071193,2.994425,2.962342,2.625321
2022-08-04,3.064440,2.956031,2.947169,2.608382
2022-08-05,3.056777,2.977513,2.958046,2.617640
2022-08-08,3.010890,2.977308,2.939986,2.604367
2022-08-09,2.990434,2.992781,2.943217,2.608462
2022-08-10,3.056858,3.030425,2.998666,2.650714
2022-08-11,3.032031,3.048672,2.999456,2.647847
2022-08-12,3.085370,3.083848,3.041959,2.680401
2022-08-15,3.104547,3.088047,3.056696,2.694583
2022-08-16,3.106851,3.093954,3.062055,2.701822
2022-08-17,3.090158,3.088071,3.048679,2.690648
2022-08-18,3.101081,3.090384,3.053228,2.689642
2022-08-19,3.065886,3.078464,3.021234,2.669644
2022-08-22,3.000980,3.048138,2.968979,2.628979
2022-08-23,2.994963,3.061360,2.962954,2.619550
2022-08-24,2.992017,3.060199,2.965857,2.621182
2022-08-25,3.045038,3.087801,3.004916,2.651265
2022-08-26,2.915409,3.016166,2.906006,2.572313
2022-08-29,2.883075,3.021342,2.893722,2.562929
2022-08-30,2.843337,2.957601,2.855604,2.529484
2022-08-31,2.811091,2.920962,2.829333,2.505140
2022-09-01,2.775456,2.923840,2.819243,2.503340
2022-09-02,2.740280,2.887015,2.786363,2.473266
2022-09-06,2.727041,2.872371,2.775267,2.464091
2022-09-07,2.750389,2.900225,2.810288,2.492966
2022-09-08,2.771017,2.909394,2.827139,2.506193
2022-09-09,2.813315,2.967599,2.869141,2.542402
2022-09-12,2.854811,3.011085,2.901217,2.569400
2022-09-13,2.704809,2.893012,2.783930,2.473440
2022-09-14,2.720042,2.891048,2.781878,2.472686
2022-09-15,2.701160,2.849190,2.754845,2.449435
2022-09-16,2.701706,2.828201,2.746619,2.445257
2022-09-19,2.725559,2.849552,2.760677,2.454941
2022-09-20,2.712098,2.828977,2.734013,2.431852
2022-09-21,2.673618,2.771628,2.688144,2.390069
2022-09-22,2.652328,2.762829,2.674690,2.385293
2022-09-23,2.615249,2.712286,2.632394,2.350990
2022-09-26,2.588909,2.686792,2.595366,2.320267
2022-09-27,2.601914,2.670392,2.585455,2.308576
2022-09-28,2.637182,2.703881,2.629621,2.344752
2022-09-29,2.573224,2.637910,2.580422,2.302445
2022-09-30,2.537916,2.594535,2.548600,2.273420
2022-10-03,2.599854,2.668305,2.617157,2.331274
2022-10-04,2.672826,2.752673,2.692775,2.391972
2022-10-05,2.689022,2.744462,2.687157,2.385445
2022-10-06,2.668925,2.712532,2.652364,2.351490
2022-10-07,2.567253,2.663121,2.586689,2.297319
2022-10-10,2.534291,2.652168,2.565948,2.281251
2022-10-11,2.527232,2.655134,2.555642,2.273587
2022-10-12,2.522659,2.655208,2.558036,2.275127
2022-10-13,2.594611,2.726944,2.630793,2.335015
2022-10-14,2.532585,2.670680,2.581660,2.296726
2022-10-17,2.604473,2.729210,2.648952,2.352361
2022-10-18,2.612833,2.757714,2.672966,2.370692
2022-10-19,2.616375,2.752039,2.662140,2.360286
2022-10-20,2.622728,2.732273,2.654459,2.353938
2022-10-21,2.683753,2.812462,2.713185,2.395385
2022-10-24,2.719810,2.815182,2.738497,2.419620
2022-10-25,2.757642,2.867988,2.784165,2.456918
2022-10-26,2.720620,2.889969,2.781337,2.457173
2022-10-27,2.710115,2.934631,2.797732,2.468542
2022-10-28,2.811834,3.021102,2.882580,2.542292
2022-10-31,2.786156,2.995917,2.858243,2.521360
2022-11-01,2.772893,2.989978,2.853344,2.516345
2022-11-02,2.714596,2.933839,2.809991,2.481439
2022-11-03,2.708028,2.941947,2.810222,2.479057
2022-11-04,2.738021,3.000720,2.858848,2.516797
2022-11-07,2.763572,3.041797,2.887675,2.540683
2022-11-08,2.789261,3.058664,2.907534,2.558534
2022-11-09,2.697084,2.997411,2.855991,2.518381
2022-11-10,2.828398,3.110258,2.988300,2.623415
2022-11-11,2.835453,3.130936,2.997214,2.624746
2022-11-14,2.830404,3.109524,2.980501,2.613425
2022-11-15,2.841822,3.105476,2.981336,2.610866
2022-11-16,2.819337,3.102343,2.974674,2.609523
2022-11-17,2.828013,3.096611,2.970651,2.608624
2022-11-18,2.836675,3.108592,2.987895,2.626207
2022-11-21,2.804646,3.107203,2.985317,2.627082
2022-11-22,2.862567,3.156326,3.030031,2.663227
2022-11-23,2.886379,3.166073,3.046275,2.674182
2022-11-25,2.873927,3.169712,3.046934,2.676003
2022-11-28,2.820388,3.110328,2.992063,2.632225
2022-11-29,2.797925,3.116985,2.988826,2.628577
2022-11-30,2.896062,3.192281,3.068262,2.693461
2022-12-01,2.890491,3.179677,3.057060,2.682760
2022-12-02,2.876478,3.180975,3.053517,2.681767
2022-12-05,2.841872,3.130917,3.004070,2.639213
2022-12-06,2.784696,3.087396,2.967862,2.610978
2022-12-07,2.786730,3.090056,2.972706,2.616951
2022-12-08,2.839771,3.108538,3.002509,2.637985
2022-12-09,2.811917,3.081099,2.981720,2.621621
2022-12-12,2.868651,3.133511,3.032057,2.663816
2022-12-13,2.893029,3.159747,3.057564,2.682402
2022-12-14,2.867036,3.147557,3.041613,2.670690
2022-12-15,2.790415,3.082132,2.973103,2.618528
2022-12-16,2.759876,3.077735,2.940810,2.590710
2022-12-19,2.741949,3.072555,2.928501,2.581599
2022-12-20,2.743248,3.096099,2.935403,2.587361
2022-12-21,2.794586,3.138391,2.980624,2.626642
2022-12-22,2.723356,3.103692,2.940298,2.600199
2022-12-23,2.738591,3.135307,2.954044,2.612665
2022-12-27,2.701485,3.154872,2.946795,2.614395
2022-12-28,2.664067,3.116129,2.913384,2.584868
2022-12-29,2.707877,3.139823,2.952896,2.616556
2022-12-30,2.713088,3.134429,2.947979,2.611650
2023-01-03,2.648915,3.072487,2.925963,2.597667
2023-01-04,2.661948,3.071854,2.934982,2.607793
2023-01-05,2.631331,3.035835,2.893131,2.575869
2023-01-06,2.696577,3.104610,2.955833,2.628256
2023-01-09,2.711588,3.109831,2.957049,2.621951
2023-01-10,2.735515,3.126916,2.972716,2.634248
2023-01-11,2.765269,3.173540,3.002468,2.653218
2023-01-12,2.803368,3.192585,3.024601,2.669432
2023-01-13,2.822381,3.214461,3.044314,2.683694
2023-01-17,2.841507,3.168194,3.022355,2.661745
2023-01-18,2.797490,3.119259,2.968137,2.612047
2023-01-19,2.777516,3.119976,2.946137,2.595113
2023-01-20,2.843937,3.140929,2.979018,2.618457
2023-01-23,2.900256,3.157014,3.010176,2.636047
2023-01-24,2.931499,3.178573,3.032203,2.656466
2023-01-25,2.930262,3.169924,3.031655,2.656475
2023-01-26,2.984361,3.219505,3.066877,2.681252
2023-01-27,2.994608,3.199654,3.068477,2.681167
2023-01-30,2.928973,3.178817,3.031726,2.653323
2023-01-31,2.953415,3.233235,3.067233,2.683620
2023-02-01,2.981261,3.263561,3.085651,2.696466
2023-02-02,2.952690,3.243315,3.092830,2.698693
2023-02-03,2.948833,3.211987,3.076645,2.685076
2023-02-06,2.953851,3.213763,3.074619,2.681613
2023-02-07,3.015883,3.283070,3.109238,2.702491
2023-02-08,3.009394,3.278562,3.095312,2.690801
2023-02-09,3.008408,3.265721,3.069169,2.666235
2023-02-10,3.017848,3.271895,3.079889,2.678500
2023-02-13,3.040386,3.300341,3.113269,2.706012
2023-02-14,3.051484,3.314244,3.106475,2.696602
2023-02-15,3.056157,3.306440,3.106275,2.694775
2023-02-16,3.012041,3.250405,3.062955,2.659301
2023-02-17,2.984632,3.240599,3.063529,2.667171
2023-02-21,2.930543,3.201118,3.013903,2.625773
2023-02-22,2.921369,3.206620,3.009557,2.623038
2023-02-23,3.009427,3.290044,3.044531,2.641214
2023-02-24,2.993356,3.297050,3.029311,2.629416
2023-02-27,3.006174,3.296658,3.039868,2.636908
2023-02-28,2.987051,3.259003,3.020496,2.620064
2023-03-01,2.992691,3.242503,3.009752,2.610656
2023-03-02,3.025481,3.288085,3.039104,2.634410
2023-03-03,3.076984,3.332404,3.082106,2.666408
2023-03-06,3.082697,3.333999,3.086533,2.671472
2023-03-07,3.026749,3.274134,3.035224,2.629904
2023-03-08,3.047390,3.287156,3.041564,2.630808
2023-03-09,2.987026,3.230052,2.979774,2.580267
2023-03-10,2.919771,3.177670,2.942833,2.553929
2023-03-13,2.917222,3.176545,2.939135,2.553341
2023-03-14,2.958953,3.221983,2.979973,2.584830
2023-03-15,2.910695,3.187140,2.946271,2.561966
2023-03-16,2.961077,3.234482,2.983113,2.586482
2023-03-17,2.940700,3.198766,2.945723,2.558247
2023-03-20,2.993075,3.252152,2.988851,2.595962
2023-03-21,3.049331,3.296215,3.020504,2.619391
2023-03-22,3.016569,3.253397,2.980993,2.585522
2023-03-23,3.021578,3.255447,2.987538,2.589214
2023-03-24,3.019197,3.274852,3.003340,2.606919
2023-03-27,3.030607,3.292933,3.017717,2.619601
2023-03-28,3.027373,3.284592,3.014211,2.616116
2023-03-29,3.061800,3.319160,3.046173,2.642657
2023-03-30,3.088241,3.347126,3.063724,2.656587
2023-03-31,3.122354,3.383101,3.099072,2.685168
2023-04-03,3.197661,3.413274,3.131439,2.714348
2023-04-04,3.162041,3.361962,3.110187,2.703557
2023-04-05,3.169967,3.345770,3.116266,2.719814
2023-04-06,3.164931,3.350194,3.121369,2.724118
2023-04-10,3.173788,3.385750,3.129355,2.726648
2023-04-11,3.181659,3.391917,3.129323,2.727527
2023-04-12,3.169696,3.383363,3.126389,2.725787
2023-04-13,3.204577,3.398630,3.152553,2.748634
2023-04-14,3.192429,3.400238,3.159930,2.749974
2023-04-17,3.185927,3.420947,3.174861,2.760782
2023-04-18,3.213609,3.427568,3.176864,2.755255
2023-04-19,3.196383,3.427583,3.177253,2.753658
2023-04-20,3.175707,3.399322,3.157010,2.736848
2023-04-21,3.170331,3.411840,3.160786,2.743106
2023-04-24,3.195717,3.426533,3.169678,2.750242
2023-04-25,3.163174,3.376096,3.139697,2.732529
2023-04-26,3.149158,3.369720,3.128034,2.717103
2023-04-27,3.188443,3.414694,3.180061,2.763920
2023-04-28,3.221836,3.455093,3.209472,2.785548
2023-05-01,3.225234,3.469252,3.210376,2.783920
2023-05-02,3.178476,3.440864,3.175159,2.756804
2023-05-03,3.141793,3.429090,3.153290,2.740259
2023-05-04,3.111368,3.406017,3.125137,2.717105
2023-05-05,3.186420,3.478275,3.181433,2.759086
2023-05-08,3.190021,3.480984,3.179848,2.755965
2023-05-09,3.168449,3.448501,3.158119,2.737259
2023-05-10,3.176537,3.473320,3.169848,2.746449
2023-05-11,3.156513,3.441718,3.150064,2.732404
2023-05-12,3.161495,3.436259,3.146254,2.731707
2023-05-15,3.162340,3.452108,3.147512,2.726620
2023-05-16,3.134395,3.425729,3.117713,2.699983
2023-05-17,3.168330,3.481714,3.156984,2.726305
2023-05-18,3.192856,3.519521,3.173792,2.732460
2023-05-19,3.196940,3.514007,3.172921,2.733297
2023-05-22,3.170218,3.515309,3.155036,2.715215
2023-05-23,3.139687,3.479399,3.130658,2.698151
2023-05-24,3.144696,3.454800,3.111667,2.681990
2023-05-25,3.215640,3.628873,3.155398,2.695003
2023-05-26,3.234246,3.684288,3.184311,2.714851
2023-05-30,3.235365,3.686210,3.180718,2.707881
2023-05-31,3.204993,3.632312,3.156357,2.697178
2023-06-01,3.268958,3.700433,3.183574,2.715979
2023-06-02,3.314412,3.785702,3.234240,2.754231
2023-06-05,3.299453,3.761202,3.221044,2.744903
2023-06-06,3.280316,3.744069,3.218045,2.741623
2023-06-07,3.274664,3.730700,3.233022,2.756224
2023-06-08,3.310519,3.764780,3.245915,2.768031
2023-06-09,3.315339,3.777556,3.243019,2.765716
2023-06-12,3.330683,3.799480,3.252495,2.770143
2023-06-13,3.370083,3.856642,3.284798,2.791281
2023-06-14,3.351827,3.886348,3.283170,2.788092
2023-06-15,3.377947,3.936745,3.321698,2.823850
2023-06-16,3.358042,3.926515,3.313076,2.818997
2023-06-20,3.364011,3.919517,3.288674,2.796878
2023-06-21,3.370817,3.911994,3.287397,2.799116
2023-06-22,3.377528,3.917238,3.283837,2.799299
2023-06-23,3.347682,3.867935,3.254309,2.775748
2023-06-26,3.336063,3.838187,3.254444,2.779481
2023-06-27,3.380478,3.891309,3.285296,2.802467
2023-06-28,3.365589,3.872332,3.279045,2.798286
2023-06-29,3.377555,3.865420,3.305190,2.817798
2023-06-30,3.430031,3.924773,3.340542,2.845330
2023-07-03,3.433176,3.942503,3.343984,2.846886
2023-07-05,3.412904,3.935795,3.323154,2.832279
2023-07-06,3.369178,3.897027,3.292447,2.806696
2023-07-07,3.361561,3.888241,3.277945,2.787201
2023-07-10,3.371612,3.872641,3.279991,2.786576
2023-07-11,3.389353,3.890263,3.294095,2.794681
2023-07-12,3.407503,3.928414,3.316646,2.807259
2023-07-13,3.428848,3.975785,3.336186,2.818018
2023-07-14,3.451037,3.960111,3.343294,2.826371
2023-07-17,3.477771,3.917464,3.346872,2.815148
2023-07-18,3.522924,3.980617,3.375251,2.837979
2023-07-19,3.535053,4.035434,3.387125,2.856171
2023-07-20,3.529260,4.018307,3.408832,2.883329
2023-07-21,3.516132,4.001038,3.410570,2.891303
2023-07-24,3.539701,4.022027,3.435224,2.910191
2023-07-25,3.566916,4.050267,3.452383,2.923365
2023-07-26,3.553905,4.050308,3.445722,2.920551
2023-07-27,3.549551,4.022828,3.404073,2.885127
2023-07-28,3.567126,4.068854,3.424383,2.903513
2023-07-31,3.598022,4.079137,3.429705,2.901262
2023-08-01,3.631844,4.125178,3.439088,2.906130
2023-08-02,3.581534,4.066110,3.404819,2.886159
2023-08-03,3.582892,4.036632,3.399816,2.882004
2023-08-04,3.557621,4.005709,3.368130,2.854123
2023-08-07,3.591608,4.040257,3.396809,2.879417
2023-08-08,3.574039,4.018373,3.378940,2.867348
2023-08-09,3.546905,3.989107,3.360245,2.857908
2023-08-10,3.545897,3.992642,3.359696,2.857850
2023-08-11,3.542251,3.983400,3.369392,2.871684
2023-08-14,3.591754,4.036606,3.385172,2.878043
2023-08-15,3.548246,3.999553,3.348210,2.847925
2023-08-16,3.516923,3.972520,3.326788,2.831198
2023-08-17,3.514015,3.957372,3.312560,2.820815
2023-08-18,3.530199,3.958634,3.318645,2.826004
2023-08-21,3.571010,4.021927,3.325495,2.819132
2023-08-22,3.530543,3.993500,3.307647,2.806701
2023-08-23,3.554817,4.040394,3.331551,2.820912
2023-08-24,3.533929,4.015703,3.309332,2.805842
2023-08-25,3.541797,4.016220,3.326176,2.822532
2023-08-28,3.573183,4.050009,3.346154,2.835384
2023-08-29,3.624692,4.138527,3.389864,2.868261
2023-08-30,3.643774,4.148940,3.397408,2.872103
2023-08-31,3.615755,4.151815,3.380532,2.857347
2023-09-01,3.624555,4.142409,3.387176,2.861169
2023-09-05,3.614126,4.132254,3.363966,2.840776
2023-09-06,3.594715,4.087533,3.340490,2.823217
2023-09-07,3.581677,4.079943,3.333797,2.821661
2023-09-08,3.580529,4.070166,3.336242,2.822682
2023-09-11,3.569287,4.082999,3.348697,2.837430
2023-09-12,3.578086,4.086862,3.350994,2.838924
2023-09-13,3.568154,4.103078,3.351628,2.839144
2023-09-14,3.611002,4.134713,3.393130,2.871291
2023-09-15,3.562128,4.082170,3.360189,2.845748
2023-09-18,3.576829,4.089342,3.369874,2.853187
2023-09-19,3.554893,4.070949,3.361169,2.845711
2023-09-20,3.544871,4.054498,3.337252,2.833815
2023-09-21,3.499077,4.014152,3.288940,2.797250
2023-09-22,3.520264,4.022087,3.286344,2.793619
2023-09-25,3.540198,4.049863,3.296626,2.798409
2023-09-26,3.511001,3.999600,3.256970,2.767170
2023-09-27,3.541352,4.001802,3.255426,2.759536
2023-09-28,3.563552,4.027942,3.268894,2.768037
2023-09-29,3.544117,4.008981,3.253716,2.754039
2023-10-02,3.553806,4.001433,3.244557,2.741972
2023-10-03,3.516356,3.973696,3.212429,2.721205
2023-10-04,3.494985,3.983539,3.217505,2.722506
2023-10-05,3.468580,3.971613,3.202203,2.707705
2023-10-06,3.503034,4.019996,3.233799,2.729661
2023-10-09,3.535136,4.042985,3.253493,2.747167
2023-10-10,3.551000,4.058874,3.270001,2.761742
2023-10-11,3.532039,4.051809,3.266385,2.752308
2023-10-12,3.521153,4.027184,3.245708,2.734229
2023-10-13,3.538966,4.013134,3.249271,2.741161
2023-10-16,3.560078,4.058853,3.276197,2.764052
2023-10-17,3.542758,4.038782,3.261494,2.757555
2023-10-18,3.480503,3.983132,3.214838,2.724921
2023-10-19,3.457086,3.967438,3.202009,2.717186
2023-10-20,3.422884,3.949164,3.179575,2.702522
2023-10-23,3.417824,3.950605,3.168892,2.689137
2023-10-24,3.439471,4.007008,3.206014,2.729039
2023-10-25,3.409410,3.977269,3.183231,2.715034
2023-10-26,3.372593,3.925009,3.159865,2.699831
2023-10-27,3.337332,3.883301,3.121192,2.661889
2023-10-30,3.381172,3.947580,3.174730,2.707675
2023-10-31,3.347040,3.947224,3.183127,2.719064
2023-11-01,3.369672,3.986486,3.212235,2.737775
2023-11-02,3.426039,4.071101,3.268603,2.782411
2023-11-03,3.440542,4.092713,3.293481,2.797054
2023-11-06,3.441027,4.080476,3.292123,2.794922
2023-11-07,3.431829,4.058399,3.290211,2.793423
2023-11-08,3.432704,4.054078,3.292452,2.791991
2023-11-09,3.426691,4.032798,3.278405,2.778135
2023-11-10,3.468024,4.077812,3.322445,2.808648
2023-11-13,3.482384,4.092687,3.323591,2.811318
2023-11-14,3.507942,4.148595,3.372544,2.844398
2023-11-15,3.493816,4.157866,3.374632,2.847566
2023-11-16,3.505490,4.164546,3.389535,2.860064
2023-11-17,3.515931,4.178022,3.394477,2.862559
2023-11-20,3.527572,4.188921,3.410480,2.874793
2023-11-21,3.538420,4.188177,3.409191,2.878466
2023-11-22,3.532375,4.174196,3.414706,2.885742
2023-11-24,3.539559,4.185899,3.420615,2.894088
2023-11-27,3.529601,4.179201,3.414655,2.887100
2023-11-28,3.519121,4.185203,3.419170,2.892178
2023-11-29,3.506798,4.190642,3.419513,2.891014
2023-11-30,3.532285,4.223176,3.447138,2.921350
2023-12-01,3.533487,4.287559,3.470818,2.941605
2023-12-04,3.502100,4.270903,3.456812,2.931794
2023-12-05,3.502624,4.261441,3.448193,2.920894
2023-12-06,3.463612,4.224980,3.431233,2.908159
2023-12-07,3.467763,4.236473,3.440197,2.911708
2023-12-08,3.493945,4.270507,3.453104,2.916093
2023-12-11,3.487007,4.278475,3.459276,2.921625
2023-12-12,3.525980,4.286026,3.479331,2.933687
2023-12-13,3.514341,4.374684,3.512104,2.958230
2023-12-14,3.513787,4.513417,3.552005,2.983823
2023-12-15,3.506670,4.496200,3.541004,2.970345
2023-12-18,3.526612,4.515527,3.552176,2.980308
2023-12-19,3.534484,4.554162,3.569607,2.993303
2023-12-20,3.470177,4.459442,3.515381,2.948328
2023-12-21,3.501409,4.493326,3.537897,2.966498
2023-12-22,3.506813,4.506236,3.545729,2.974470
2023-12-26,3.514524,4.543426,3.561090,2.986301
2023-12-27,3.519175,4.555334,3.570006,2.992482
2023-12-28,3.512217,4.548705,3.573002,2.994727
2023-12-29,3.515707,4.531304,3.572181,2.996242
2024-01-02,3.518982,4.533340,3.587073,3.021307
2024-01-03,3.503602,4.459555,3.562479,3.007225
2024-01-04,3.509265,4.472680,3.564269,3.008743
2024-01-05,3.522428,4.506177,3.574013,3.015047
2024-01-08,3.562218,4.586808,3.605486,3.033209
2024-01-09,3.565919,4.584942,3.598386,3.026030
2024-01-10,3.578994,4.602313,3.610847,3.033856
2024-01-11,3.586886,4.587175,3.596728,3.019075
2024-01-12,3.574695,4.567723,3.599451,3.023713
2024-01-16,3.568481,4.567695,3.586381,3.010495
2024-01-17,3.551485,4.507118,3.565563,2.995995
2024-01-18,3.562074,4.520755,3.581982,3.005512
2024-01-19,3.584934,4.589614,3.609500,3.020657
2024-01-22,3.602281,4.621529,3.623274,3.032251
2024-01-23,3.620711,4.615486,3.650710,3.062154
2024-01-24,3.641956,4.628235,3.637717,3.044990
2024-01-25,3.657167,4.670316,3.669394,3.071630
2024-01-26,3.668871,4.663718,3.668920,3.074697
2024-01-29,3.701649,4.712905,3.687373,3.085578
2024-01-30,3.721921,4.735009,3.703460,3.099285
2024-01-31,3.684262,4.694347,3.669217,3.076119
2024-02-01,3.717331,4.743763,3.696430,3.095178
2024-02-02,3.750450,4.769264,3.708847,3.096062
2024-02-05,3.764872,4.760956,3.696381,3.078927
2024-02-06,3.784489,4.787439,3.722314,3.101207
2024-02-07,3.820068,4.791861,3.735553,3.107823
2024-02-08,3.822919,4.797442,3.729222,3.100611
2024-02-09,3.827141,4.810593,3.735517,3.100117
2024-02-12,3.840898,4.833501,3.750280,3.113175
2024-02-13,3.818579,4.790806,3.707604,3.081261
2024-02-14,3.835059,4.802429,3.718034,3.085493
2024-02-15,3.866765,4.850039,3.759211,3.121592
2024-02-16,3.870544,4.844055,3.754115,3.118199
2024-02-20,3.842614,4.799936,3.746992,3.120813
2024-02-21,3.852193,4.813169,3.765669,3.141440
2024-02-22,3.983756,4.931223,3.829024,3.175918
2024-02-23,3.983881,4.923466,3.830073,3.178029
2024-02-26,3.978446,4.893708,3.811385,3.159310
2024-02-27,3.949490,4.888724,3.805352,3.153167
2024-02-28,3.926712,4.885448,3.808774,3.156054
2024-02-29,3.928824,4.883172,3.813292,3.155697
2024-03-01,3.962520,4.912309,3.827105,3.162707
2024-03-04,3.983124,4.900107,3.829547,3.159610
2024-03-05,3.994225,4.846834,3.810072,3.145255
2024-03-06,4.032783,4.859702,3.824194,3.151813
2024-03-07,4.090156,4.901480,3.845638,3.163457
2024-03-08,4.044510,4.875335,3.834164,3.160108
2024-03-11,4.070954,4.900623,3.848531,3.179324
2024-03-12,4.127983,4.962050,3.881895,3.199006
2024-03-13,4.136923,4.944390,3.888440,3.204814
2024-03-14,4.119817,4.909435,3.869132,3.190009
2024-03-15,4.108696,4.908784,3.860128,3.181248
2024-03-18,4.112027,4.928438,3.866607,3.185009
2024-03-19,4.140411,4.965584,3.889765,3.201293
2024-03-20,4.151635,5.002211,3.916582,3.219588
2024-03-21,4.159236,4.994416,3.935349,3.232103
2024-03-22,4.184772,4.998687,3.926672,3.222715
2024-03-25,4.182923,4.989267,3.911730,3.212259
2024-03-26,4.168025,4.967013,3.907771,3.213671
2024-03-27,4.165668,5.018368,3.951957,3.252539
2024-03-28,4.173169,5.031198,3.961563,3.261221
2024-04-01,4.161077,5.012558,3.941349,3.245432
2024-04-02,4.131956,4.926785,3.911882,3.222249
2024-04-03,4.111006,4.958185,3.907559,3.212416
2024-04-04,4.063791,4.886556,3.865638,3.181445
2024-04-05,4.115984,4.952966,3.896978,3.201482
2024-04-08,4.093926,4.918133,3.886490,3.192210
2024-04-09,4.083324,4.910890,3.886464,3.195733
2024-04-10,4.083667,4.891531,3.847120,3.162618
2024-04-11,4.103193,4.960821,3.859047,3.162519
2024-04-12,4.050370,4.906145,3.803195,3.121093
2024-04-15,4.025815,4.855688,3.785678,3.112935
2024-04-16,4.058126,4.891501,3.774789,3.103103
2024-04-17,4.043023,4.856337,3.754211,3.096027
2024-04-18,4.068136,4.872516,3.762130,3.107209
2024-04-19,4.005931,4.759618,3.755430,3.118760
2024-04-22,4.051425,4.788625,3.778889,3.128482
2024-04-23,4.083998,4.852022,3.814733,3.154238
2024-04-24,4.065175,4.836201,3.807902,3.152450
2024-04-25,4.090597,4.798296,3.790082,3.136303
2024-04-26,4.113850,4.886666,3.812915,3.146007
2024-04-29,4.127856,4.910431,3.832751,3.161619
2024-04-30,4.091738,4.793841,3.776609,3.120084
2024-05-01,4.047127,4.787905,3.775932,3.129062
2024-05-02,4.048602,4.860577,3.790844,3.134877
2024-05-03,4.085904,4.912306,3.830402,3.158304
2024-05-06,4.130644,4.956347,3.853842,3.173065
2024-05-07,4.130336,4.985848,3.866963,3.185280
2024-05-08,4.125087,4.973616,3.872577,3.190449
2024-05-09,4.138346,5.017979,3.906539,3.218665
2024-05-10,4.163630,5.046207,3.925863,3.235226
2024-05-13,4.167655,5.058381,3.936106,3.243273
2024-05-14,4.172827,5.084607,3.949407,3.250844
2024-05-15,4.212692,5.153635,3.986100,3.275726
2024-05-16,4.210130,5.138573,3.985901,3.278859
2024-05-17,4.208984,5.152278,3.995193,3.286765
2024-05-20,4.216045,5.182946,3.984277,3.272299
2024-05-21,4.229138,5.178510,3.994596,3.278992
2024-05-22,4.204075,5.161064,3.977397,3.269754
2024-05-23,4.235199,5.141482,3.946636,3.232595
2024-05-24,4.255569,5.127722,3.957063,3.233940
2024-05-28,4.298836,5.149189,3.956690,3.222373
2024-05-29,4.271241,5.092321,3.926127,3.195744
2024-05-30,4.254720,5.070449,3.933734,3.209669
2024-05-31,4.306381,5.124290,3.982352,3.253319
2024-06-03,4.325285,5.113899,3.976593,3.246493
2024-06-04,4.351268,5.130722,3.995928,3.264539
2024-06-05,4.398044,5.215930,4.017591,3.271849
2024-06-06,4.408114,5.210423,4.017525,3.275370
2024-06-07,4.380438,5.210871,4.010178,3.266450
2024-06-10,4.388536,5.235160,4.011449,3.265949
2024-06-11,4.380200,5.243890,4.016203,3.268090
2024-06-12,4.378760,5.312787,4.020944,3.260346
2024-06-13,4.417713,5.352120,4.036951,3.270280
2024-06-14,4.424642,5.349318,4.031942,3.265489
2024-06-17,4.419033,5.366799,4.045765,3.274554
2024-06-18,4.458118,5.395521,4.061414,3.284437
2024-06-20,4.439091,5.365757,4.061695,3.291011
2024-06-21,4.413427,5.338841,4.047134,3.285844
2024-06-24,4.400531,5.290580,4.071314,3.314480
2024-06-25,4.445523,5.337313,4.069213,3.303809
2024-06-26,4.451294,5.339802,4.072702,3.305561
2024-06-27,4.435098,5.336223,4.067956,3.301828
2024-06-28,4.432262,5.343000,4.084519,3.316441
2024-07-01,4.398588,5.352217,4.087455,3.314075
2024-07-02,4.388135,5.350960,4.097518,3.320014
2024-07-03,4.432184,5.402442,4.113692,3.326342
2024-07-05,4.416818,5.402231,4.117384,3.332067
2024-07-08,4.421674,5.410511,4.120161,3.331176
2024-07-09,4.421587,5.422417,4.122598,3.330677
2024-07-10,4.471617,5.513887,4.174334,3.370138
2024-07-11,4.432049,5.472949,4.162618,3.368135
2024-07-12,4.471228,5.496808,4.183208,3.384311
2024-07-15,4.473391,5.523396,4.206722,3.396308
2024-07-16,4.527306,5.556161,4.266882,3.450280
2024-07-17,4.520288,5.528703,4.285283,3.484553
2024-07-18,4.537683,5.534313,4.252777,3.458420
2024-07-19,4.490888,5.479494,4.224164,3.438000
2024-07-22,4.518909,5.563175,4.228651,3.426765
2024-07-23,4.487105,5.524267,4.214804,3.412858
2024-07-24,4.449984,5.400860,4.176519,3.404428
2024-07-25,4.455431,5.371833,4.164556,3.402195
2024-07-26,4.501949,5.436967,4.211222,3.438985
2024-07-29,4.475305,5.410939,4.190715,3.422575
2024-07-30,4.396952,5.364369,4.190411,3.428115
2024-07-31,4.493934,5.472480,4.224631,3.437581
2024-08-01,4.415248,5.384737,4.194756,3.432021
2024-08-02,4.432110,5.381265,4.166027,3.426761
2024-08-05,4.298733,5.177079,4.049032,3.339165
2024-08-06,4.338429,5.197766,4.083202,3.357464
2024-08-07,4.306823,5.155816,4.074321,3.357447
2024-08-08,4.395873,5.264566,4.140185,3.401855
2024-08-09,4.391435,5.285034,4.149601,3.408241
2024-08-12,4.422718,5.334423,4.145227,3.398202
2024-08-13,4.493547,5.429703,4.191117,3.424272
2024-08-14,4.528067,5.466691,4.217131,3.443510
2024-08-15,4.582223,5.545878,4.246904,3.458179
2024-08-16,4.592071,5.561386,4.257199,3.466964
2024-08-19,4.636303,5.620632,4.283225,3.482185
2024-08-20,4.594194,5.598553,4.271428,3.477506
2024-08-21,4.595938,5.613378,4.278798,3.483589
2024-08-22,4.565595,5.547326,4.266225,3.478478
2024-08-23,4.642463,5.636767,4.321056,3.516317
2024-08-26,4.665676,5.620843,4.335359,3.533596
2024-08-27,4.678757,5.638105,4.344598,3.538233
2024-08-28,4.650635,5.598807,4.325531,3.528557
2024-08-29,4.617219,5.561959,4.327340,3.536946
2024-08-30,4.643331,5.595573,4.361447,3.563709
2024-09-03,4.540128,5.532286,4.296205,3.536010
2024-09-04,4.515785,5.522294,4.276698,3.520281
2024-09-05,4.482934,5.491221,4.247116,3.491614
2024-09-06,4.437307,5.432297,4.198087,3.459680
2024-09-09,4.499722,5.499482,4.262494,3.510470
2024-09-10,4.488608,5.525939,4.249371,3.502913
2024-09-11,4.520082,5.548282,4.268998,3.502753
2024-09-12,4.553821,5.562469,4.286485,3.513677
2024-09-13,4.577961,5.571332,4.304027,3.530180
2024-09-16,4.592401,5.560083,4.323244,3.552544
2024-09-17,4.577926,5.571225,4.315678,3.543313
2024-09-18,4.560486,5.548225,4.295986,3.528332
2024-09-19,4.599761,5.624136,4.351147,3.556779
2024-09-20,4.594745,5.583523,4.339041,3.554123
2024-09-23,4.613801,5.579037,4.346514,3.558583
2024-09-24,4.658573,5.577027,4.370772,3.571553
2024-09-25,4.651386,5.558898,4.352679,3.553699
2024-09-26,4.654049,5.563537,4.367573,3.563722
2024-09-27,4.674281,5.569160,4.376974,3.575925
2024-09-30,4.689018,5.607730,4.388375,3.584787
2024-10-01,4.673353,5.575339,4.355886,3.568169
2024-10-02,4.702730,5.568417,4.358790,3.567096
2024-10-03,4.726273,5.544755,4.340775,3.548624
2024-10-04,4.760001,5.550783,4.366129,3.562353
2024-10-07,4.756876,5.493212,4.337876,3.536125
2024-10-08,4.753121,5.513423,4.354144,3.544438
2024-10-09,4.787255,5.583234,4.394022,3.576067
2024-10-10,4.814821,5.588374,4.394321,3.574102
2024-10-11,4.838481,5.619324,4.435964,3.605888
2024-10-14,4.874676,5.660044,4.463410,3.626759
2024-10-15,4.723919,5.580264,4.428261,3.604013
2024-10-16,4.785780,5.643070,4.469588,3.630984
2024-10-17,4.776834,5.611441,4.459607,3.622320
2024-10-18,4.792631,5.644394,4.475608,3.635092
2024-10-21,4.812905,5.601277,4.452648,3.610742
2024-10-22,4.811621,5.621392,4.447949,3.601962
2024-10-23,4.748220,5.602382,4.430218,3.595391
2024-10-24,4.735979,5.511394,4.403086,3.567296
2024-10-25,4.736870,5.481226,4.377960,3.544186
2024-10-28,4.733849,5.477249,4.393156,3.556035
2024-10-29,4.694587,5.440392,4.366996,3.530738
2024-10-30,4.665747,5.435084,4.352185,3.522048
2024-10-31,4.606599,5.389073,4.290501,3.485534
2024-11-01,4.614676,5.398582,4.297403,3.485929
2024-11-04,4.638572,5.369366,4.283889,3.474179
2024-11-05,4.693647,5.404140,4.322123,3.500177
2024-11-06,4.788008,5.425416,4.445540,3.576712
2024-11-07,4.805528,5.451359,4.442700,3.572872
2024-11-08,4.791475,5.484441,4.445012,3.578307
2024-11-11,4.764857,5.460488,4.442665,3.576760
2024-11-12,4.768901,5.416291,4.440926,3.570445
2024-11-13,4.748929,5.443186,4.452437,3.581094
2024-11-14,4.746435,5.390126,4.435449,3.564789
2024-11-15,4.699009,5.362595,4.416826,3.560188
2024-11-18,4.702735,5.382109,4.426833,3.571668
2024-11-19,4.735106,5.366487,4.420090,3.558740
2024-11-20,4.752184,5.408741,4.434750,3.575032
2024-11-21,4.808699,5.428404,4.469354,3.604770
2024-11-22,4.813865,5.447744,4.493715,3.626852
2024-11-25,4.794045,5.514911,4.516649,3.650926
2024-11-26,4.801595,5.520265,4.527980,3.659871
2024-11-27,4.777309,5.535197,4.522290,3.657756
2024-11-29,4.807543,5.530067,4.540687,3.668772
2024-12-02,4.796584,5.516090,4.527462,3.656964
2024-12-03,4.771047,5.488826,4.513419,3.638703
2024-12-04,4.772567,5.462339,4.500572,3.617452
2024-12-05,4.748611,5.457906,4.475635,3.597750
2024-12-06,4.683620,5.432257,4.444307,3.570682
2024-12-09,4.656385,5.450841,4.442676,3.569891
2024-12-10,4.615878,5.398884,4.425611,3.563745
2024-12-11,4.602364,5.389493,4.405475,3.536869
2024-12-12,4.557405,5.381944,4.385978,3.524684
2024-12-13,4.529314,5.354744,4.368528,3.514955
2024-12-16,4.468257,5.313276,4.334189,3.480752
2024-12-17,4.432062,5.329973,4.321416,3.475053
2024-12-18,4.378619,5.203415,4.234870,3.415224
2024-12-19,4.365952,5.170803,4.219897,3.399455
2024-12-20,4.417026,5.218924,4.266783,3.429769
2024-12-23,4.456887,5.238079,4.284919,3.440526
2024-12-24,4.475497,5.274474,4.314102,3.461080
2024-12-26,4.483906,5.278917,4.326698,3.470803
2024-12-27,4.453019,5.235679,4.293106,3.448924
2024-12-30,4.427596,5.197576,4.258895,3.419162
